keyword,title,link,summary,date
부동산 정책,"오세훈 ""부동산 정책, 거시경제 분석해 좀 더 정교하게""",https://www.newsis.com/view/NISX20250327_0003116022,"오세훈 서울시장이 토지거래허가구역 논란과 관련해 더 정교한부동산 정책을 펴겠다고 27일 밝혔다. 서울시에 따르면 오 시장은 이날 ""앞으로 토지거래허가구역을 포함한 주요부동산 정책추진 시 주택 시장과 거시 경제 동향을 체계적으로 분석해 정확한 판단과 예측으로 시민 경제와 일상을 좀 더 정교하게...",
부동산 정책,"우리금융 ""부동산 PF 시장 안정화 대응 방안 적극 추진""",https://www.yna.co.kr/view/AKR20250328127300002?input=1195m,"우리금융은 특히 저축은행 PF 대출 정리와 재구조화를 위해 추진하는 '저축은행업권 공동펀드' 참여를 검토하고 있다고 전했다. 우리금융은 ""향후부동산PF정책에 발맞춰 민간 자율사업 재구조화 등부동산시장 안정화에 적극적으로 참여할 예정""이라고 강조했다.",
부동산 정책,“부동산으로 흘러간 대출 ‘2682조원’”… 절반은 가계대출,http://www.segye.com/newsView/20250327513865?OutUrl=naver,특히 가계부동산대출 중정책금융이 차지하는 비중은 지난 2020년 말 17.0%에서 지난해 말 23.7%까지 꾸준히 상승했다. 일반기업부동산담보대출 잔액은 지난해 말 기준 694조2000억원으로 집계됐다. 비주담대를 중심으로 큰 폭으로 늘면서 1년 전보다 11.3% 증가했다.부동산·건설업종 기업 대출은 1.8...,
부동산 정책,"“원리금 갚다 허리 휘겠네”…부동산 대출 ‘2682조원’, 절반이 가계대출",https://www.mk.co.kr/article/11277237,가계부동산대출 중정책금융이 차지하는 비율은 2020년 말 17.0%에서 작년 말 23.7%까지 상승했다. 일반기업부동산담보대출 잔액은 지난해 말 기준 694조2000억원으로 집계됐다. 비주담대를 중심으로 큰 폭으로 늘면서 1년 전보다 11.3% 증가했다.부동산·건설업종 기업 대출은 1.8% 늘어난 623조3000억원으로...,
부동산 정책,"토허제 실책 수습 나선 서울시, 부동산 정책 조직 개편한다",http://www.edaily.co.kr/news/newspath.asp?newsid=04004886642107584,"(사진=서울시) 신선종 서울시 대변인은 이날 오후 공식 입장을 통해 “서울시는 토허구역 지정·해제와 같이 서울시민의 삶과 경제에 상당한 영향을 미칠 수 있는부동산 정책추진 시 사전 검증체계를 강화하고, 관련 조직의 전문성 보강을 주요 내용으로 하는 개선대책을 수립 중에 있다”고 했다. 세부...",
부동산 정책,"우리금융, 부동산PF 시장 안정화 지원…총 4개 펀드 2000억 출자",https://www.news1.kr/finance/general-finance/5735244,"우리금융 관계자는 ""부동산시장의 조속한 안정을 위한 지원정책을 계속 모색하는 중이다""며 ""향후부동산PF정책에 발맞춰 민간자율사업 재구조화 등부동산시장 안정화에 적극적으로 참여할 예정이다""고 밝혔다. 이밖에도 우리금융은 한국자산관리공사가 지난해 조성한 PF 부실 우려 사업장 재구조화...",
부동산 정책,"누구는 자가로, 누구는 월세로…사회 초년생 부동산도 양극화?",https://www.hankyung.com/article/2025032716497,"경제적 여력이 있는 청년들은 전세에서 자가로, 그렇지 못한 청년들은 전세에서 월세로 이동하며 양극화가 심해졌다는 의미다. 보고서는 다만 ""자가 소유 비율은 역대부동산 정책변화와 경제 상황이 복합적으로 작용한 결과""라며 ""해석에 주의할 필요가 있다""고 덧붙였다.",
부동산 정책,"오세훈, 정책 실책 만회 나서… 시장 분석 전담 조직 설치",https://www.moneys.co.kr/article/2025032809063671159,"토지거래허가구역 확대 재지정 여파로 뭇매를 맞은 서울시가부동산 정책과 시장 동향을 분석하는 전담 조직을 신설한다. 서울시는 27일 공식 입장을 통해 ""토지거래허가구역 지정·해제와 같이 시민의 삶과 경제에 상당한 영향을 미칠 수 있는부동산 정책추진 시 사전 검증 체계를 강화한다""며 ""관련 조직의...",
부동산 정책,서울은 누르고 지방은 띄우고…혼돈의 부동산 시장[부릿지],http://news.mt.co.kr/mtview.php?no=2025032716355378557,"들썩이는 서울부동산시장과 침체된 지방부동산경기,정책들이 어떻게 영향을 미칠지 알아보겠습니다. 토허제 재지정 먼저 토허제 재지정입니다. 서울시가 지난달 풀었던 토허제를 약 35일만에 다시 지정하면서 지정범위를 넓혔습니다. 강남, 서초, 송파 즉 강남3구에다가 용산구까지 4개 구의 모든 아파트가...",
부동산 정책,"100억 한 채는 괜찮고...""너무 억울하다"" 40년간 변하지 않은 이것 [부동산 아토즈]",http://www.fnnews.com/news/202503281432139879,"부동산가격 상승 주범이자 '죄인'으로 분류되기도 한다. 취득세·종부세는 물론 양도세가 중과세 되는 것이 대표적인 예이다. 2주택 이상을 다주택자로... 이의 일환으로 국토연구원은 ‘다주택자 규제정책의 전환 필요성과 과제' 보고서를 발간 한 바 있다. 골자는 인구 및 자가 점유율, 지역 쇠퇴 상황을...",
부동산 정책,"“이제 떨어진다던 집값, 이게 무슨 일”...더 강하게 돌아온 부동산 규제, 효과는 글쎄 [부동산 이기자]",https://www.mk.co.kr/article/11271595,3.19부동산대책 쉽게보기 더 강하게 돌아온 ‘토허제’ 불붙던 거래는 줄겠지만 전셋값 상승·풍선효과 우려 그래도 집값 계속 오르면 조정대상... 이은형 대한건설정책연구원 연구위원 역시 비슷한 입장입니다. 이 연구위원은 “오는 9월까지 6개월 동안 토허구역을 지정하더라도 근본적인 문제가 남는다”며...,
부동산 정책,[단독] 부동산 직거래 줄었지만 허위매물은 2년새 43% 급증,https://www.munhwa.com/news/view.html?no=2025032801070105238001,"28일 한국인터넷자율정책기구가 운영하는부동산매물 클린관리센터 통계를 살펴본 결과, 온라인에 올라온 허위매물은 지난해 2만1553건으로 2년 전인 2022년(1만5086건) 대비 42.86% 증가한 것으로 나타났다.부동산직거래가 감소세로 돌아섰음에도 사기 위험성은 커진 것이다. 국토교통부에 따르면...",
부동산 정책,"우리금융, 부동산 PF시장 안정화 적극 지원",http://www.whitepaper.co.kr/news/articleView.html?idxno=244747,"참여를 검토하는 등부동산PF시장 안정화를 위한 지원을 지속할 계획이다. 우리금융 관계자는 ""우리금융은부동산시장의 조속한 안정을 위한 지원정책을 계속 모색하는 중""이라며 ""향후부동산PF정책에 발맞춰 민간자율사업 재구조화 등부동산시장 안정화에 적극적으로 참여할 예정""이라고 밝혔다.",
부동산 정책,"삼성 이재용·SK 곽노정, 시진핑 만났다…中 외국기업 정책 청취",https://biz.heraldcorp.com/article/10452840?ref=naver,"시 주석과 CEO들 간 회동은부동산위기와 투자·소비심리 약화, 외국인 투자 감소 와중에 도널드 트럼프 미국 행정부의 ‘관세 폭탄’에 직면한 중국이... 이어 2년 연속 중국발전포럼을 찾았다. 곽 사장은 작년 포럼에서 왕원타오 중국 상무부장을 만나 중국의 경영 환경 및정책변화 등을 논의한 바 있다.",
부동산 정책,"황건일 금통위원 ""부동산이 통화정책 제약 않아야…정책공조 필요""",http://news.mt.co.kr/mtview.php?no=2025032706585827816,"황건일 한국은행 금융통화위원은 27일 ""부동산시장과 가계부채 상황이 경기 하방압력을 완화하기 위한 통화정책운용을 제약하지 않게 거시건전성 관리를 위한 긴밀한정책공조가 중요하다""고 밝혔다. 황 위원은 이날 한은이 발표한 '금융안정 상황' 보고서 주관위원 메시지에서 ""최근 서울 일부 지역의 빠른...",
부동산 정책,"“억울한 빌라 주인들 구제”…서울시, 신통 현금청산자 140가구 분양권 받게 해줘[부동산360]",https://biz.heraldcorp.com/article/10452787?ref=naver,정비사업정책자문위원회의 열어 권리산정기준일 조정 동작구·중랑구·강북구 빌라 10개동 대상 다른 자치구들도 권리산정일 조정 신청 나설 듯 서울... 28일 서울시와 구청들에 따르면 시는 지난 19일 정비사업정책자문위원회의를 열고 동작구·중랑구·강북구 내에서 신통기획 선정 과정에서 현금청산을...,
부동산 정책,"'토허제 논란' 수습한 서울시, 부동산 조직 확대 개편 추진",https://www.mediapen.com/news/view/1001615,"오세훈 서울시장./사진=서울시 신선종 서울시 대변인은 27일 성명을 내고 ""토지거래허가구역 지정·해제와 같이 시민의 삶과 경제에 상당한 영향을 미칠 수 있는부동산 정책추진 시 사전 검증 체계를 강화한다""며 ""관련 조직의 전문성 보강을 주요 내용으로 하는 개선 대책을 수립 중""이라고 밝혔다. 앞서 오세훈...",
부동산 정책,"[아유경제_부동산] 서울시 ""부동산 정책 조직 개선 착수""",http://www.areyou.co.kr/news/articleView.html?idxno=88295,서울시가 이달 27일 토지거래허가구역 지정 및 해제 이후 전문성 보강을 위해부동산 정책관련 기존 조직을 전담 조직 등으로 확대 개편한다고 밝혔다. 다음은 서울시 성명 전문. 서울시는 토지거래허가구역 지정ㆍ해제와 같이 서울시민의 삶과 경제에 상당한 영향을 미칠 수 있는부동산 정책추진 시 사전...,
부동산 정책,"우리금융, 부동산 PF시장 안정화 힘쓴다···저축은행업권 공동펀드 참여 검토",https://www.thereport.co.kr/news/articleView.html?idxno=61222,"우리금융 관계자는 ""부동산시장의 조속한 안정을 위한 지원정책을 계속 모색하고 있다""며 ""앞으로부동산PF정책에 발맞춰 민간자율사업 재구조화 등부동산시장 안정화에 적극적으로 참여하겠다""고 했다. 한편, 저축은행 PF대출 정리와 재구조화를 위해 추진하는 '저축은행업권 공동 펀드'에...",
부동산 정책,"'오쏘공' 집값대란에 서울시, 부동산정책 조직 손본다 … 전문성·소통↑",https://biz.newdaily.co.kr/site/data/html/2025/03/27/2025032700336.html,"뉴데일리 임정환 기자 = 토지거래허가구역(토허구역) 해제와 확대 재지정 과정에서 정책 판단 미스로 홍역을 치른 서울시가부동산정책조직을 개편한다고 27일 밝혔다. 신선종 시 대변인은 이날 성명서를 내고 ""오세훈 시장이 앞으로 토허구역 등 주요부동산정책추진 시 주택시장과 거시경제 동향을 체계적으로...",
부동산 정책,"수도권, 지방 극과 극 부동산 규제… ‘힐스테이트 두정역’ 수혜 기대",https://biz.heraldcorp.com/article/10452403?ref=naver,"이 같은 상황 속에서 이달 초 입주를 시작한 ‘힐스테이트 두정역’은 지방부동산활성화정책의 직접적인 수혜를 받을 것으로 기대된다. 해당 단지는 총 997세대 규모로, 계약금 5% 정액제 혜택을 제공해 초기 부담을 줄였다. 수도권전철 1호선 두정역을 걸어서 이용할 수 있으며, 희망초, 북일고 등 학군도 잘...",
부동산 정책,미래도시펀드 조성 정책 설명회 개최…총 12조 규모,https://www.etoday.co.kr/news/view/2456309,"이날 서울 콘래드호텔에서 열리는 이번 투자정책설명회는 본격적인 미래도시펀드 투자자 모집에 앞서 노후계획도시정책과 미래도시펀드의 구조·지원내용 등을 설명하고자 마련된 자리다. 이날 HUG와 한국금융투자협회는 미래도시펀드 조성 지원,부동산금융산업 활성화를 위해 업무협약(MOU)도 체결한다....",
부동산 정책,"[올댓차이나] 홍콩 증시, 美 관세정책·이익매물에 반락 마감…H주 0.82%↓",https://www.newsis.com/view/NISX20250328_0003118229,"홍콩 증시는 28일 미국 관세정책에 대한 우려와 이익확정 매물 출회로 3거래일 만에 반락 마감했다. 항셍지수는 이날 전일 대비 152.20 포인트... 18%, 복합기업주 청쿵 허치슨(CK),부동산주 헨더슨랜드 1.10%, 카오룽창 치업 0.94% 내렸다. 반면 실적 호조의 한썬제약은 6.55% 치솟고 의약품주...",
부동산 정책,"부동산경제포럼 ""2025 부동산 정책과 전망"" 오는 4일(금) 개최",https://www.apnews.kr/news/articleView.html?idxno=3032956,"다가오는 2025년 4월 4일(금) 오후 3시, 경상남도 사천시에서 부동산 분야의 주요 이슈와 향후 전망을 다루는 '2025부동산 정책과 전망' 강연회가 개최된다. 이번 강연회는 더갤러리하우스(주),법무법인해송, 동현회계법인, 주연도시미학이 주관하고, 인앤월드(주), (주)로뎀, 민우건축사사무소가 후원사로 참여해...",
부동산 정책,"우리금융그룹, 부동산 PF 시장 안정화 위한 대응방안 추진 선언",https://www.greened.kr/news/articleView.html?idxno=324938,"우리금융그룹 관계자는 ""우리금융은부동산시장의 조속한 안정을 위한 지원정책을 계속 모색하는 중""이라며 ""향후부동산PF정책에 발맞춰 민간자율사업 재구조화 등부동산시장 안정화에 적극적으로 참여할 예정""이라고 밝혔다. 이밖에도 우리금융그룹은 2024년 한국자산관리공사가 조성한 PF 부실...",
부동산 정책,"한동훈, 오세훈 겨냥 ""우왕좌왕 부동산 정책은 국민 불안하게 해""",https://www.newsis.com/view/NISX20250320_0003106203,"스스로 뒤집은 것처럼, 우왕좌왕하는부동산 정책은 국민의 삶을 불안하게 한다""고 적었다. 이어 ""29번의 줄탄핵 못지 않게 국민의 삶에는 문재인 정부 28번의부동산정책이 위협적이었다는 사실을 기억해야 한다""며 ""서울시는 국민들의 고통과 혼란이 더 커지지 않도록 제대로 수습해 주길 바란다""고 했다．",
부동산 정책,[기고] 역사와 경험에 담긴 부동산 정책 성공 비법,https://www.meconomynews.com/news/articleView.html?idxno=110200,"통제와 억압으로는 부동산 문제 해결 어려워 여론 흐름만 따라서는 정치꾼에 불과할 뿐 [시장경제=권혁철 자유시장연구소 소장] 권혁철 자유시장연구소 소장 정부와 서울시의 최근의부동산 정책행보에 관해 논란이 한창이다. 국토교통부와 서울시는 2월 잠실, 삼성, 대치, 청담동 지역의 토지거래허가구역...",
부동산 정책,한투證 “밸류업 정책 추진에 은행채·여전채 발행 수요 둔화 전망”,http://www.edaily.co.kr/news/newspath.asp?newsid=03614566642107912,우선 은행권은 위험가중자산 관리모드와 밸류업정책강화로 인해 은행채 발행 수요가 적을 것으로 내다봤다. 김 연구위원은 “4대 은행지주가 밸류업... 그는 “여전사 경영환경 측면에서도 카드사는 연체율이 상승하고 있고 캐피탈사는부동산프로젝트파이낸싱(PF) 정리작업이 아직 진행 중인 점도 여전업계...,
부동산 정책,부동산 대출 작년 2681조… 가계 비중이 절반,https://www.donga.com/news/Economy/article/all/20250327/131298341/2,"특히 가계대출에서 서민, 신혼부부 등을 위한 주담대 상품인정책금융 비중이 2020년 말 17.0%에서 지난해 말 23.7%로 급증했다. 한은은 “주담대를 중심으로 가계부동산대출이 꾸준히 증가하는 등 일부 부문에서는 잠재 리스크 누적이 여전히 진행되고 있다”며 “부동산금융이 과도하게 확대되면...",
부동산 정책,"[전남소식]부동산원, 광주·전남 시장동향 간담회 등",https://www.newsis.com/view/NISX20250326_0003114793,"특히부동산시장에서 가장 공신력 있는 데이터를 제공하는 한국부동산원과 협력해 데이터 기반 시장분석과 정확한 시세 산정을 위한 구체적인 방안을 마련하는데 중점을 뒀다. ◇전남도, 생활공감정책참여단 104명 위촉 전남도가 26일 국립 목포대 남악캠퍼스에서 제10기 전남도 생활공감정책참여단...",
부동산 정책,부동산 둘러싼 혼란한 청기백기 게임 [기자수첩],https://news.mtn.co.kr/news-detail/2025032715072935780,"그러면서도 토허제 해제 당시에는 가격 급등기가 아니었고, 정상적인 거래를 활성화하고 매수·매도자 간 자유로운 거래를 촉진하기 위한 결정이었다고 말했는데요.정부와 서울시의 오락가락정책에부동산시장도 혼란이 불가피했습니다. 시행일(24일) 전까지 팔기 위해 시세보다 수억을 낮춘 급매물이...",
부동산 정책,지난해 상위 1% ‘부동산 부자’ 기준 30억…5년새 5억 넘게 급등,https://www.donga.com/news/Economy/article/all/20250323/131260094/1,"지난해 상위 1%에 속하는 ‘부동산부자’가 되려면 30억 원 이상을 소유해야 하는 것으로 나타났다. 5년 새 상위 1%의 기준선은 5억 원 넘게... 세전·세후 지니계수 개선율이 높을수록 세금, 연금, 복지 등 소득재분배정책이 소득불평등을 줄이는 역할을 강하게 수행하고 있다는 의미다. 윤석열...",
부동산 정책,온탕 냉탕 부동산 정책… 강남·용산 갭투자 다시 막는다,http://www.segye.com/newsView/20250319507822?OutUrl=naver,그러나 해제 후 한 달여 만에 더 강한 규제를 도입한 것은정책신뢰도를 떨어뜨릴 수 있다는 비판이 나온다. 박상우 국토교통부 장관은 이에 대해... 토지거래허가제는 투기 우려가 있는 지역에서 일정 규모 이상의부동산을 거래할 때 관할 지자체장의 허가를 받도록 하는 제도다. 이번 조치로 인해 해당...,
부동산 정책,잠삼대청 집값 달궜던 '토지거래허가구역'[주간 부동산 키워드],https://www.newsis.com/view/NISX20250321_0003107513,"토허제 해제가 손바닥 뒤집듯 번복되면서 일관성 없는 정책에 시장은 혼란에 휩싸였고, 일선 현장에선 정부의부동산 정책의 신뢰도가 하락하고, 정책의 실효성에 의문을 제기하는 목소리가 커지고 있다. 오세훈 서울시장은 ""강남을 중심으로 부동산 시장의 변동성이 커졌다는 지적을 겸허히 받아들인다""며...",
부동산 정책,'상위 1% 부동산 부자'는 얼마가 있어야 할까?,http://weekly.chosun.com/news/articleView.html?idxno=40615,최근 5년 사이부동산자산 기준 상위 1%에 포함되기 위한 문턱이 5억원 넘게 높아진 것으로 나타났다. 같은 기간 중위 가구의 자산은 불과 2000만원... 지니계수 개선율이란 정부의 세금 및 복지정책이 소득 불평등을 얼마나 완화시키는지를 나타내는 지표로 윤 정부가 재정 건전성을 핵심...,
부동산 정책,[단독] 박현주 “中 AI도시 7개 만들 동안 한국은 부동산에 갇혀”,https://www.mk.co.kr/article/11271411,그는 “중국 정부는 헝다그룹 같은 곳을 부도낼 만큼 강력한부동산통제정책을 썼다”면서 “중국이 10년간부동산을 억제하고 기술굴기하는 동안 한국은정책과 자본 모두부동산담론에 갇혀 있었다”고 한탄했다. 이어 “알파고와 이세돌 9단의 대국 이후로 중국은 모든 기업이 인공지능(AI)에 투자를 늘린...,
부동산 정책,"2%대 정책 대출 있는데 지분형 모기지?…""실효성 낮다""",https://www.news1.kr/realestate/general/5732699,다만 전문가들은 현재 2~3%대 저금리의 다양한정책대출이 있는 데다 금리 인하 추세로 접어들고 있어 실효성이 낮다는 지적을 내놓고 있다. 27일부동산업계에 따르면 금융위원회는 한국은행·한국주택금융공사 등과 지분형 모기지 도입을 위한 논의에 착수했다. 지분형 모기지는 개인과 기관이 주택의 지분을...,
부동산 정책,오락가락 정부 지침에 속타는 은행권[혼돈의 부동산③],https://magazine.hankyung.com/business/article/202503205665b,"이어 “거시 건전성을 따져야 할 대출 규제책이부동산안정화정책으로 쓰이고 있다”며 “‘똘똘한 한 채’를 조정하는정책은 건드리지 않으니 서울로만 수요가 몰린다. 세금을 조정하든가, 타이트하게 DSR을 유지하든가,부동산이 크게 오를 일이 없을 정도의 공급정책이 나올 거라는 확신을 주거나...",
부동산 정책,부동산 시장의 새로운 기회를 발견하다...’2025 부동산 정책과 전망’ 강연회 내달 4일 개최,https://www.etoday.co.kr/news/view/2456945,"이투데이=이령 기자 | 내달 4일 오후 3시, 경상남도 사천시에서 부동산 분야의 주요 이슈와 전망을 다루는 '2025부동산 정책과 전망' 강연회가 개최된다. 이번 강연회는 더갤러리하우스, 법무법인해송, 동현회계법인, 주연도시미학이 주관하고, 인앤월드, 로뎀, 민우건축사사무소가 후원사로 참여한다. 강연회는...",
부동산 정책,"부동산원, 에티오피아에 부동산 가격공시제도·시스템 전수",https://www.yna.co.kr/view/AKR20250321070300003?input=1195m,"손태락 부동산원 원장은 ""한국의 선진화된부동산 정책과 제도의 우수성을 인정받아 아시아뿐만 아니라 아프리카 주요국에도 전파하게 됐다""며 ""더 다양한 지역과 국가를 대상으로 부동산 행정 인프라의 해외시장 진출을 지속적으로 확대해 나가겠다""고 밝혔다.",
부동산 정책,상업시설·오피스텔 '휘청'… 부동산 불황 속 서울 아파트 웃었다,https://www.moneys.co.kr/article/2025032009034855681,"정수민 부동산플래닛 대표는 ""서울 아파트 시장에서 거래량과 거래금액이 모두 증가하는 흐름이 나타났다""며 ""정부의부동산 정책변화, 설 연휴와 탄핵 정국으로 정치 불확실성이 수요를 위축시킨 가운데 서울 아파트는 지역 간 유형 간 양극화가 심화 중""이라고 분석했다.",
부동산 정책,"최상목 ""편법증여 등 부동산 탈세 엄정 대응"" 지시",http://www.wowtv.co.kr/NewsCenter/News/Read?articleId=A202503260532&t=NN,"최상목 경제부총리 겸 기획재정부 장관이 ""과열 지역을 중심으로 편법 증여, 가장매매, 다운계약 등부동산관련 탈세에 엄정히 대응하라""고 국세청장에게... 최 부총리는 ""미국 신정부의 관세정책영향이 현실화하는 등 통상환경 불확실성이 가중되는 상황으로 수출기업에 대한 관세청의 지원 노력이 중요하다...",
부동산 정책,“토허제 다시 묶인대” 급매 쏟아지자 서울 아파트 상승폭 내렸다[부동산360],https://biz.heraldcorp.com/article/10451733?ref=naver,강남3구와 용산구의 2200개 단지에 토지거래허가제(토허제)가 재개되는 등 주택정책혼선으로 급매 매물이 잇따라 계약된 데 따른 것으로 풀이된다. 27일 한국부동산원이 발표한 ‘2025년 3월 넷째 주 주간 아파트가격 동향’에 따르면 서울 주간 아파트 매매가격은 0.11% 상승했다. 이는 전주(0.25%)보다...,
부동산 정책,‘똘똘한 한 채’ 끝? 다주택자 중과세 폐지… 지방 부동산 들썩이나,http://www.segye.com/newsView/20250318507621?OutUrl=naver,"더불어 현재 헌법재판소의 윤석열 대통령 탄핵 심판이 진행 중으로, 정치적 불확실성이 정책 추진에 변수로 작용할 가능성이 크다. 탄핵 선고 결과에 따라 정권 운영이 흔들릴 경우,부동산 정책의 방향성이 변할 수 있으며, 당정 간 협의 과정 또한 지연될 우려가 있다.",
부동산 정책,"""토허제 해제 여파 예측 오판…정책 실패로 혼란 가중""[토허제 확대 지정]➁",https://www.newsis.com/view/NISX20250321_0003108578,서울시가 잠·삼·대·청(잠실·삼성·대치·청담) 토지거래허가구역을 해제한 지 한 달여 만에 번복하고 강남3구와 용산구까지 규제를 확대 적용하는 '오락가락' 행보를 보이자부동산시장정책신뢰도가 바닥까지 추락했다는 비판이 줄을 잇고 있다. 23일 한부동산관련 인터넷 커뮤니티에는 서울시의...,
부동산 정책,“수도권 묶고 지방 풀지만”…부동산 시장 여전히 ‘불안’,https://www.dailian.co.kr/news/view/1476423/?sc=Naver,정부가부동산 정책을 놓고 수도권은 규제로 묶어 과열을 억제하고 지방은 미분양 해소를 위한 지원책 마련에 골몰하는 등 투트랙 전략을 추진 중이다. 집값이 양극화에 맞춤형으로 대응하고 있는 것인데 고조될 대로 고조된 시장의 불안감이 수그러들지는 미지수다. 25일 관련업계에 따르면 전국 부동산...,
부동산 정책,"지방은 풀고 수도권은 누른다…극과 극 부동산 정책, 시너지 내나",https://www.news1.kr/realestate/general/5727220,"전문가들은 이 같은부동산 정책이 시너지 효과를 내려면 전반적인 시장의 활성화가 중요하다고 말한다. 송승현 도시와경제 대표는 ""당장 수도권을 옥죈다고 지방의 수요가 폭발적으로 늘어난다고 보긴 어렵다""며 ""지방에서 수요를 흡수하려면 우선은 시장의 회복이 필요한 상황""이라고 말했다. 반대로 규제가...",
부동산 정책,"""위헌적 행정조치"" ""부동산 폭등 원인 제공""…오세훈 때리기 나선 與잠룡들",https://www.sisajournal.com/news/articleView.html?idxno=327630,"한동훈 ""이재명 '주택임대차 10년 보장' 번복과 같아"" 홍준표 ""헌법상 자유민주적 경제 질서에 반해"" 유승민 ""文정권 바보 같은부동산정책되풀이 안돼"" 안철수 ""서울 부동산 가격 폭등 원인 제공"" 오세훈 서울시장이 토지거래허가제를 해제했다가 35일 만에 부활하는 결정을 한 것을 두고 여권 잠룡들이 일제히...",
부동산 정책,돌아온 토허제에 문의 '뚝'...정책 혼선 여파 계속,https://www.ytn.co.kr/_ln/0102_202503250528217446,서울시의정책혼선에 따른 파장은 당분간 계속될 전망입니다. 박기완 기자가 현장에 다녀왔습니다. [기자] 이른바 '엘리트'로 불리는 잠실 아파트 3 대장... '갭투자' 막차에 타려는 사람들로 쉴 틈 없었던부동산전화 벨소리도 끊겼습니다. [서울 잠실동 공인중개사 : 올라가지도 않고 내려가지도 않고 일단...,
부동산 정책,"부동산도 자영업자도 '양극화'…한은 ""취약부문 빚 갚을 여력 떨어진다"" 경고(종합)",https://view.asiae.co.kr/article/2025032710250505979,"한국은행이 더딘 경제 성장 여건에서 국내외 불확실성이 커지고 있어부동산시장 상황을 중심으로 한 부실에 대비해야 한다고 경고했다. 특히 지방... 이 부총재보는 ""자영업자에 대한 지원정책은 개별 자영업자의 상환능력과 의지에 따라 금융지원, 채무조정, 재기 지원 등의 방안을 차별적으로...",
부동산 정책,"尹 선고 임박…""부동산 시장, 정치적 불확실성 해소 긍정적""",https://www.news1.kr/realestate/general/5730714,"김은선 직방 빅데이터랩장은 ""정치적 불확실성 제거로 부동산 시장에 긍정 영향을 끼칠 것""이라며 ""어떤 결과가 나오더라도 그 이후의부동산 정책방향 등을 유추할 수 있어 부동산 시장 참여자들의 결정이 이전보다는 더 적극적으로 나타날 수 있다""고 말했다. 고준석 연세대 상남경영원 교수는 ""선고 이후에...",
부동산 정책,'대출 공화국' 작년 말 가계부채비율 세계 2위…통화정책 '발목',https://www.yna.co.kr/view/AKR20250315050800002?input=1195m,영끌(영혼까지 끌어모아 대출)로 상징되는 과도한 주택 투자 열기에부동산경기를 살리려는정책까지 더해져 GDP 대비 가계대출 비율이 계속 90%를 웃돌면서 경제 성장과 통화정책의 발목을 잡고 있다. 올해 역시 토지거래허가구역 해제 등으로 2∼3개월 후 가계대출이 급증하면 한국은행이 경기...,
부동산 정책,35일 만에 뒤집힌 '토허제'⋯부동산 시장 '혼란'[토허제 확대 지정]➀,https://www.newsis.com/view/NISX20250321_0003107562,"서울시와 정부가 강남 집값 상승세를 잡기 위해 '초강수'를 뒀지만 설익은정책판단으로부동산시장 혼란만 가중시켰다는 비판이 나온다. 업계에 따르면 토허제 해제로 수혜를 봤던 송파구 잠실동 '엘리트'(엘스·리센츠·트리지움)는 재지정 이전 호가가 2~3억원씩 올랐지만, 재지정 후 1억~1억5000만원까지...",
부동산 정책,"“서울 부동산이 놀이터냐” 민주당, 오세훈 시장 직격",http://www.edaily.co.kr/news/newspath.asp?newsid=03594886642104960,더불어민주당이 오세훈 서울시장의부동산 정책을 비판하며 “서울 부동산이 대권 놀이터냐”고 비난했다. 오세훈 서울시장이 19일 서울 종로구 정부서울청사에서 주택시장 안정화 방안 브리핑을 하고 있다. 19일 황정아 민주당 대변인은 서면 브리핑을 통해 “오세훈 시장의 대권 욕심 때문에 국민이...,
부동산 정책,"[아유경제_부동산] 세종시, 신규 전입세대 정착 돕는다… 생활정보 안내ㆍ관심문자 등 제공",http://www.areyou.co.kr/news/articleView.html?idxno=88311,이에 그치지 않고 오는 5월에는 원하는 시민들을 대상으로 '정책안내 관심문자 서비스'도 제공할 예정이다. 전입신고 시 문자안내서비스를 위한 개인정보동의서를 제출하면 전입신고 후 1주일ㆍ1개월ㆍ3개월 등 각 시기마다 관심문자를 발송해 시민들의 안정적인 정착 여부를 지속적으로 모니터링한다. 또 올해...,
부동산 정책,그때 왜 해제했을까‥서울 부동산 '대혼란',https://imnews.imbc.com/replay/2025/nwtoday/article/6698165_36807.html,"왜냐 그러면 이게 초스피드로 지금 진행을 해야 되는 부분이기 때문에…"" 게다가 은행들이 다음 주부터 서울에서 신규 주택담보대출을 제한하기로 해 자금줄도 막히게 됐습니다. 서울시와 정부의 '오락가락정책'에부동산과 대출 시장 모두 혼돈이 불가피해졌습니다. MBC뉴스 송재원입니다.",
부동산 정책,"35일 만에 정책 뒤집은 오세훈... 유승민 ""황당하다"" 직격",https://www.ohmynews.com/NWS_Web/View/at_pg.aspx?CNTN_CD=A0003111963&CMPT_CD=P0010&utm_source=naver&utm_medium=newsearch&utm_campaign=naver_news,"ⓒ 연합뉴스 ""심려를 끼쳐드린 점에 대해 송구스럽게 생각한다."" - 오세훈 서울특별시장 ""한 달만에 뒤집을 가벼운 정책인가?"" - 유승민 전 국민의힘 국회의원 오세훈 서울특별시장이 자신의부동산 정책을 스스로 뒤집은 가운데, 당 내에서도 쓴소리가 나왔다. 오세훈 시장은 19일 강남 3구와 용산구 아파트...",
부동산 정책,"""가계대출 정책 오락가락"" 지적하자…김병환 금융위원장 해명은",http://news.bizwatch.co.kr/article/finance/2025/03/26/0027,은행 대출정책변화 불가피…모든 수단 논의할 수 있어 김병환 위원장은 26일 월례 기자간담회를 갖고 최근 증가폭이 확대될 조짐을 보이는 가계부채 상황에 대해 입장을 밝혔다. 지난 달 서울시가 송파구 지역 토지거래허가제를 해제한 후 서울을 중심으로부동산시장 불안이 확산되고 있다. 이 여파로 은행권...,
부동산 정책,서울시장 부동산 정책 수난사…'한달 만의 백기' 처음 아니었네,https://www.newsis.com/view/NISX20250320_0003105459,"박 전 시장 역시부동산 정책을 발표했다가 1개월여 만에 철회하며 곤욕을 치른 바 있다. 박 전 시장은 2018년 7월 10일 싱가포르 출장 당시 현지에서 기자간담회를 갖고 여의도·용산 마스터플랜을 마련하겠다고 밝혔다. 당시 그는 ""여의도를 통째로 재개발하고 서울역과 용산역 사이 철로는 지하화한 뒤 지상은...",
부동산 정책,집값은 오르는데 분양은 ‘0’…서울 부동산 시장 기현상 왜?[집슐랭],https://www.sedaily.com/NewsView/2GQDB5IPY5,"관계자는 ""예정은 예정일 뿐 분양 공고가 나기 전까지는 모른다""면서 ""5월에 조기 대선을 한다거나 하면 남아있는 분양 예정 물량도 하반기로 미뤄질 수 있다""고 말했다. 이 관계자는 ""조기 대선을 한다면 다음 정부가 어떤부동산 정책을 내놓을지 몰라 분양이 줄줄이 밀리는 상황이 나타날 것""이라고 내다봤다.",
부동산 정책,"한은, 금융시스템 '양호' 평가…""지방 부동산·PF는 여전히 부담""",https://www.asiatoday.co.kr/view.php?key=20250326010014650,"다만 지방부동산경기 둔화와 고위험 차주 확대, 경기 불확실성 등은 여전히 금융안정을 위협할 수 있는 잠재 요인으로 지목됐다.한은은 27일... 정부의 스트레스 DSR 강화 등 거시건전성정책효과로 가계부채 비율은 3년 연속 하락하며 명목 GDP 대비 90%에 근접했다. 다만 서울 일부 선호지역을 중심으로...",
부동산 정책,"집값 오르고 연체 증가…""통화·재정정책 공조 중요""",http://www.yonhapnewstv.co.kr/MYH20250328064624526,"한국은행이 대내외 불확실성 확대 속에부동산가격 상승과 취약 대출자들의 상환 부담을 동시에 경고했습니다. 이와 함께 통화정책과 재정정책간의 긴밀한 공조 필요성을 강조했습니다. 윤형섭 기자입니다. [ 기자 ] 한국은행이 금융안정 상황 보고서를 발표했는데, 가장 먼저 짚은 건 대내외 불확실성...",
부동산 정책,"이창용·김병환·이복현, 작심하고 부동산금융 '끝장토론'",http://news.mt.co.kr/mtview.php?no=2025032701560740500,"'부동산신용집중: 현황, 문제점 그리고 개선방안'이라는 주제로 열리는정책컨퍼런스는 한국은행과 금융연구원이 주최한다. 한은과 별도로 금융당국도부동산금융 문제를 연초 업무계획에 넣고 주요 이슈로 고민해 왔다. 기관간 공감대가 형성되면서 이번 컨퍼런스가 성사됐다는 후문이다. 현재...",
부동산 정책,"이복현 ""미 통상정책 불확실성…기업 자금조달 적극 지원""",https://www.newsis.com/view/NISX20250320_0003106188,"이 원장은 ""다음 달 2일 미 무역관행보고서와 상호관세 발표를 기점으로 통상정책불확실성까지 더해질 경우 국내외 경제·시장 상황이 힘들어질 수 있다""며 ""글로벌 경제, 금융,정책변화, 홈플러스 사태,부동산등 국내시장 동향을 종합적으로 점검하면서 기업들이 혁신성장, 사업재편, 불황극복 등에 필요한...",
부동산 정책,주택가격 변동성 지수와 부동산 정책의 방향성,https://www.hankyung.com/article/2025032689281,변동성 분석 결과는부동산 정책에 중요한 시사점을 제공한다. 건전한 부동산 시장은 극단적인 가격 변동성이 낮다. 단기간에 급등락을 반복하는 시장은 실수요자에게 큰 부담을 주고 경제 전반의 불안정성을 높이기 때문이다. 건전한 부동산 시장 육성을 위해서는 장기적 관점에서 시장 변동성을...,
부동산 정책,수도권 부동산 대출 문턱 높아진다…다주택자 신규 주담대 제한,https://www.newsis.com/view/NISX20250319_0003104564,"금융위원회는 국토교통부, 서울시, 기획재정부와 19일 정부서울청사에서 '부동산관계기관 회의'를 열고 금융·가계대출 관리 방화 방침을 밝혔다.... 주택도시기금 구입자금대출(디딤돌), 전세자금대출(버팀목), 신생아 특례대출 등정책대출 증가세도 면밀하게 모니터링한다.정책대출 증가세가 서울·수도권...",
부동산 정책,토지허가제 번복 논란에…오세훈 시장 민생·정책특보 사의 표명,https://www.mk.co.kr/article/11270097,서울부동산 정책관련 혼란에 대해 책임을 지겠다는 취지다. 21일 서울시에 따르면 이 특보와 박 특보는 토지거래허가구역 정책 결정 실패에 대한 책임을 지고 자리에서 물러나겠다는 뜻을 오 시장에게 전달했다. 사표 수리 여부는 아직 결정되지 않았다. 이 특보는 오 시장의 민선 4·5기 시절인 2006년부터...,
부동산 정책,일자리가 부동산 가치 만든다…산업단지 인근 신축 아파트 분양 수요↑,https://www.viva100.com/article/20250327500437,"실제로 직주근접 여부가부동산가격에 미치는 영향은 데이터로도 확인된다. 한국교통연구원의 ‘국민 통근통행 부담 격차 완화정책방안’ 보고서에 따르면, 주택 가격이 높을수록 통근 부담이 낮고, 반대로 주택 가격이 낮을수록 통근 부담이 큰 것으로 나타났다. KB부동산의 24년 2월 주택가격 동향에...",
부동산 정책,"[기자수첩] 오세훈의 악수(惡手), 부동산 시장을 흔들다",https://www.tfmedia.co.kr/news/article.html?no=183492,"단순한 규제 완화나 강화가 아닌, 실거주자를 위한 장기 공급 확대와 금융 정책 조정이 병행돼야 한다.부동산 정책의 핵심은 신뢰와 일관성이다. 정책이 이리저리 흔들릴수록 시장 불확실성은 커질 수밖에 없다. 서울시와 정부는 이번 교훈을 반면교사(反面敎師) 삼아야 한다.",
부동산 정책,오락가락 ‘대출 정책’에 은행도 소비자도 ‘울상’,https://www.viva100.com/article/20250326501198,오락가락하는부동산 정책이 은행과 소비자들의 혼선만 키우고 있다는 지적이 제기된다. 서울시가 초래한 토지거래허가제(토허제) 해제와 지정에 따른 후폭풍을 수습하기 위해 당국이 은행권에 가계대출 관리 압박에 나서면서다. 업계에서는 당국의 안일한 정책 운영 실패를 은행권에 전가하는 이른바 ‘땜질식...,
부동산 정책,"한국부동산마케팅협회, 2025년 정기총회…장영호 회장 연임",https://www.mk.co.kr/article/11273038,"아울러 “부동산마케팅업의 공정하고 투명한 성장을 위해 국회·정부·산업 현장이 긴밀히 협력해야 한다”며 협회가 제안한 ‘지방 미분양 해소를 위한정책지원 방안’ 역시 “국회 국토교통위원회 간사위원으로서 늘 귀 기울이고, 실효성 있는 대책이 마련되도록 노력하겠다”고 덧붙였다. 국회...",
부동산 정책,"부동산원, 에티오피아 부동산 대량 평가 모델 개발사업 착수",https://www.hellot.net/news/article.html?no=99658,"손태락 원장은 “한국의 선진화된부동산 정책및 제도가 우수성을 인정받아 아시아뿐만 아니라 아프리카 주요국에도 전파되었다”며, “앞으로도 보다 다양한 지역과 국가를 대상으로 부동산 행정 인프라의 해외시장 진출을 지속적으로 확대해 나가겠다”고 밝혔다 헬로티 김근태 기자 | 출처 : 한국...",
부동산 정책,부실 부동산 PF 20조원 밑으로… 정리 속도는 계획보다 더뎌,https://biz.chosun.com/stock/finance/2025/03/19/KONBQQNUKBHV3KYJGEUNPEKVIE/?utm_source=naver&utm_medium=original&utm_campaign=biz,"금융 당국의부동산PF 정상화 연착륙정책시행 후 금융권의 정리·재구조화 조치에 따른 결과다. 다만 금융사들이 지난해 세웠던 목표에 비해 부실부동산PF 정리·재구조화 속도는 더뎠다. 금융위원회는 19일 권대영 금융위 사무처장 주재로 국토교통부 등 관계 기관 및 금융권, 건설업계와 함께...",
부동산 정책,[정책브리핑] 2025년 03월 28일 금요일 주요 정책,http://www.sisunnews.co.kr/news/articleView.html?idxno=222754,"노후계획도시정책과 미래도시펀드의 구조·지원내용 등을 설명하고자 마련된 자리로, 노후계획도시 정비사업 관련 공공기관, 연기금, 공제회, 은행, 보험사 등이 참석했다. 이날 주택도시보증공사와 한국금융투자협회는 미래도시펀드 조성 지원,부동산금융산업 활성화를 위해 업무협약(MOU)도 체결했다....",
부동산 정책,"급매물 나오고, 거래 끊기고‥'뒤엎은 규제'에 부동산 '혼란'",https://imnews.imbc.com/replay/2025/nwdesk/article/6698084_36799.html,"[함영진/우리은행부동산리서치랩장] ""계약 파기라든지 계약금을 포기하는 움직임들도 있을 수 있다고 보여집니다."" 서울시와 정부의 '오락가락정책'에부동산과 대출 시장 모두 혼돈이 불가피해졌습니다. MBC뉴스 송재원입니다. 영상취재 : 윤병순 / 영상편집 : 김창규",
부동산 정책,"한동훈, 오세훈 겨냥 “우왕좌왕 부동산 정책, 국민 삶 불안하게 해”",https://www.munhwa.com/news/view.html?no=2025032201039910021002,"""서울 집값 상승 국면에 갑자기 토허제 해제…서울시, 제대로 수습해야"" 한동훈 전 국민의힘 대표는 오세훈 서울시장이 강남권 토지거래허가구역 지정 해제를 한 달여 만에 번복해 재지정한 것에 대해 ""부동산 정책은 정교해야 할 뿐만 아니라 예측 가능해야 한다""고 지적했다. 한 전 대표는 21일 자신의...",
부동산 정책,"""토허제 냉탕온탕, 정책 신뢰 하락 자초…부동산 규제 내성만 키워""",https://www.newsis.com/view/NISX20250319_0003104567,"국회 국토교통위원회 소속 더불어민주당 이연희 의원은 ""서울시장이 발표한 정책을 한 달 만에 국토부가 번복하는 혼선과 무책임은 매우 한심한 수준""이라며 ""탄핵 이후 조기대선을 의식해 한 달 앞도 예측하지 못하고 서민에게 피해를 주는부동산정책을 발표하는 무능과 무책임의 극치를 보여줬다""고...",
부동산 정책,교통카드 65개 공공데이터 개방…교통·부동산 정책수립에 도움 기대,https://www.news1.kr/realestate/general/5723598,"교통카드 공공데이터는 다양한 국내 산업 및 공공 부문에서 유동 인구 및 상권 분석을 통해 지역별 교통량을 파악을 통한 교통대책 수립과부동산개발 전략 수립에 활용될 전망이다. 이밖에 출퇴근 시간대 혼잡도를 분석해 버스나 지하철의 배차 간격을 조정하고, 특정 노선의 교통 분산정책을 마련하는 데도...",
부동산 정책,"권성동 ""지방주택 추가 구입시 중과세 폐지…부동산 양극화 해소""",https://www.dailian.co.kr/news/view/1473640/?sc=Naver,"이어 ""그 결과 중과세를 피하기 위해 '똘똘한 한채'를 목적으로 하는 서울 고가 아파트 쏠림 현상만 만들어냈다""며 ""투기와의 전쟁이라는 명목 하에 문재인정부의 5년간 28번 발표한부동산 정책실패로 현재 집값이 급등하고 지방은 극심한 부동산 침체를 겪는 부동산 양극화를 야기했다""고 지적했다. 권...",
부동산 정책,"부동산 시장, 정책 변화로 혼란 속 변동",https://www.jemin.com/news/articleView.html?idxno=791965,서울 송파구 잠실동의 한부동산중개업소에서는정책발표 이후 문의량이 급증했다. 매도인들은 빠른 매각을 위해 호가를 조정하는 모습이다. 일부는 최대 2억원까지 내리는 사례도 보인다. 그러나 실거주자의 경우 가격을 고수하며 버티기로 결정한 것으로 전해졌다....,
부동산 정책,'강남3구+용산' 아파트 전체 토허제...한 달 만에 번복한 부동산 정책,http://news.mt.co.kr/mtview.php?no=2025031912142020237,오 시장은 서울시부동산 정책이 냉탕온탕을 오가는 것 아니냐는 비판을 의식한 듯 지난달 토허제 해제는 자신의 철학에 따른 조치였다고 설명했다. 당시 강남 아파트 가격이 급등할 조짐을 보이지 않았고 '서울시 규제 철폐 시민 대토론회'에서 토허제 해제에 대한 요구가 다시 제기됐다고 했다. 오 시장은...,
부동산 정책,"[재산공개] 與 잠룡 1위 김문수, 부동산은 4억으로 꼴찌",https://www.news1.kr/politics/president/5732488,"이외에도 정진석 대통령비서실장(57억 8102만원), 성태윤정책실장(47억 1220만원), 유상임 과학기술정보통신부 장관(39억 400만원) 순으로부동산보유액이 많았다. 반면부동산보유액이 가장 적은 인사는 여권 잠룡 지지율 1위로 떠오른 김문수 고용노동부 장관으로, 총 4억 8000만원을 신고했다. 김...",
부동산 정책,[부동산 인사이트]‘주택보급률 100%’의 함정,https://www.asiatoday.co.kr/view.php?key=20250324010012937,"한 달 전 ""부동산 말고는 꿀릴 게 없다""고 한 데 이어 두 번째로부동산 정책의 실패를 인정한 것이다. 얼마 뒤 정부 위원회가 낸 자료집은 실패 이유로 '공급 확대 대책 추진의 미흡'을 꼽았다.#2. 2021년 5월. 문재인 대통령은 취임 4주년 특별연설 후 기자회견에서 ""부동산 가격을 안정시키겠다는 목표를...",
부동산 정책,"'돈 몰린다, 부동산만'...이창용·김병환·이복현, 첫 공개 토론",https://biz.sbs.co.kr/article_hub/20000224977?division=NAVER,"오늘(26일) 한국은행과 한국금융연구원에 따르면 이들은 다음 달 3일 '부동산신용 집중: 현황, 문제점 그리고 개선 방안'이라는 주제로정책콘퍼런스를 엽니다. 이 자리에는 한국은행과 한국금융연구원, 금융위원회, 금융감독원, 학계와 민간기관 전문가들이 모입니다. 이들은부동산부문으로 신용 공급이...",
부동산 정책,"백종한 광주 서구의원, 외국인 유치 정책 제안 등 발언",https://view.asiae.co.kr/article/2025032710224186087,"백 의원은 ▲인구 감소 대응책으로 서구에 외국인 유치정책제언 ▲ 상무지구 도심융합특구지정과 서구청의 준비 ▲전세 사기 예방 등부동산관련 상담 기능 확대를 통한 피해 방지 ▲사회적 경제 기업, 소상공인, 자영업자 지원 관련 ▲양동시장 연합 공영주차장 문제점 해결을 주제로 발언했다. 백...",
부동산 정책,"""2025 부동산 정책과 전망"" 강연회, 부동산 시장의 새로운 기회를 발견하다",https://www.getnews.co.kr/news/articleView.html?idxno=813208,"다가오는 4월 4일 오후 3시, 경상남도 사천시에서 부동산 분야의 주요 이슈와 향후 전망을 다루는 '2025부동산 정책과 전망' 강연회가 개최된다. 이번 강연회는 더갤러리하우스(주), 법무법인해송, 동현회계법인, 주연도시미학이 주관하고, 인앤월드(주), (주)로뎀, 민우건축사사무소가 후원사로 참여해 관심을...",
부동산 정책,[르포]팔려는 집주인 vs 간보는 수요자…강남 부동산 대혼란,http://www.edaily.co.kr/news/newspath.asp?newsid=01508806642105616,(사진=최영지기자) “부동산 시장 읽을 수 있는 사람에 정부에 있나” 서울시가 토허제 해제 35일 만에 강남3구와 용산구로 규제를 확대하는 식의부동산 정책에 대해 집주인들과 공인중개사들은 분개하며 규제 효과를 의심했다. 강남구 대치동의 한 공인중개사는 “정책이 너무 오락가락하고 4개 자치구에 대해...,
부동산 정책,"[속보] 최상목 ""부동산 엄중…수단 총동원해 집값 상승 차단""",https://www.hankyung.com/article/2025031932537,"최상목 대통령 권한대행 부총리 겸 기획재정부 장관이 19일 ""부동산관련 규제, 금융 등 모든 가용수단을 총동원해 집값 상승 요인을 차단하겠다""고... 최 권한대행은 ""지난 12일부터 미국 신정부의 철강·알루미늄 관세부과가 시작됐고 4월 2일 상호관세도 예고돼 있다""며 ""그러나 구체적인정책내용과 주요국의...",
부동산 정책,"“토허제 효과 1%라더니” 서울시, 도시 3분의1을 묶었다 [부동산360]",https://biz.heraldcorp.com/article/10447493?ref=naver,또 “서울시 전체의 관점에서 주택시장은 거시 금융요인 및부동산 정책에 크게 영향을 받으며 허가제도의 효과는 통계적으로 유의미하지 않다”며 “토허제 확대 시 서울시 전체 주택시장을 안정화시킬 수 있다는 주장에 대한 근거를 확인할 수 없었다”고 명시했다. 다만 연구팀은 재개발 및 재건축 구역에...,
부동산 정책,작년 가계 부동산 대출 위험액 3.6%↑ … 집값 하락시 지방 고위험가구 증가,https://biz.newdaily.co.kr/site/data/html/2025/03/27/2025032700159.html,이번 금융안정 상황점검을 주관한 황건일 한은 금융통화위원은 “최근 서울 일부 지역의 빠른 주택가격 상승세가 여타지역으로 확산되는 움직임이 나타나고 있는 점에 유념해야 한다”면서 “부동산시장과 가계부채 상황이 경기 하방압력을 완화하기 위한 통화정책운용을 제약하지 않도록 거시건전성 관리를...,
부동산 정책,[기자수첩]서민 골탕 먹이는 땜질식 대출 정책,http://www.edaily.co.kr/news/newspath.asp?newsid=03542406642106600,서울시의 섣부른 규제 해제와 그에 따른부동산 정책조율 실패가 가져온 총체적 난국이다. 금융당국은 이젠 ‘운용의 묘’를 강조하며 선제적 대응 등 가계대출 관리 강화를 주문하고 있다. 아울러 토허제 해제와 관련한 책임론에 선을 긋고 있다. 일선 영업 현장을 아랑곳하지 않은 탁상공론의 전형적인...,
부동산 정책,오락가락 '토허제 재지정 사태' 부동산 정책 신뢰도 저하시켰다,http://news.mt.co.kr/mtview.php?no=2025031911265240540,지금까지부동산 정책에 일관성이 없다는 지적이 많았는데 이번 '토허제 재지정 사태'로 정책 신뢰도가 더 떨어졌다는 비판이 나온다. 정부와 서울시는 19일 서울 종로구 정부서울청사에서 '부동산 관계기관 회의'를 열고 최근 과열된 서울 부동산 시장을 진정시키기 위해 토허제를 재지정한다고 밝혔다. 지난달...,
부동산 정책,"한국부동산마케팅협회, 제4대 회장에 장영호 회장 연임",https://www.joongang.co.kr/article/25323665,"아울러 “부동산마케팅업의 공정하고 투명한 성장을 위해 국회·정부·산업 현장이 긴밀히 협력해야 한다”고 강조하면서, 협회가 제안한 ‘지방 미분양 해소를 위한정책지원 방안’ 역시 “국회 국토교통위원회 간사위원으로서 늘 귀 기울이고, 실효성 있는 대책이 마련되도록 노력하겠다”고 전했다....",
부동산 정책,부동산 거래시장 찬바람 '쌩쌩'…서울 아파트만 '활황',https://daily.hankooki.com/news/articleView.html?idxno=1193048,"정 대표는 ""정부의부동산 정책변화, 긴 설 연휴와 탄핵 정국으로 인한 정치적 불확실성이 시장 전반을 위축시키는 가운데 서울 아파트는 안전 자산으로 인식되며 지역 간, 부동산 유형 간 양극화가 심화되고 있다""고 말했다.",
부동산 정책,"'부동산' '명태균' '尹석방'…삼중고 몰아친 오세훈, 대권에 '빨간불'?",https://www.sisajournal.com/news/articleView.html?idxno=327592,"유승민 전 의원은 페이스북을 통해 ""문재인 정권의 바보 같은부동산 정책실패를 보수 정권이 되풀이해서야 되겠는가""라고 직격했다. 홍준표 대구시장도 페이스북에서 오 시장을 향해 ""위헌적 행정조치""를 했다고 쏘아붙였다. 송파를 지역구로 두고 있는 박정훈 의원은 ""서울시정 역사에 최악의 '오락가락...",
부동산 정책,성북구 1인가구 지원사업에 75억 투입 세대별 맞춤 정책 펼친다,http://www.seouland.com/arti/society/society_general/20567.html,주거·생활 지원 분야에서는 청년 1인가구를 대상으로 중개보수 50% 감면 사업인 이웃천사부동산사업과 1인가구 물품 대여 및 동네생활쿠폰 사업을 통해... 심화하고 있다”라며 “각 부서에서 개별적으로 추진하던 1인가구정책을 종합적으로 관리해 실질적인 지원이 이뤄질 수 있게 하겠다”라고 말했다.,
부동산 정책,"한은 ""부동산 익스포저·가계부채 여전히 리스크""",https://www.straightnews.co.kr/news/articleView.html?idxno=267499,"경제정책변화 등으로 성장 둔화가 이어질 경우 건전성 개선 속도가 지연될 가능성이 있다""고 전망했다. 그는 ""지방권의부동산프로젝트 파이낸싱(PF) 사업장, 건설사, 고위험 가구 등의 부실이 확대될 수 있는 만큼 리스크 요인에 대한 면밀한 모니터링과 건전성 강화 노력이 병행되어야 한다""고 덧붙였다....",
부동산 정책,오락가락 부동산 정책…또 실수요자들 발 묶이나,https://www.sisajournal.com/news/articleView.html?idxno=327614,"정부가부동산과 가계대출정책실패를 추가 규제로 잡으려다 실수요자들만 피해를 본 사례는 지난해에도 벌어졌다. 지난해 정부는 당초 7월로 예정됐던 스트레스 총부채원리금상환비율(DSR) 2단계 규제 시행을 9월로 두 달 미뤘다. 스트레스 DSR 2단계는 기존보다 더 강화된 한도로 적용되는 대출 규제로, 집값...",
부동산 정책,"한국부동산원, 에티오피아에 부동산 시스템 전수",https://www.jemin.com/news/articleView.html?idxno=792189,손태락 원장은 아프리카 주요국에도 한국의부동산 정책과 제도를 전파할 것이라고 밝혔다. (adsbygoogle = window.adsbygoogle || []).push(); (adsbygoogle = window.adsbygoogle || []).push(); (adsbygoogle = window.adsbygoogle || []).push(); (adsbygoogle = window.adsbygoogle || []).push...,
부동산 정책,"서울시의회 민주당 ""오세훈, 손바닥 뒤집듯 경솔한 정책 발표""",https://www.newsis.com/view/NISX20250319_0003104844,"민주당은 그러면서 ""손바닥 뒤집듯 경솔한부동산 정책발표로 막대한 사회적 혼란을 야기한 오 시장에게 무거운 책임을 묻는다""며 ""오 시장은 이번 결정이 명백히 잘못된 선택이었음을 인정하고 하루빨리 부동산 안정화 대책을 강구하라. 시민들의 삶을 담보로 더 이상 어떤 계산도, 어떤 도박도 하지 않기를...",
임대차법,"""부작용에 시장 혼선""…임대차 2법 손질 나선 정부[주간 부동산 키워드]",https://www.newsis.com/view/NISX20250328_0003116963,"그러나법시행 이후 매물 감소와 전셋값 상승, 이중 가격 등의 문제가 불거졌다. 보고서에 따르면 서울 아파트 전셋값은임대차2법 도입 전에는 1년간 3.86% 올랐지만, 도입 후에는 1년 6개월간 8.13% 상승한 것으로 나타났다. 특히 신규 계약 시 4년치(2+2년) 임대료 인상분을 한꺼번에 받으려는 집주인들이...",
임대차법,"'2+2년' 대신 '2+1+1년'?…정부, 임대차2법 개편 논의 본격화",https://www.yna.co.kr/view/AKR20250326138000003?input=1195m,"임대차제도 개편 첫 토론회 열려…전문가 ""계약갱신권, 세입자에 오히려 불리"" 전문가 ""임대료 상승률 높아질수록 갱신권 사용 비율 하락"" 정부가임대차2법(계약갱신청구권·전월세상한제) 개편을 위한 공론화에 나선 가운데 국책 연구기관 연구자들이 계약갱신청구권이 도입 취지와 달리 세입자에게 오히려...",
임대차법,전세 10년 보장하자는 野…임대차2법 개편 '안갯속',https://www.wowtv.co.kr/NewsCenter/News/Read?articleId=A202503260284&t=NNv,"<앵커> 정부의 제도 개선 취지는 알겠는데,임대차제도는 이미 정치권의 뜨거운 이슈입니다.법개정이 필요한 사항인데, 당장 국회 다수당인 민주당이 동의하겠습니까? <기자> 더불어민주당은 정부의임대차2법 개정 움직임에 반발하고 있습니다. 진성준 민주당 정책위의장은 ""안착 단계에 들어간임대차...",
임대차법,전세시장 또 흔드나…국토부 ‘임대차 2법’ 공론화 논란,https://www.hani.co.kr/arti/economy/property/1188674.html,"정부가 현행임대차2법(계약갱신청구권·전·월세 상한제) 제도 개편을 위한 공론화에 나섰다. 시행착오를 거쳐 제도가 안착하는 가운데, 다시 제도 개편 시도에 나서는 셈이라 논란이 예상된다. 국토교통부는 오는 26일 세종 국토연구원에서 ‘임대차제도개선 토론회’가 열린다고 24일 밝혔다. 국토부가...",
임대차법,“전셋값 또 오를까 불안해요”…임대차 2법 개선 추진에 세입자들 ‘한숨’,https://www.mk.co.kr/article/11274861,임대차2법(계약갱신청구권·전월세상한제) 시행 5년을 맞아 정부가 제도 개편을 위한 움직임에 나섰다. 시장의 눈길이 쏠리는 가운데 임차인들 사이에서 전셋값 폭등이 재현될 수 있다는 우려가 커지고 있다. 27일 아파트·주택 업계에 따르면 지난 26일 오후 세종 국토연구원 강당에서는 국토교통부가임대차...,
임대차법,"“전·월세 상한선 상향, 임대차 2법 보완 필요”",https://www.kmib.co.kr/article/view.asp?arcid=1742978476&code=11151500&cp=nv,다만법개정에 대한 신중론도 제기됐다. 토론회 패널로 나선 문윤상 한국개발연구원(KDI) 연구위원은 “임대차보호법은 초기 시장에 혼란을 줬지만 지난해 시장이 안정세를 보인 만큼 장기적 효과도 살펴야 한다”고 말했다. 이날 토론회는 도입 5년을 맞은임대차2법의 공과를 점검하고 제도 개선 방향을...,
임대차법,"임대차 2법, 시행 5년 만에 수술대 오르나",https://biz.sbs.co.kr/article_hub/20000224589?division=NAVER,임대차2법(계약갱신청구권·전월세상한제) 시행 5년이 다가오는 가운데 정부가 제도 개편을 위한 공론화 작업을 시작합니다. 국토교통부는 26일 세종시 국토연구원에서 '임대차제도개선 토론회'를 개최한다고 25일 밝혔습니다. 국토부가 후원하고 국토연이 주최하는 토론회로 정부가임대차2법 개편 논의를...,
임대차법,"'임대차2법' 폐지보단 유지…전문가 ""제도 유연성"" 한목소리",http://news.bizwatch.co.kr/article/real_estate/2025/03/27/0007,"2020년 7월 도입 후 5년차를 맞은 '임대차2법(계약갱신청구권 및 전월세 상한제)'에 대한 개선 움직임이 본격화했다. 전문가들은 당초 윤석열 대통령 대선... 통해 최대한 많은 의견을 청취하는 한편법개정이 필요한 만큼 정책방향 결정에서부터 입법 가능성을 염두에 두고 국회와 소통할 것""이라고 덧붙였다.",
임대차법,"임대차2법 개편 논의…""5% 상한율 조정 등 유연성 강화해야""",http://www.yonhapnewstv.co.kr/MYH20250328060859762,"세입자 보호를 내세웠던임대차2법, 시행 5년차를 맞으며 개편 논의가 본격화되고 있습니다. 정부가 주최한 첫 토론회에서는 5% 상한율 조정 등 유연성 강화를 중심으로 개선 방향이 제시됐습니다. 김수강 기자입니다. [기자] 세입자의 주거 안정을 위해 도입된임대차2법. 2년 계약 후 한 차례 연장으로 최대...",
임대차법,"서천호, 수산업법 일부개정안 대표발의",https://www.gnnews.co.kr/news/articleView.html?idxno=607291,국민의힘 서천호(사천·남해·하동) 의원은 26일 업종별 수산업협동조합(이하 '업종별수협')이 소유하고 있는 어업권을 해당 조합원에게 행사하더라도임대차로 보지 않도록 예외를 인정하는 '수산업법' 일부개정안을 대표발의 했다고 밝혔다. 현행법은 어업권에 대해임대차의 목적으로 할 수 없도록 규정하고...,
임대차법,"4·2 담양군수 재선거, 재산축소·농지법 위반 놓고 '공방'",https://www.pressian.com/pages/articles/2025032917194119372?utm_source=naver&utm_medium=search,"그러면서 ""수년간 경작 증빙이나 직불금 수령 여부,임대차관계가 확인되지 않는다면 불법 농지 취득에 해당할 수 있다""고 덧붙였다. 이어 ""재산신고 사항이 허위로 밝혀진다면 민주당 후보자 검증과정 부실과 후보자의 도덕적 불감증을 탓하지 않을 수 없다""며 ""축소 신고 의혹이 사실일 경우 이 후보는...",
임대차법,[단독]서민 위한다던 임대차법… 시행뒤 가격변동성 3배↑,https://www.munhwa.com/news/view.html?no=2025032701071905238001,제정된 ‘임대차2법(계약갱신청구권·전월세상한제)’이 당초 의도와 달리 가격 변동성을 3배 키우는 부작용을 낳았다는 연구결과가 나왔다. 변동성... 27일 한국조세재정연구원이 발표한 ‘주택임대차보호법 개정이 주택시장에 미친 영향’에 따르면임대차2법에 따른 전월세 가격 변동성을 산출한 결과 약...,
임대차법,임대차법 5년… “인상률 상한 손질 필요”,https://www.donga.com/news/Economy/article/all/20250327/131291610/2,"정부는 공론화 이후 정부안을 내놓을 방침인데,법개정이 필요해 정치 상황이 변수가 될 것으로 전망된다. 국토교통부는 26일 세종 국토연구원 사옥에서 ‘임대차제도 개선을 위한 전문가 토론회’를 열었다.임대차2법 제도 개선에 나선 건 제도 도입 후 전세 매물이 줄고 갱신 계약과 신규 계약 간 이중...",
임대차법,"이재명 ""'전세 10년' 임대차법 바람직하지 않아…당 입장도 아냐""",https://www.newsis.com/view/NISX20250317_0003101200,"이재명 더불어민주당 대표는 17일 임차인 거주기간을 최장 10년 보장하는 주택임대차보호법 개정안과 관련해 ""개인적으로 바람직하지 않다는 의견을 갖고 있다""고 말했다. 이 대표는 이날 오전 페이스북을 통해 ""전세 계약을 10년 보장하는임대차법개정의 경우 논의를 거친 당 공식 입장이 아니다""라고 말했다....",
임대차법,"임대차2법 개편 논의, 임대료 상한 10% 확대 방안 제시",https://www.jemin.com/news/articleView.html?idxno=792617,"사진출처: 연합뉴스 정부가임대차2법 개편을 위한 공론화 작업에 들어갔다. 5년 차 도입된 제도 폐지 시 예상되는 시장 혼란을 고려해 기존 제도의 '손질'에 방점을 두고 있다. 국토교통부는 26일 세종시에서 '임대차제도개선 토론회'를 주관하며, 국책 연구기관인...",
임대차법,'꼼수 임대차'로 아이파크몰 부당지원한 HDC…공정위 제재 절차 착수,https://www.hankyung.com/article/202503269213i,공정거래위원회가 ‘허위임대차’ 계약으로 부동산 계열사를 부당지원한 HDC그룹에 대해 제재 절차에 착수했다. 25일 관련업계에 따르면 공정위는 HDC가 부동산 개발 계열사 HDC아이파크몰을 부당 지원했다고 보고 최근 두 회사에 제재 의견을 담은 심사보고서를 발송했다. 심사보고서는법위반 사실이...,
임대차법,버린 파지 맞춰보니…‘이중·삼중분양’에 ‘임대차 사기’까지? [취재후/빌라왕]②,https://news.kbs.co.kr/news/pc/view/view.do?ncd=8209896&ref=A,"■ 다 지은 건물에서도 '임대차사기'...보증금 못 받고 발만 동동 이중 분양과 분양사기는 모두 '선분양', 즉 건물을 짓기 전 분양 계약서를 쓴 후 공사를... B 씨/'임대차사기' 피해자 : ""빌라 입주자들이 거의 20~30대니까 부동산 계약을 잘 모르는 분들이 많고 또 대응하려면 다 돈인 거예요. 돈을 날려서 돈을...",
임대차법,"이재명 “전세 10년 보장 임대차법, 黨 공식입장 아니다”",https://www.donga.com/news/Politics/article/all/20250318/131226211/2,더불어민주당 이재명 대표가 17일 전세 계약을 10년 보장하는 내용의 주택임대차보호법(임대차법) 개정을 추진하려는 당내 움직임에 대해 “개인적으로 바람직하지 않다는 의견”이라고 선을 그었다. 이 대표가 의장을 맡은 민주당 민생연석회의는 최근 20대 정책 의제를 발표하면서 임차인의 전세 계약을 최대...,
임대차법,"“전세인상률 상한제 유연 적용을”…정부, 임대차 2법 손질 나서나",https://www.donga.com/news/Economy/article/all/20250326/131288698/1,"정부는 공론화 이후 정부안을 내놓을 방침인데,법개정이 필요해 정치 상황이 변수가 될 것으로 전망된다. 국토교통부는 26일 세종 국토연구원 사옥에서 ‘임대차제도개선을 위한 전문가 토론회’를 열었다.임대차2법 제도 개선에 나선 건 제도 도입 후 전세 매물이 줄고 갱신 계약과 신규 계약 간 이중...",
임대차법,[굿모닝경제] 임대차 2+1+1로? / 1월 출생아증가율 최고 / 산불성금 160억,http://www.mbn.co.kr/pages/news/newsView.php?news_seq_no=5102873,"정부가임대차2법 개편 논의를 위한 첫 토론회를 열었습니다. 국책 연구기관 연구자들은 계약갱신청구권이 도입 취지와 달리 세입자에게 오히려 불리하게 작용하는 측면이 있다고 지적했습니다. 이에 따라 계약 기간을 '2+1+1년'으로 쪼개고, 임대료 인상 상한을 5%에서 10%로 올리는 방안 등이...",
임대차법,"정철원 전남 담양군수 후보, 이재종 '농지법 위반' 의혹 제기",https://www.polinews.co.kr/news/articleView.html?idxno=687308,"정 후보는 ""만약 이 후보가 실경작을 하지 않았다면 농지은행에 위탁하거나 농지은행을 통해임대차를 해야 한다""며 ""이에 대한 증빙도 함께 제출할 필요가 있다. 이러한 과정을 거치지 않았다면 농지법 위반에 해당된다""고 주장했다. 끝으로 ""공직후보는 누구보다도 높은 도덕적 기준을 요구받고 있다""며...",
임대차법,“업종별수협 소유 어업권 임대차 예외 추진”,http://www.knnews.co.kr/news/articleView.php?idxno=1456662,업종별 수산업협동조합(이하 ‘업종별수협’)이 소유하고 있는 어업권을 해당 조합원에게 행사하더라도임대차로 보지 않도록 예외를 인정하는 법안이 추진된다. 국민의힘 서천호(사천·남해·하동·사진) 의원은 25일 이같은 내용의 ‘수산업법’ 일부개정안을 대표발의했다. 현행법은 어업권에 대해임대차를 할...,
임대차법,"서천호 국회의원, ‘수산업법’ 일부개정안 대표 발의",https://www.viva100.com/article/20250325501614,"서천호(국민의힘, 사천·남해·하동) 국회의원이 업종별 수산업협동조합(이하 ‘업종별수협’)이 소유하고 있는 어업권을 해당 조합원에게 행사하더라도임대차로 보지 않도록 예외를 인정하는 ‘수산업법’ 일부개정안을 대표 발의했다. 현행법은 어업권에 대해임대차의 목적으로 할 수 없도록 규정하고...",
임대차법,"""임대차계약 정산주기도 2배""…홈플러스, 미정산 리스크 키웠다",https://www.news1.kr/industry/distribution/5726272,"공정거래위원회는 홈플러스발 사태로 지적된 정산주기, 입점업체 계약 관련 불공정 거래 등을 들여다본다는 입장으로,임대차거래 정산주기도 검토 대상에 오를 전망이다. 23일 업계에 따르면 홈플러스의 경우임대차거래 정산일은 익월말로, 당월 판매 대금을 다음 달 말 정산하는 시스템이다. 미정산 시 두...",
임대차법,"""이재명, 여론 나빠지니 발 빼""…與, '전세 10년 보장법' 맹폭",https://www.hankyung.com/article/2025031807867,"윤 원장은 ""5년 전 민주당의임대차법은 계약 기간을 2년에서 4년으로 늘리는 것이었다. 시장 평균이 3년이었으니 사실상 겨우 1년 늘리는 것이었는데도... 민생을 위한 논의 주제일 뿐, 추진하기로 한 과제가 아니라는 점을 분명히 밝힌다""며 ""특히 전세 계약을 10년 보장하는임대차법개정의 경우 논의를 거친...",
임대차법,"[기고] 임대차 2법, 완전 페지가 답이다",https://www.meconomynews.com/news/articleView.html?idxno=110015,"이에 정부는 오는 26일 세종 국토연구원에서 '임대차제도 개선 토론회'를 개최하고법개편을 위한 공론화 작업을 본격적으로 시작한다. 토론회에서는 ▲임대료 인상 상한을 5%에서 10%로 조정하는 방안, ▲저가 주택에만법적용을 제한하는 방안, ▲계약갱신청구권과 임대료 상한제 적용 여부를 계약 당사자가...",
임대차법,세상에 없는 국가와 임대차 계약을…볼리비아 원주민 '당혹',https://www.hankyung.com/article/2025032429497,남미 볼리비아에서 원주민 부족들이 존재하지 않는 국가와 토지임대차계약을 체결하는 사건이 발생했다. 23일(현지시간) 볼리비아원주민연합(CIDOB)... 5배에 이르는 3900㎢ 규모 토지를 1000년간 사용할 수 있는 내용의임대차계약을 체결했다. 지상·지하에서 접근 가능한 자원에 대한 모든 권리를 넘기고...,
임대차법,'전세 10년' 보장한다고?…전셋값 또 치솟을라 '불안' [이슈+],https://www.hankyung.com/article/2025031452606,"'임대차2법'(계약갱신청구권, 전·월세상한제)이 부동산임대차시장에 재차 파문을 일으키고 있다. 정부가 주택임대차보호법 완화를 추진하는 반면... 한 업계 관계자는 ""다수당인 더불어민주당과 정부가 대립을 거듭하면서 시장 불안만 키우고 있다""며 ""4년 동안 시장에 안착한 제도를법개정 가능성도 낮은...",
임대차법,"""임대차 2법 완화하자""는 정부…민주당은 ""전세 10년 보장""",http://news.mt.co.kr/mtview.php?no=2025031710520646358,"'임대차2법(계약갱신청구권, 전·월세상한제)'이 부동산 전세 시장의 뜨거운 감자다. 정부는 전세 재계약시 인상률 상한선을 기존 5%에서 10%로 올리는... 국토교통부는 최근 국토연구원의 '주택임대차제도개선 방안 연구' 최종 보고서를 공개했다. '2+2년' 계약 갱신 보장과 5%의 전월세 상한 요율을 10%로...",
임대차법,"[서미숙의 집수다] 임대차 2법, 시행 5년 만에 수술대 오르나…폐지보단 손질?",https://www.yna.co.kr/view/AKR20250313152000003?input=1195m,"다만 정부가 첫 단추를 끼우더라도 앞으로 개선안의 방향과법개정 전망은 불투명하다.임대차2법을 만든 더불어민주당이 다수당이고, 현재 민주당 일부 의원들은 전세 기간과 갱신권 사용 기간을 '3+3년' 또는 '2+2+2년'으로 강화하는 법안 발의를 검토 중이다. 탄핵 정국에 따른 조기 대선 여부는 향후 개정안의...",
임대차법,임대차 계약 걱정된다면?...마포구 안심 임대차 종합상담센터 '인기',https://view.asiae.co.kr/article/2025031906493823174,마포구(구청장 박강수)가 운영 중인 ‘안심임대차종합상담센터’가 주민들로부터 큰 호응을 얻고 있다. 최근 부동산 계약 경험이 부족한 청년층 등을 중심으로 급증하는 전세 사기와 임대료 상승에 따른 분쟁이 사회적 문제로 대두되고 있다. 이에 마포구는 구민의 재산권을 보호하고임대차분쟁을...,
임대차법,[경영지원단 상담사례] 이럴 땐 임대차 계약 '묵시적 갱신' 인정,http://www.kbiznews.co.kr/news/articleView.html?idxno=108488,"Q : 저(임차인)는 2014년 12월 19일에 상가에 대해 전 소유자와임대차계약을 처음으로 체결했고, 2022년 9월 현 소유자(임대인)에게 상가가 매도되기 전까지 특별한 문제 없이 사용해 왔습니다.임대차계약 만료일은 2022년 12월 18일이었고, 묵시적 갱신이 당연히 이뤄질 것으로 예상해 계약갱신을 요구한다는...",
임대차법,"'임대차법 설명 의무' 법안 두고 중개업계 볼멘 목소리 …""의무만 커져""",http://www.shinailbo.co.kr/news/articleView.html?idxno=2025226,개업 공인중개사가 임대차 계약 시 임차인에게 개정 계약갱신청구권제와 전월세 상한제 등 개정임대차법에 관해 설명하는 것을 의무화하는 법안이 국회에 계류 중이다. 전세사기 여파가 여전한 가운데 임차인 보호를 강화하자는 취지다. 이를 두고 공인중개사업계에선 이미 개정임대차법이 많은 국민에게...,
임대차법,"오세희 의원, 유통 대기업 대금지급 기한 단축법 발의",https://news.mtn.co.kr/news-detail/2025032613500036546,"이에 오 의원은 특약 매입거래 ˑ 매장임대차ˑ 위수탁 매입거래 시 판매 대금 지급 기한을 월 판매 마감일로부터 20 일 이내로 , 직매입 거래의 상품 대금 지급 기한을 해당 상품수령일로부터 40 일 이내로 단축하는 한편 , 자산 총액 또는 매출액 규모를 기준으로 영세한 납품업자 등에게는 15일 이내로 대금을...",
임대차법,임대차 2법 後 : 전월세 비중 뒤집혔다? 통계의 왜곡 [분석+],https://www.thescoop.co.kr/news/articleView.html?idxno=305261,# 2020년 7월 주택임대차보호법 일부가 개정되면서 임차인에겐 계약갱신권과 계약 갱신시 임대료를 기존의 5%까지만 올릴 수 있는 보호망이 생겼다. 이 두 보호망을임대차2법이라 부른다. 태생적으로 임차인을 보호하는 법이란 점에서 두 보호망은 부동산 업자와 집주인으로부터 수많은 비판을 받았다....,
임대차법,"진성준 ""'전세 10년 보장법' 신중 검토…연금 개혁, 20일 처리 어려워""",https://www.news1.kr/politics/assembly/5722654,"진성준 더불어민주당 정책위의장은 전세 계약을 10년 보장하는 내용의임대차법개정에 대해 ""주택 임대 시장에 미칠 파장을 깊이 고민하지 않을 수 없다""며 신중론을 제기했다. 진 정책위의장은 18일 오전 국회에서 기자간담회를 열고 ""전세 세입자 권익 보호와 강화라는 취지는 이해한다""면서도 이같이 밝혔다....",
임대차법,‘전세 10년 보장법’ 논란 커지자… 이재명 “당 공식 입장 아니다” 진화,https://www.seoul.co.kr/news/politics/2025/03/18/20250318008003?wlog_tag3=naver,이 대표는 17일 페이스북에 “전세 계약을 10년 보장하는임대차법개정의 경우 논의를 거친 당 공식입장이 아닐뿐더러 개인적으로도 바람직하지 않다는 의견을 갖고 있다”며 “국민의 주거권 보장은 국가의 중요한 책무이지만 어떤 정책이든 시장원리를 거스른 채 정책 효과를 달성하긴 어렵다”고 했다....,
임대차법,'농지 임대차 계약 전 직불금 수령 가능한지 확인하세요',https://www.joongdo.co.kr/web/view.php?key=20250324010007248,"계약으로임대차가 이루어지고 있는 실정이다. 충남농관원은 임차농업인의 피해 예방과 국가의 기반시설인 농지에 대해 한국농어촌공사와 체계적인... 또법개정 건의로 직불금 지급 제한 농지라도 한국농어촌공사에 위탁한 농지는 예외로 하여 임차농업인의 권익보호와, 임대인의 안정적 임대를...",
임대차법,“전세 더 줄어든다”…임대차 2법 혼란에 시장 ‘불안’,https://www.kgnews.co.kr/news/article.html?no=835614,"정부•야당,임대차2법 완화 ‘충돌’ ‘매물 감소•가격 급등’ 우려 확산 전문가 “정치로 시장 왜곡 안돼 정부가임대차2법(계약갱신청구권·전·월세상한제) 완화에 착수하자, 야당은 오히려 제도 강화를 주장하며 부동산 시장에 불확실성이 커지고 있다. 전세 매물이 줄어들고 가격이 급등할 것이라는...",
임대차법,[생활 속 임대차 분쟁 솔루션](22)정당한 사유없이 신규임차인과 임대차계약 거절 못해,https://www.kwnews.co.kr/page/view/2025032410142342920,"구 상가임대차법의 개정으로 권리금 관련 조항들이 신설되었는데, 덕분에 임차인은 스스로 형성한 영업이익 등을 자신이 주선한 신규임차인으로부터... 이에 상가임대차보호법 제10조의4 제1항은 정당한 사유가 있는 경우에는 임대인이 임차인의 권리금회수를 거절할 수 있도록 하여 임차인의 경제적 이익...",
임대차법,요동치는 부동산 시장… 매매 임대차 등 분쟁 증가 움직임,http://www.thepowernews.co.kr/news/articleView.html?idxno=152796,"한편, 강남 지역의 아파트값이 최근 수억 원이 오르내리고, 전셋값 역시 영향을 받으면서임대차분쟁 역시 늘어났다. 특히 주택임차인의 계약갱신 요구 관련 분쟁이 많은데, 주택임대차보호법에 따르면, 임대인은 임차인이 계약갱신을 요구할 경우 정당한 사유 없이 거절하지 못한다. 다만, 임대인은...",
임대차법,"더본코리아, 농지법 위반의혹에 공식사과…""생산방식 전환중""",https://www.yna.co.kr/view/AKR20250311149700030?input=1195m,"백석공장이 예덕학원 소유 농지를 무단으로 사용했다는 논란에는 ""임대차계약을 체결해 임차료를 지급했다""고 설명했다. 더본코리아는 앞서 자사 제품인 빽햄의 돼지고기 함량이나 감귤맥주의 감귤 함량이 적다는 지적에는 ""소비자의 기대에 더 부합하는 제품을 선보이겠다""고 밝혔다. 더본코리아는 또...",
임대차법,"마포구, ""안심 임대차 종합상담센터"" 운영",https://www.geconomy.co.kr/news/article.html?no=295999,- “임대차계약 걱정된다면?” 마포구 안심임대차종합상담센터로 오세요 - 상근 공인중개사가 직접 주택과 상가임대차상담 진행 -임대차관련법안내와 집보기 동행 서비스 시행 지이코노미 최영규 기자 |마포구(구청장 박강수)가 운영 중인 ‘안심임대차종합상담센터’가 주민들로부터 큰 호응을 얻고...,
임대차법,‘최장 10년’ 임대차보호법 내세운 이재명… 與는 대학생·다자녀 지원 강화 예고,https://www.seoul.co.kr/news/politics/2025/03/13/20250313008004?wlog_tag3=naver,"주택임대차보호법 개정, 주 4일제 도입 등을 포함한 주요 정책 과제를 발표했다. 사실상 조기 대선을 염두에 둔 공약이라는 평가가 나온다. 이 대표는... 주택 임차인이 2년마다 갱신 계약 후 최장 10년까지 점유할 수 있도록 하는 주택임대차보호법 개정안, 가산금리 인하 등 의제도 포함됐는데 실제 추진...",
임대차법,"농관원 충남지원, '농지 임대차 계약 전 직불금 수령이 가능한지 확인하세요'",http://www.aflnews.co.kr/news/articleView.html?idxno=292109,계약으로임대차가 이뤄지고 있는 실정이다. 이에 충남농관원은 임차 농업인의 피해 예방과 국가 기반 시설인 농지에 대하여 한국농어촌공사와... 또법개정 건의로 직불금 지급 제한 농지라도 한국농어촌공사에 위탁한 농지는 예외로 임차 농업인의 권익 보호와 임대인의 안정적 임대를 보장하는 한편...,
임대차법,"백종원의 더본코리아, '농지법 위반' 논란에 공식사과 ""생산방식 전환 중""",https://www.newsis.com/view/NISX20250312_0003095691,"또 백석공장이 무단으로 예덕학원 소유 농지를 사용했다는 의혹에 대해 더본코리아는 ""적법하게 예덕학원과임대차계약을 체결해 임차료를 지급했다""고 말했다. 마지막으로 더본코리아는 ""현재 행정적으로 처리되거나 법적으로 문제되는 부분에 대해서는 사실관계를 조속히 확인하고 신속하게 시정조치를 취할...",
임대차법,"월세 연체, 임대차 계약 종료의 원인 될 수 있다",https://www.hellot.net/news/article.html?no=99322,"주택임대차계약에서 임대인은 임차인이 2기의 차임액을 연체한 경우 계약을 해지할 수 있으며, 상가임대차계약에서는 임차인이 3기의 차임액을 연체한 경우 계약 해지가 가능하다. 이러한 규정은임대차계약의 안정성을 보장하기 위한 법적 근거가 된다.임대차계약을 해지하기 위해서는 ‘각 기수에...",
임대차법,특별법 5월 만료… 전세 보증금 사고·사기 어떡하나,http://www.ujeil.com/news/articleView.html?idxno=364350,"25일 한국부동산원임대차사이렌 보증사고현황에 따르면 올 1~2월 기준 울산 지역에서 2개월간 발생한 전세 보증 사고 피해 금액은 83억300만원으로 집계됐다. 지난해 같은기간(220억3천만원)보단 62% 낮아졌지만, 전세 보증금 사고가 속출하기 시작했던 2023년(29억6천만원)과 비교하면 약 3배 높은 상태다. 전세...",
임대차법,"이재명 ""10년 임대차 보장법, 바람직하지 않아..."" 민생의제 논란에 선 그어",https://www.kmaeil.com/news/articleView.html?idxno=496941,"/뉴스핌 이재명 더불어민주당 대표가 임차인 거주기간을 최장 10년 보장하는 주택임대차보호법 개정안에 대해 분명한 반대 입장을 표명했다. 이 대표는 17일 오전 페이스북을 통해 ""전세 계약을 10년 보장하는임대차법개정은 논의를 거친 당 공식 입장이 아니다""라며 ""개인적으로도 바람직하지 않다는 의견을...",
임대차법,임대차2법 後 : 집주인이 예상했던 불안은 없었다 [분석+],https://www.thescoop.co.kr/news/articleView.html?idxno=305210,"이 상상은 2020년 7월 주택임대차보호법이 일부 개정되면서 현실이 됐다. 다름 아닌 '임대차2법'이었다. # 부동산 시장과 집주인들은 이구동성으로 불만을 털어놨다. 매물이 줄고 전월세 가격은 상승하는 역효과가 발생할 것이라고 아우성을 쳤다. 그로부터 5년이 흐른 2025년 2월, 국토부가임대차2법의...",
임대차법,실거주 이유로 임대차 갱신 거절한 뒤 매도해버린 임대인[최광석의 법으로 읽는 부동산],https://magazine.hankyung.com/business/article/202503130636b,애매한법규정 때문인데 실거주를 이유로 한 갱신 거절 관련 규정은 다음과 같다. 주택임대차보호법에 따르면 임대인은 임차인이 계약갱신을 요구할 경우 정당한 사유 없이 거절하지 못한다. 다만 다음에 해당하는 경우에는 그렇지 않다. 임대인(임대인의 직계존속·직계비속 포함)이 목적 주택에 실제...,
임대차법,"""농업인간 농지 임대차 전면 허용해야""",http://www.agrinet.co.kr/news/articleView.html?idxno=335255,"이보다는 상속·이농에 의한 비농업인의 농지 소유를 최대한 억제하고, 현장의 여건 변화를 감안해 농업인 간 농지임대차를 전면 허용하는 방향으로... 영농수익으로는 농지를 매입할 수 없는 여건에서 유일한 해법은 농지임대차전면 허용""이라고 주장했다. 이어 ""경자유전원칙을 대며 농지임대차를 해도...",
임대차법,"부산 해운대구, 건축법 상담 지원…‘건축상담지원단’ 운영",https://www.cnbnews.com/news/article.html?no=714653,"해운대구 내 토지나 건축물 소유자는 물론,임대차·매매계약 당사자 및 기타 이해관계인도 신청할 수 있으며, 올해 총 다섯 차례 진행될 예정이다. 지난 2월에 이어 두 번째 상담은 4월 11일까지 신청을 받는다. 상담을 원하는 주민은 구청 홈페이지 ‘행정-건축자료실’에서 ‘맞춤형 건축상담지원 신청서’를...",
임대차법,"野 전세 10년 보장?...""시장 혼란 文정부 임대차법 실기 잊었나""",https://www.mediapen.com/news/view/998244,야당에서 내놓은 전세 계약 10년 보장 등임대차제도 개편 방안에 대한 논란이 확산하고 있다. 사유재산에 해당하는 주택에 대해 장기 임대를 강제해 자유시장경제 원칙에 위배된다는 비판에 더해 전셋값 폭등이 결국 세입자 피해로 돌아갈 것이라는 우려 때문이다.임대차3법 등 무리한 규제 정책으로...,
임대차법,[기획] 개편 혹은 폐지…주택임대차 2법 존폐 찬반 갈려,http://www.m-i.kr/news/articleView.html?idxno=1217406,주택임대차2법 존폐를 두고 임차인 주거안정을 위해 필요하다는 의견과 임대료 급등 문제 해결을 위해 폐지해야 한다는 목소리가 갈리고 있다. 사진은 서울 송파구 한 공인중개사사무소. 사진=연합뉴스 제공 매일일보 = 김승현 기자 | 오는 7월이면 시행 5년 차를 맞게 된 주택임대차2법(계약갱신청구권...,
임대차법,"[발언대] 전세사기특별법, 연장과 강화가 필요하다",https://www.kyongbuk.co.kr/news/articleView.html?idxno=4034759,"피해자 보호를 위한 제도적 장치를 확립하고,임대차시장의 구조적 개선이 이루어질 수 있도록 법의 연장과 지원 내용 강화를 논의해야 한다.... 이를 개선하기 위해 계약갱신청구권 확대, 임대료 인상률 제한, 전세가율 규제,임대차등기 의무화 등의 조치가 필요하다. 특히, 전세가율(매매가 대비 전세금 비율)...",
임대차법,회생절차와 임대차계약 [이응교 변호사의 도산법 네비게이터],https://www.sedaily.com/NewsView/2GQCFAK4TE,"이들은 기존임대차계약이 유지될 것인지, 보증금 반환은 가능한지, 차임을 계속 지급해야 하는지 등 실질적인 문제에 대한 해답을 찾아야 한다. 이 가운데 가장 핵심적인 법적 쟁점은 보증금반환채권과 차임 채무의 상계 가능성, 차임 거절의 효과, 그리고임대차계약서에 포함된 도산해지조항의 효력이다. 이는...",
임대차법,[사설] 농업·농민 위한 ‘농지임대차보호법’ 제정하자,https://m.skyedaily.com/news_view.html?ID=266748,"이 문제의 본질은 불법임대차에 대한 처벌 기준 미비와 농지임대차를 보호하는 법적 장치가 부재하다는 점이다. 따라서 친환경농업인으로 등록한 임차인을 보호하기 위해 구체적인 법적 방안이 시급히 마련돼야 한다. 주택은 ‘주택임대차보호법’, 상가는 ‘상가건물임대차보호법’이 제정돼 각각 임차인을...",
임대차법,[법률S토리] 임차인 사망과 임대차계약관계,https://www.moneys.co.kr/article/2025022617013514305,A씨는 너무 젊은 C가 못 미덥기도 하고 혹시나 C와임대차계약을 체결했다가 10년 갱신을 다시 보장해야 하는 것은 아닐까 걱정도 된다. B의 사망을 이유로 임대인의임대차계약 중도해지가 가능할지 궁금하다. 임차인이 사망한다고 하더라도 임차인의 사망 사실만으로 상가임대차계약이 당연히 종료하는 것은...,
임대차법,"김희정 의원, 전세 사기 피해 예방 3법 대표 발의",https://www.yna.co.kr/view/AKR20250311101000051?input=1195m,"큰 폭으로 늘었지만, 전세보증금을 상습적으로 반환하지 않은 임대인의 명단은 공개하지 않고 있다. 개정안은 주택금융공사도 일정 요건에 해당하는 악성 임대인의 신상을 공개할 수 있도록 해 악성 임대인으로부터 임차인을 보호하고, 주택임대차사장의 신뢰도와 안정성이 높아지도록 했다.",
임대차법,끝나지 않는 전세사기의 고통···방지법 논의는 하세월,https://www.goodkyung.com/news/articleView.html?idxno=259620,"◇ 전세사기 피해자 2만7372명···작년 연말보다 3000명 가까이 증가 주택임대차등기 의무화 필요성 제기, 관련법논의는 진척 없어 전세 이용자들은 그동안 공인중개제도, 전세보증금반환보증보험, 최우선변제금 등 정부가 만들어 놓은 전세사기 예방 제도를 믿고 전세를 이용해왔다. 하지만 이 같은 제도가...",
임대차법,"백종원의 더본코리아, 농지법 위반 의혹에 입 열었다",https://www.gukjenews.com/news/articleView.html?idxno=3224835,"예덕학원 소유 농지를 무단으로 사용했다는 의혹에 대해선 ""적법하게임대차계약을 체결해 임차료를 지급했다""고 주장했다. 더본코리아는 ""행정적 또는 법적 문제에 대해 사실관계를 신속히 확인하고 시정조치를 취할 예정""이라며 다시 한번 사과의 뜻을 전했다.",
임대차법,"'농지법 위반' 백종원 해명 나서…""사실과 달라""",http://mbn.mk.co.kr/pages/news/newsView.php?category=mbn00009&news_seq_no=5098498,"더본코리아 측은 ""백석공장은 학교법인 예덕학원과 해당 농지에 대해임대차계약을 체결한 후 임차료를 지급하여 사용했다""고 전했습니다. 이어 해당 농지 소유자가 백종원 대표라는 보도에도 ""학교법인 예덕학원이 소유권을 취득한 이래 한 번도 소유자가 변동된 적이 없다""며 논란을 일축했습니다. 더본코리아...",
임대차법,[사설] 李 “전세 10년 보장은 시장 원리 어긋나”…反시장법 이뿐인가,https://www.sedaily.com/NewsView/2GQB02RJKZ,2020년법개정을 통해 기존 2년이던 임대 기간을 최대 4년으로 늘렸는데 이를 최소 10년으로 연장하자는 법안이다. 이 대표는 “국민의 주거권 보장은 국가의 중요한 책무이지만 어떤 정책이든 시장 원리를 거스른 채 정책 효과를 달성하기는 어렵다”고 강조했다. 이어 “현실적으로 민간임대차시장을...,
임대차법,"[단독] 자영업 임대차 분쟁 해결 속도 높인다…野, 개정안 발의",https://www.joongang.co.kr/article/25318970,더불어민주당이 560만 자영업자가 겪는 고질적인 고통 중 하나인 상가임대차 분쟁 관련 제도를 손질한다. 민주당 을지키는민생실천위원회(옛 을지로위원회) 소속 김남근 의원은 7일 상가건물임대차 분쟁조정제도를 활성화하는 방안을 담은 상가임대차법개정안을 발의했다. ▶피신청인이 분쟁조정에...,
임대차법,"[투데이 Pick] 민주당, '전세 10년 보장' 철회했지만 여진 계속...""무한갱신 시 임대차시장 붕괴""",https://www.news2day.co.kr/article/20250318500228,"이미 임대차2법의 계약갱신청구권으로 전세 매물 감소와 임대료 상승이 현실화된 가운데 또다시 시장 왜곡을 초래하는 것 아니냐는 지적이 나온다. 17일 이 대표는 페이스북을 통해 ""전세 계약을 10년 보장하는임대차법개정의 경우 논의를 거친 당 공식 입장이 아닐뿐더러, 개인적으로도 바람직하지 않다는...",
임대차법,"[부동산 지식] 임대차보호법에 우는 집주인들... ""명도소송만이 해법인가""",http://www.chungnamilbo.co.kr/news/articleView.html?idxno=817586,"이와 같이 임대료 연체로 인해 명도소송을 당하는 세입자가 늘고 있는 가운데 과도한임대차보호법 때문에 집주인들도 소송에 따른 경제적 부담을... 이어 ""임차인의 권리 보호도 중요하지만, 집주인의 경제적 손실을 무조건 감수하게 하는 것은 바람직하지 않다""며 ""임대차시장의 균형이 필요하다""고 강조했다....",
임대차법,"법사위, ‘김건희 특검법’ 법안소위 회부",https://www.etoday.co.kr/news/view/2452074,"법사위는 또 ‘마약 수사 외압 의혹 상설특검법(인천세관 마약 수사외압 의혹 사건 등 진상규명을 위한 특별검사 수사요구안)’을 비롯해 검찰청법 개정안, 고위공직자범죄수사처 설치 및 운영법 개정안, 주택임대차보호법 개정안 등 30개 법안을 소위로 회부했다. 정 위원장은 “여야 간사들이 협의했다”며...",
임대차법,백종원 측 '농지법 위반' 조목조목 해명했지만…빽햄·LPG 논란은?,http://news.mt.co.kr/mtview.php?no=2025030710071393460,"더본코리아 측은 ""임대차계약을 체결하고 임차료를 지급했다""며 ""해당 농지는 1967년부터 예덕학원 소유로, 백종원 대표와는 무관한 것""이라고 해명했다. 더본코리아는 ""예덕학원은 백 대표가 이사장으로 있는 별도의 학교법인일 뿐""이라며 ""자사와는 독립적으로 운영되고 있다""고 부연했다. 이어 더본코리아가...",
임대차법,"강동구, 임대차 알림톡 서비스",https://www.siminilbo.co.kr/news/newsview.php?ncode=1160284412939978,"(사진=강동구청 제공) 강동구(구청장 이수희)가 이달 말부터 민간임대사업자의 주요 의무사항인임대차계약 신고 시기 및 중요 공지사항 등을... 구에 따르면 2024년도 접수된 임대사업자 민원 현황 대부분이임대차계약 신고(8771건)와 관련된 내용으로, 이번 사전 알림 서비스를 통해 월 1회 이상 알림을 발송해...",
임대차법,"이강일 의원, 출입국관리법 및 공인중개사법 개정안 발의",https://www.ggilbo.com/news/articleView.html?idxno=1078869,"또한 현행 공인중개사법은 개업공인중개사가 중개대상물의 상태와 권리관계 등을 중개의뢰인에게 설명하도록 의무를 규정하고 있으며, 주택임대차계약 시에는 전세사기 예방을 위해 임차인의 정보 요청 권한에 대해 추가로 설명하도록 하고 있다. 그러나 청년, 고령층 등 주택임대차정보가 부족한 임차인들은...",
임대차법,"[아유경제_부동산] 이강일 의원 ""공인중개사, 주택 임차인에 '임대차 3법' 설명해줘야""",http://www.areyou.co.kr/news/articleView.html?idxno=88063,"개업공인중개사의 설명의무 사항에 '임대차3법 설명의무'를 추가하는 입법이 추진된다. 국회 정무위원회 소속 더불어민주당 이강일 의원은 이 같은... 이어서 ""많은 임차인들이 2020년 도입된 '임대차3법'의 내용을 몰라 권리행사를 하지 못하고 있다""며 ""주택임대차중개 시 설명의무에 「주택임대차보호법」상...",
임대차법,"[부동산 인사이트]“폐지냐, 개편이냐”… 기로에 선 ‘임대차 2법’",https://www.asiatoday.co.kr/view.php?key=20250305010001491,"하지만 임차인(세입자)를 보호하겠다는 입법 취지와 달리 제도 시행 후 전세 매물 감소, 전셋값 급등, 이중가격 형성, 집주인과 세입자 갈등 등 부작용도 적잖게 발생하면서법개정 필요성이 꾸준히 제기됐다. 2022년 출범한 윤석열 정부는임대차2법 폐지를 국정 과제로 추진해 왔으나, 야당 반대와 시장 혼란...",
임대차법,전세사기 피해 '현재 진행형'...특별법 연장은 '하세월',https://www.asiatime.co.kr/article/20250318500304,임대차시장에서 월세 계약 비율은 역대 최대치를 기록했다. 법원 등기정보광장 자료에 따르면 지난 2월 확정일자를 받은 전국 주거시설 28만4454건 중 월세로임대차계약을 체결한 건수는 17만9656건(63.2%)이다. 이는 관련 통계 집계를 시작한 2010년 7월 이후 월별 기준으로 역대 최대 비율이다. 상황이...,
임대차법,"""최우선변제금 높이자""…野김승원, 소액임차인 보호법 발의",http://www.edaily.co.kr/news/newspath.asp?newsid=03919606642075112,김승원 더불어민주당 의원은 28일 보증금을 돌려받지 못하는 소액임차인 보호를 강화하는 내용의 ‘주택임대차보호법 개정안’을 발의했다고 밝혔다. 이번 개정안은 최우선변제금의 상한을 기존 ‘주택가액의 2분의 1’에서 ‘3분의 2’로 확대하는 내용을 담고 있다. 이를 통해 더 많은 임차인이 보증금을...,
임대차법,[부동산] 담보신탁된 아파트 수탁자 동의 없이 위탁자와 임대차계약 했다가 보증금 날려,http://www.legaltimes.co.kr/news/articleView.html?idxno=85068,"위탁자와의임대차계약을 중개하며 임차인에게 담보신탁계약의 법적 의미와 효과, 수탁자의 동의를 받아야 신탁회사에 대항할 수 있는 점 등을 설명하지 않았다가 보증금 전액을 물어주게 되었다. A는 2019년 4월 8일 공인중개사인 B의 중개를 통해 인천에 있는 아파트에 대해임대차보증금 7,000만원, 기간...",
임대차법,상증세 전문가가 알려주는 공익법인 11가지 세법상 의무,https://www.taxtimes.co.kr/news/article.html?no=268866,"◆특수관계인과 부당 내부거래 금지=공익법인이 출연받은 재산, 그 재산을 원본으로 취득한 재산이나 출연받은 재산 등의 매각대금 등을 출연자 및 특수관계인에게 정당한 대가를 받지 않고 사용 수익(임대차, 금전소비대차, 사용대차 등)하게 하는 경우 공익법인에게 증여세가 부과된다. ◆특정계층에만...",
임대차법,"약국 상가 임대차 '갈등', 조정 기록도 법적 증거 인정되나",https://www.kpanews.co.kr/article/show.asp?idx=257710&category=C,관련임대차분쟁이 발생했을 때 소송보다 조정으로 분쟁 해결을 신속하게 마무리 하기 위한 법안이 국회에 제출됐다. 이번 법안은 약국 점포의 경우도 동일하게 적용되는 만큼 관심이 필요해 보인다. 국회 의안정보시스템에 따르면 김남근 더불어민주당 국회의원은 10일 상가건물임대차보호법 개정안을...,
임대차법,"더본코리아, 농지법 위반·원산지 논란에 연이은 사과...백종원 ""철저히 반성""",https://www.joongangenews.com/news/articleView.html?idxno=412879,"또한 백석공장이 예덕학원 소유 농지를 무단 사용했다는 논란에 대해선 ""임대차계약을 체결하고 임차료를 지급했다""고 밝혔다. 더본코리아는 최근 제품 논란에도 휘말렸다. 자사 제품인 '빽햄'의 돼지고기 함량, 감귤맥주의 감귤 함량이 낮다는 소비자 지적이 나왔다. 이에 대해 회사 측은 ""소비자의 기대에...",
임대차법,"부동산중개 '법 위반' 수두룩…제주시, 고발 등 38건 행정처분",https://www.jejusori.net/news/articleView.html?idxno=434620,ⓒ제주의소리 자료사진 지난해 제주시 부동산중개업소들의법위반행위가 잇따라 적발된 것으로 나타났다. 제주시에 따르면 지난해 관내... 점검 주요 내용은 △중개대상물 표시·광고 위반행위 △등록증·자격증 대여 및 무등록·무자격 중개행위 △임대차중개 시 설명의무 등이다. 제주시는 점검 결과...,
임대차법,전세사기 현재 진행형인데…특별법 일몰 ‘임박’ 속 피해자 ‘발동동’,https://www.dailian.co.kr/news/view/1469322/?sc=Naver,2년 전임대차계약을 중개해 준 공인중개사도 한통 속인 걸 뒤늦게 알았다. 그러는 사이 건물은 경매에 넘어갔다. 같은 빌라에 거주 중인 세입자들과... 및임대차행정 강화 등을 요구하고 있다. 특별법이 실효성을 거두려면 물리적인 시간이 더 필요한 만큼 연장이 필요하다는 것이 이들의 목소리로...,
임대차법,[부동산법 탐구] 명도소송에 얽힌 기나긴 절차…변호사가 들려주는 실무 노하우,https://daily.hankooki.com/news/articleView.html?idxno=1192678,"부동산 시장의 호황과 침체를 반복하는 사이, 경매나임대차분쟁의 촉발점으로 '명도소송'은 늘 수면 위로 떠오르곤 한다. 외견상 소유자와 점유자 간의... 계약 단계부터임대차계약서, 임차료 지급 내역, 그리고 내용증명 등을 철저히 챙기는 것이 핵심이다. 실제로 사건을 맡아보면, 아직도임대차계약서를...",
임대차법,"[NGO 발언대]전세사기는 끝나지 않았다, 특별법을 개정하라",https://www.khan.co.kr/article/202503092146035,"미약한 법이지만 피해자들이 간절히 매달리는 이유다. 타인의 삶과 목숨을 담보로 하는 투기가 용인되는 사회, 비대칭적인임대차구조, 집이 없으면 못 사는데 집 때문에 못 살 지경인 사회를 바꿔내자고 피해자들은 말한다. 전세사기는 계속되고 있다. 전세사기특별법을 개정하라.",
임대차법,"더본코리아, 농지법 위반... 주식 한때 곤두박질",https://www.ggilbo.com/news/articleView.html?idxno=1078634,"또, 백석공장이 예덕학원 소유 농지를 무단으로 사용한 논란에 대해서는 ""임대차계약을 체결하고 임차료를 지급했다""고 해명했다. 더본코리아는 앞서 자사 제품인 빽햄의 돼지고기 함량이나 감귤맥주의 감귤 함량이 부족하다는 지적을 받았으며, 이에 대해 ""소비자의 기대에 부합하는 제품을 선보이겠다""고...",
임대차법,"전세사기 특별법 5월 종료... 피해자들 ""특별법 연장해야""",http://www.incheontoday.com/news/articleView.html?idxno=264679,""" 오는 5월 말 종료되는 '전세사기피해자 지원 및 주거안정에 관한 특별법'(전세사기 특별법)과 관련해 피해자들이법연장을 촉구하고 나섰다. 전세사기... 이와 함께 ▲계약갱신청구권 확대 ▲임대료 인상률 제한 확대 ▲전세가율 규제 ▲임대차등기 의무화 등 근본적인 제도 개선도 요구했다. 한편, 정부가...",
임대차법,"[위클리오늘] 평택시, 주택임대차 계약 건 잊지 말고 신고하세요",http://www.weeklytoday.com/news/articleView.html?idxno=683221,"주택임대차계약 신고제는 '2021년 6월 1일부터 임대 계약일로부터 30일 이내'에 계약 당사자가 임대계약 내용을 신고하도록 하여임대차시장 정보를 투명하게 공개하고 임차인의 권익을 보호하기 위해 도입한 제도로, 위반 시 과태료를 부과하도록 규정하였고 오는 5월 말까지 과태료 부과를 유예하는...",
임대차법,전세사기 특별법 5월 말 종료…구제 기다리는 피해자들 '우린 어떡해' 발 동동,https://www.newswhoplus.com/news/articleView.html?idxno=23219,"진보당은 서명이 모아지면 국회, 정부, 대통령실 등 관계기관에 전달하고, 특별법 개정 및 정책개선을 위해 활용할 예정이다. 서명운동 개시 취지문의 핵심 요구사항은 △특별법 유효기간 2027년 말까지 연장 △전세가율 및 보증금 규제 △기한의 정함이 없는 계약갱신 청구권 확대 △임대차관리 행정 강화 등이다.",
임대차법,"백성현 논산시장 ""체험 농가 법 위반 유도하는 농지법 개정 필요""",https://www.goodmorningcc.com/news/articleView.html?idxno=416695,지난해 5월 한국농어촌관리공사 농지은행관리원에 건의한 '청년창업농의 농지은행임대차계약과 시설설치 승인 절차 일원화' 역시 검토 중이라는 답변에 그쳤다. 또 지난해 7월 국토교통부에 건의한 '농지전용 양성화 대상 토지 지목변경 간소화' 등은 수용곤란이라는 답변을 받았다.,
임대차법,[무언설태] 李 “전세 10년 보장 반대”…다른 反시장법도 접어야죠,https://www.sedaily.com/NewsView/2GQA5MUVUL,이 대표는 페이스북 글에서 “어떤 정책이든 시장 원리를 거슬러 효과를 달성하기는 어렵다”면서 “민간임대차시장을 위축시켜 세입자에게 불이익이 돌아간다는 전문가의 의견도 새겨들어야 한다”고 했는데요. 거대 야당이 노란봉투법 등 반(反)시장·반기업적이라고 지적을 받는 법안들을 모두 접는 게...,
임대차법,[엄정숙 변호사의 친절한 'Law Talk'] 임대인이 명도소송을 제기해야 하는 4가지 경우와 법적 대응,https://www.sisaweek.com/news/articleView.html?idxno=222986,"임대차계약을 체결한 이후 임차인이 계약 조건을 지키지 않거나 계약이 만료되었음에도 불구하고 퇴거하지 않는 상황이 발생할 수 있다. 이러한 경우... 첫째,임대차계약이 정상적으로 종료되었음에도 불구하고 임차인이 계속해서 점유를 유지하는 경우, 임대인은 명도소송을 통해 해당 공간을 되찾을 수 있다....",
임대차법,중대재해법 '유명무실'에…'사망사고' 건설사 명단 공개,http://www.newstomato.com/ReadNews.aspx?no=1254777&inflow=N,CEO 현장 방문시 '가점 부여' 정부는 타워크레인 조종사가 원도급사의 작업계획서에 따라 작업을 수행하도록 타워크레인임대차표준계약서 약관도 제정하는 등 제도개선에 나섰습니다. 중소 건설사를 대상으로 한 안전보건체계구축 컨설팅을 확대 실시하기 위해 현행 1500개에서 2000개사로 늘리는 등 현장...,
임대차법,"산청군, 주택임대차 중개보수 지원",https://www.joongdo.co.kr/web/view.php?key=20250226010008275,"경남 산청군이 주거 취약계층의 전월세 중개수수료 부담을 덜어주기 위해 '주택임대차중개보수 지원사업'을 추진한다고 26일 밝혔다. 이 사업은... 구비서류는 지원 신청서, 기초생활수급자 증명서, 주민등록등본,임대차계약서, 중개보수 영수증, 통장 사본, 개인정보 제공 동의서 등이다. 산청군 관계자는...",
임대차법,"10년간 간호했던 남편 숨지자…전처 자식들 ""혼인신고 안했으니 집 비워주세요""",https://www.newsis.com/view/NISX20250328_0003118005,"주택임대차보호법 제9조에 따르면 임차인이 상속인 없이 사망한 경우 사실혼 배우자가임대차관계를 승계받아 보증금을 받을 수 있다""고 부연했다. 이어 ""임차인에게 상속인이 있더라도 그 상속인이 같은 집에 거주하지 않았다면 사실혼 배우자가 상속인과 공동으로 보증금을 상속받을 수 있다""며 ""A씨...",
임대차법,"권리금소송, 상가임대차보호법 통해 돌려받을 수 있어",http://www.thepowernews.co.kr/news/articleView.html?idxno=151336,"동일법제10조의4 제1항을 살펴보면임대차기간이 종료되기 6개월 전부터는 임대인이 권리금 회수를 방해하는 행위를 금한다고 정하고 있다. 그러나 이러한 규정에도 불구하고 여전히 권리금 회수 방해를 저지르는 임대인으로 문제를 겪고는 한다. 다만, 모든 권리금이 회수의 기회를 갖는 것은 아니기에 먼저...",
임대차법,"양산시, 주거 취약계층 주택 임대차 중개 보수 지원",http://www.metroseoul.co.kr/article/20250306500226,사진/양산시 경상남도와 양산시는 지난달 17일부터 주거 취약 계층의 중개 수수료 부담을 덜어주기 위한 주택임대차중개 보수 지원 사업을 실시하고 있다. 이번 지원 사업의 대상은 '국민기초생활보장법'에 따른 기초생활수급자이며 2024년 8월 1일 이후 체결한 1억원 이하의 주택임대차계약이면 중개 보수...,
임대차법,"임대·임차인이라면 ""주택임대차 계약신고"" 필수",https://www.dkilbo.com/news/articleView.html?idxno=485907,▲ 영주시가 임대·임차인을 대상으로 주택임대차계약신고를 독려 했다. 영주시 제공 영주시가 안정적인 주거생활을 위해 전입신고와 확정일자의 중요성을 6일 밝혔다. 주택임대차계약 후 30일 이내에 반드시 '주택임대차계약신고'를 이행할 것을 당부했다. 전입신고는 임차인의 법적 보호를 위한...,
임대차법,10년 병간호했는데…“전처 자식들이 나가랍니다”[사랑과전쟁],http://www.edaily.co.kr/news/newspath.asp?newsid=03240646642107912,주택임대차보호법 제9조에 따르면 임차인이 상속인 없이 사망한 경우 사실혼 배우자가임대차관계를 승계받아 보증금을 받을 수 있도록 보호하고 있다. 또 임차인에게 상속인이 있더라도 그 상속인이 동일한 집에 거주하지 않았다면 사실혼 배우자가 그 상속인과 공동으로 보증금을 상속받을 수 있도록 하고...,
임대차법,"[단독] 더본코리아 예산 백석공장, 농지법 위반 추가 의혹 제기돼",https://www.asiatoday.co.kr/view.php?key=20250309010003518,"이에 본지는 예덕학원 측에 여러 차례 반론 및 해명을 요청했으나 '납부내역을 확인 중'이라는 말뿐 끝내 답변을 들을 수 없었다.이랬던 더본코리아 측은 ""당사 백석공장은 학교법인 예덕학원과 해당 농지에 대해임대차계약을 체결한 후 임차료를 지급하며 사용했다""며 뒤늦게 본지에 전해왔다.또 예덕학원의...",
임대차법,"더본코리아, 농지법도 위반? 주가 하락세 어디까지",http://www.koreastocknews.com/news/articleView.html?idxno=109706,"또한 백석공장이 학교법인 예덕학원 소유 농지를 무단으로 사용했다는 의혹에 대해서는 ""백석공장은 학교법인 예덕학원과 해당 농지에 대해임대차계약을 체결한 후 임차료를 지급하여 사용했다""고 일축했다. 백종원 대표는 올해들어 '빽햄' 논란으로도 여론의 질타를 받았다. 설 명절을 앞두고 한돈 빽햄...",
임대차법,집주인과 계약에 따라 전입신고 안 한 오피스텔…“주택임대차보호법 적용받을 수 있나?”,https://lawtalknews.co.kr/article/HFADQ3X2KAC1,"A씨는 이 오피스텔에 대한임대차계약 종료 60일 전까지 임대인으로부터 아무런 말이 없었기에, 주택임대차보호법에 따라 묵시적 갱신이 된 것으로 알고 있었다. 그런데 어제 갑자기 임대인으로부터 월세를 10만 원(5% 훨씬 초과)을 증액하려고 한다고 문자가 왔다. 주택임대차보호법에 따라 당연히 묵시적 갱신이...",
전월세 상한제,전월세 상한율 ‘5%’ 상향될까…임대차2법 개편 공론화 착수,https://biz.heraldcorp.com/article/10450942?ref=naver,"그는 “전월세상한제를 보다 유연하게 적용해야 한다”며 “시장임대료가 50% 상승한 경우 상한을 25%를 두고 30% 상승한 경우 15% 오르는 식으로 시장상황을 반영할 수 있도록 하는게 어떻겠느냐”고 제시했다. [연합] 2020년 임대차2법 도입 당시, 모든 민간 주택 계약에 법을 ‘소급적용’ 시킨 정책결정이 혼란을...",
전월세 상한제,계약갱신·전월세상한제 존폐 기로...임대차2법. 제도개선 본격화,https://www.newspim.com/news/view/20250326000931,"임차인 보호·임대료 상승 억제의 두 마리 토끼를 모두 놓쳤다는 비판을 받아온 임대차 2법(계약갱신청구권·전월세상한제)이 존폐 기로에 섰다. 정부가 강력한 개선 의지를 보이는 가운데, 제도를 유지한다면 계약갱신청구권 활용 여부를 선택하거나 전월세 상한선을 유연하게 조정할 수 있도록 해야 한다는...",
전월세 상한제,"정부, 전월세 인상률 ‘5→10%로’ 손질 시동",https://www.sedaily.com/NewsView/2GQDD2L567,임대차 2법은 전월세 계약을 ‘2+2년’으로 연장하는 ‘계약갱신청구권’과 임대료 상승률을 5% 이내로 제한하는 ‘전월세상한제’를 통칭한다. 지난 2020년 당시 여당인 더불어민주당 주도로 개정돼 시행 5년째를 맞았다. 하지만 전월세 매물 잠김 현상과 가격 왜곡 문제점 등이 발생해 개선 필요성이 제기된 바...,
전월세 상한제,"정부, 전월세 인상률 10%로 손질하나",https://www.sedaily.com/NewsView/2GQDRWLCJS,임대차 2법은 전월세 계약을 ‘2+2년’으로 연장하는 ‘계약갱신청구권’과 임대료 상승률을 5% 이내로 제한하는 ‘전월세상한제’를 통칭한다. 지난 2020년 당시 여당인 더불어민주당 주도로 개정돼 시행 5년째를 맞았다. 하지만 전월세 매물 잠김 현상과 가격 왜곡 문제점 등이 발생해 개선 필요성이 제기된 바...,
전월세 상한제,[단독]서민 위한다던 임대차법… 시행뒤 가격변동성 3배↑,https://www.munhwa.com/news/view.html?no=2025032701071905238001,■ 조세재정연구원 연구 결과 계약갱신청구권·전월세상한제文정부 시행뒤 가격 들쭉날쭉 행운·불운 세입자로 극명 갈려 시장 예측 정확도도 떨어뜨려 문재인 정부에서 서민 주거안정을 위해 제정된 ‘임대차 2법(계약갱신청구권·전월세상한제)’이 당초 의도와 달리 가격 변동성을 3배 키우는 부작용을...,
전월세 상한제,"“전세인상률 상한제 유연 적용을”…정부, 임대차 2법 손질 나서나",https://www.donga.com/news/Economy/article/all/20250326/131288698/1,정부에서 과감한 결단을 내려 바꿔야 한다.”(송경호 한국조세재정연구원 정부투자분석센터장) 정부가 2020년 도입 이후 5년이 지난 임대차 2법(계약갱신청구권·전월세상한제)을 시장 상황에 맞게 바꾸기 위한 공론화 작업에 나섰다. 시장 혼란을 줄이기 위해 폐지보다는 ‘손질’에 방점이 찍혔다. 정부는...,
전월세 상한제,"'임대차법 설명 의무' 법안 두고 중개업계 볼멘 목소리 …""의무만 커져""",http://www.shinailbo.co.kr/news/articleView.html?idxno=2025226,개업 공인중개사가 임대차 계약 시 임차인에게 개정 계약갱신청구권제와전월세 상한제등 개정 임대차법에 관해 설명하는 것을 의무화하는 법안이 국회에 계류 중이다. 전세사기 여파가 여전한 가운데 임차인 보호를 강화하자는 취지다. 이를 두고 공인중개사업계에선 이미 개정 임대차법이 많은 국민에게...,
전월세 상한제,"원하는 건 '전세', 현실은 '월세'… 이유가 뭘까",https://www.sisaweek.com/news/articleView.html?idxno=223102,"'임대차 2법'은 크게 계약갱신청구권제와전월세상한제로 구성되며, 세입자가 원하면 기존 2년 전세계약에 2년을 더 계약을 연장할 수 있다. 또한, 계약 갱신 시 임대료 인상을 5% 이내로 제한한다. 고하희 부연구위원은 ""임대인들 입장에선 4년 동안 묶여 있던 전세가가 이제야 풀린 것이고, 한 번 계약하면...",
전월세 상한제,"'임대차2법' 폐지보단 유지…전문가 ""제도 유연성"" 한목소리",http://news.bizwatch.co.kr/article/real_estate/2025/03/27/0007,"2020년 7월 도입 후 5년차를 맞은 '임대차 2법(계약갱신청구권 및전월세 상한제)'에 대한 개선 움직임이 본격화했다. 전문가들은 당초 윤석열 대통령 대선 공약이었던 법안 폐지보다는 임대료 인상률 상한 개선 등 '제도의 유연화'가 필요하다는데 의견을 모았다. 제도가 어느 정도 안착했고, 장기적인 영향분석도...",
전월세 상한제,"임대차2법 개편 논의…""5% 상한율 조정 등 유연성 강화해야""",http://www.yonhapnewstv.co.kr/MYH20250328060859762,"<송경호 / 한국조세재정연구원 연구위원> ""시장 상황에 맞춰서 (전월세상한제를) 좀 유연하게 변동할 수 있도록 제도를 개선하는 것이 어떨까 생각합니다. 예를 들어서 시장 임대료가 50% 상승한 경우엔 전월세 상한 25%…"" 패널들도 제도의 전면적인 폐지보다는 현실에 맞는 조정이 필요하다고 입을 모았습니다....",
전월세 상한제,"[부동산 인사이트]“폐지냐, 개편이냐”… 기로에 선 ‘임대차 2법’",https://www.asiatoday.co.kr/view.php?key=20250305010001491,"국토연구원, 제도 폐지 등 4개 대안 제시 정부, 계약갱신청구권·전월세상한제개편 착수 임대인 “시장 정상화” vs 임차인 “주거 불안 야기” 야당 반대 등 개편 때까지 난항 예상 ""폐지냐, 수정·보완이냐"". 올해로 시행 5년차를 맞은 주택 임대차 2법(계약갱신청구권·전월세상한제)이 존폐 기로에 섰다. 제도의...",
전월세 상한제,"""주거·교육·연구 환경 개선""...소확행 3법 발의",https://www.pinpointnews.co.kr/news/articleView.html?idxno=327828,국회 교육위원회 정을호 의원(더불어민주당) 은 13일 국회 대학생 입법추진단이 제안한 법안을 보완해 ▲기숙사비 분할 납부를 명시하는 '고등교육법 일부개정법률안' ▲공인중개사가 계약갱신청구권과전월세 상한제를 의무적으로 설명하도록 하는 '공인중개사법 일부개정법률안' ▲우수 연구자 유출을...,
전월세 상한제,"""부작용에 시장 혼선""…임대차 2법 손질 나선 정부[주간 부동산 키워드]",https://www.newsis.com/view/NISX20250328_0003116963,"정부가 2020년 7월 도입된 '임대차 2법(계약갱신청구권·전월세상한제)' 개편을 위한 공론화 작업에 나섰다. 세입자를 보호하겠다는 입법 취지와는 달리 매물 감소와 전셋값 상승, 이중 가격 형성 등 부작용이 나타났기 때문이다. 29일 국토교통부가 공개한 '주택임대차 제도개선 방안 연구' 보고서에 따르면...",
전월세 상한제,"[서미숙의 집수다] 임대차 2법, 시행 5년 만에 수술대 오르나…폐지보단 손질?",https://www.yna.co.kr/view/AKR20250313152000003?input=1195m,"수요 많은 곳에 '선별 적용', 상한요율 10%로 인상 거론…정부, 조만간 공론화 폐기보다는 개선에 무게 두지만…조기 대선 등 변수 많아 향배 미지수 계약갱신요구권,전월세 상한제등 '임대차 2법' 시행이 올해로 5년 차를 맞은 가운데 제도 개선 논의가 급물살을 탈 전망이다. 2022년 5월 윤석열 정부 출범 이후...",
전월세 상한제,"임대차 2법 개선안, 전월세 시장 '대대적 변화' 예고...전월세 상한선 10% 상향 유력",https://www.greened.kr/news/articleView.html?idxno=323154,정부가 2020년 도입된 임대차 2법(계약갱신청구권제·전월세상한제)의 문제점을 해소하기 위해 제도 개선을 검토하고 있다. 이에 따라 전월세 시장에 상당한 변동이 예상된다. 폐지·자율 운영·상한 조정 등 4가지 방안이 검토 중인 가운데 전문가들은 '전월세 상한선 10% 상향 조정'을 유력하게 보고 있다. 임대차...,
전월세 상한제,“전셋값 또 오를까 불안해요”…임대차 2법 개선 추진에 세입자들 ‘한숨’,https://www.mk.co.kr/article/11274861,임대차 2법(계약갱신청구권·전월세상한제) 시행 5년을 맞아 정부가 제도 개편을 위한 움직임에 나섰다. 시장의 눈길이 쏠리는 가운데 임차인들 사이에서 전셋값 폭등이 재현될 수 있다는 우려가 커지고 있다. 27일 아파트·주택 업계에 따르면 지난 26일 오후 세종 국토연구원 강당에서는 국토교통부가 임대차...,
전월세 상한제,[집잇슈]임대차2법 손본다는데…전월세신고제는?,http://news.bizwatch.co.kr/article/real_estate/2025/02/13/0039,2020년 7월 도입한 계약갱신청구권과전월세상한제를 폐지 또는 개선하는 내용이다. 그런데 이들 법안과 함께 '임대차 3법'으로 묶이는 전월세신고제는 이번 논의에서 빠졌다. 전월세신고제로 불리는 '주택 임대차 계약 신고제'는 2020년 8월 도입돼 2021년 6월부터 시행된 제도다. 정부는 올해 5월까지 과태료를...,
전월세 상한제,"“전·월세 상한선 상향, 임대차 2법 보완 필요”",https://www.kmib.co.kr/article/view.asp?arcid=1742978476&code=11151500&cp=nv,정부가 임대차 2법(계약갱신청구권·전월세상한제) 개편을 모색하는 가운데 국책연구기관인 국토연구원이 현재 5%인 전·월세 상한선을 물가·시장 상황을 반영해 유연하게 적용하자고 제안했다. 국토연구원은 ‘임대차 특별지역’을 지정해 지방자치단체별 자율 적용으로 바꾸는 안도 제시했다. 박진백...,
전월세 상한제,2년 넘게 뭉개도 과태료 30만원?…‘전월세신고제’ 무력화되나,https://www.khan.co.kr/article/202502120600015,"문재인 정부 때 도입한 임대차 3법(전월세신고제·전월세상한제·계약갱신청구권제) 중 하나인 임대차거래 신고제도(전월세신고제)는 임대차 시장의 투명성을 높이고, 정보 비대칭을 극복해 임차인의 권리를 보호하려는 취지로 만들어졌다. 이에 따라 계약 당사자(임대인·임차인)는 계약 체결일로부터 30일...",
전월세 상한제,‘전월세 계약 미신고’ 과태료 깎아준다는 정부···‘임대차3법’ 무력화?,https://www.khan.co.kr/article/202502111100001,"문재인 정부 때 도입한 ‘임대차 3법(전월세신고제·전월세상한제·계약갱신청구권제)’ 중 하나인 임대차거래 신고제도(전월세신고제)는 임대차 시장의 투명성을 높이고, 임대인과 임차인 간의 정보 비대칭을 극복해 임차인의 권리를 보호하려는 취지로 만들어진 제도다. 이에 따라 계약 당사자(임대인...",
전월세 상한제,"""임차인 보호 명분 '전월세 상한제', 되레 임차인 내몰았다""",http://www.edaily.co.kr/news/newspath.asp?newsid=01662966639018152,"“임대차 3법 중 가장 큰 문제는전월세 상한제다. 인상률을 연 5%로 제한하니 임대인은 애초에 보증금을 높게 책정할 수밖에 없다. 이는 전세가 상승으로 이어지고, 결국 ‘전세대란’을 초래했다. 법이 오히려 임차인을 더 어려운 상황으로 몰아넣은 셈이다.” 이윤우 청백 공동법률사무소 변호사가 이데일리와...",
전월세 상한제,"[브릿지 칼럼] 전월세 상한제, 단계적 폐지 방안 마련해야",https://www.viva100.com/main/view.php?key=20240904010001157,"전월세 상한제, 단계적 폐지 방안 마련해야전월세 상한제가 도입된 지 4년이 지났다. 2020년 7월부터 시행된전월세 상한제는 임차인이 전월세 계약 갱신을 요구할 경우 전월세 가격 인상률을 5% 이내로 제한하는 제도다. 전월세 가격의 과도한 상승을 억제함으로써 임차인의 주거 안정을 도모하는데 그...",
전월세 상한제,“서울 전월세 가파르게 오를 것”...전문가 10명 중 9명이 입모았다는데,https://www.mk.co.kr/article/11196103,또 내년 주택 공급 부족과 함께 2020년에 도입된 계약갱신청구권과전월세상한제등 임대차 2법이 시행 후 4년이 초과했다는 점도 영향을 미칠 것으로 보인다. 2년 임차 계약 후 5% 상한의 임대료 인상률을 적용받은 임차인들의 추가 2년 거주가 끝나는 상황에서 임대인이 과거에 인상하지 못한 가격 상승분을...,
전월세 상한제,"""서울 전월세 가파르게 오를것"" 92%",https://www.mk.co.kr/article/11196044,또 내년 주택 공급 부족과 함께 2020년에 도입된 계약갱신청구권과전월세상한제등 임대차 2법이 시행된 지 4년을 초과했다는 점도 영향을 미칠 것으로 보인다. 2년 임차 계약 후 5% 상한의 임대료 인상률을 적용받은 임차인들의 추가 2년 거주가 끝나는 상황에서 임대인이 과거에 인상하지 못한 가격 상승분을...,
전월세 상한제,[시시비비]'2+2년' 주택 계약갱신청구권은 올바른 정책,https://view.asiae.co.kr/article/2024071516543977887,"2020년 7월 31일 도입된 계약갱신청구권과전월세상한제등 임대차2법이 이달 말이면 시행 4년을 맞는다. 계약갱신청구권(이하 갱신권)은 최초 2년 계약에서 1회에 한해 2년 재계약을 요구할 수 있는 임차인의 권리로, 계약갱신시 임대료 증액상한은 5%로 제한된다. 18대 국회 때인 2011년부터 국회에서...",
전월세 상한제,"“전월세상한제·계약갱신청구권, 전셋값 끌어올렸다”",https://www.mk.co.kr/article/11053372,계약갱신청구권과전월세상한제를 골자로 한 주택임대차보호법이 새로 계약하는 전세 가격을 10% 안팎으로 상승시켰다는 분석이 나왔다. 지난 27일 발간된 ‘재정포럼 6월호’에서 송경호 한국조세재정연구원 부연구위원은 모형을 바탕으로 임대차보호법 개정이 전세 가격에 미친 영향을 실증 분석한 결과...,
전월세 상한제,"""전월세상한제·계약갱신청구권, 전셋값 상승시켰다""",https://biz.sbs.co.kr/article_hub/20000178557?division=NAVER,계약갱신청구권과전월세상한제를 골자로 한 주택임대차보호법의 시행이 새롭게 계약하는 전세 가격을 10% 내외 상승시켰다는 분석이 제기됐습니다. 한국조세재정연구원 송경호 부연구위원은 오늘(27일) 발간한 '재정포럼 6월호'에서 이런 내용의 '주택임대차보호법 개정이 주택시장에 미친 영향'을...,
전월세 상한제,"심상찮은 전월세 시장, 탄핵 정국에 부동산 정책은 '시계제로'",http://theviewers.co.kr/View.aspx?No=3481962,정부는 당초 임대차 2법(계약갱신청구권·전월세 상한제)이 전월세 시장의 혼란을 불렀다며 폐지를 추진했다. 그러나 윤석열 대통령이 국회의 탄핵으로 직무 정지된 만큼 무산 가능성이 제기된다. 이와 더불어 공급 확대 기반을 마련하겠다며 밀었던 재건축초과이익환수제 폐지도 어려울 전망이다. 이은형...,
전월세 상한제,대출 규제에 탄핵 변수 덮친 부동산… 2025년 전월세 시장 비상,http://www.segye.com/newsView/20241215507995?OutUrl=naver,"윤 대통령 탄핵소추안 국회 통과로 임대차 2법(계약갱신청구권,전월세 상한제) 전면 재검토나 재건축 초과이익 환수제 폐지 등과 같은 윤석열정부 주요 부동산 정책이 동력을 잃고, 시장이 짙은 안갯속으로 빠져들면서 상황을 관망하는 이들이 증가할 수밖에 없기 때문이다. 이로 인해 매수 대신 일단...",
전월세 상한제,"집값 약세, 전월세 강세? 건설·부동산 '탄핵 후폭풍' 4대 관전 포인트",https://ilyo.co.kr/?ac=article_view&entry_id=484223,이에 더해 윤석열 정부가 추진해 온 ‘임대차 2법(계약갱신청구권?전월세 상한제) 폐지’ 계획이 대통령 탄핵 확정으로 무산될 경우 1년 반 넘게 상승해 온 수도권 전셋값을 그대로 떠받치는 환경을 제공할 수 있다. 주택 개발?분양업계에서는 수도권 외곽과 지방에서 이어져 온 ‘분양 찬바람’이 탄핵 정국에...,
전월세 상한제,"정부 '임대차2법 개선안'에 전문가들 ""사실상 폐기 수순... 오히려 보완·강화해야""",https://vop.co.kr/A00001667936.html,"뒤늦게 공개된 주택임대차 제도개선 방안 연구용역 결과를 두고 임대차2법(계약갱신청구권,전월세상한제)을 있으나 마나 한 식물법으로 전락시키려는 의도가 다분하다는 비판이 나왔다. 연구용역 결과가 임대차2법을 폐지하거나 그에 상응하는 수준이어서 현행보다 후퇴한 개선안이 나올 가능성이 높다는...",
전월세 상한제,[연합뉴스 이 시각 헤드라인] - 07:30,https://www.yna.co.kr/view/AKR20250324007600011?input=1195m,전문보기: https://www.yna.co.kr/view/AKR20250323036600002 ■ '전세 10년 보장' 논란속 임대차2법 개편 논의…'손질'에 무게 임대차 2법(계약갱신청구권·전월세상한제) 시행 5년이 다가오는 가운데 정부가 제도 개편을 위한 공론화 작업을 시작한다. 5년 가까이 시행 중인 제도를 폐지하면 시장 혼란이...,
전월세 상한제,[서미숙의 집수다] 이달 말 임대차2법 시행 4년…전셋값 더 오른다고?,https://www.yna.co.kr/view/AKR20240711154300003?input=1195m,"'2+2년' 계약갱신청구권 소진 물량 시장 나와 전셋값 급등 가능성 올해 4분기부터 갱신권 소진 물량은 감소…""갱신권보다 수요가 더 문제"" 전셋값 급등락시 변동성 키울 요소…""합리적 제도 개선 필요"" (서울=연합뉴스) 서미숙 기자 = 지난 2020년 7월 31일 도입된 계약갱신청구권과전월세상한제등...",
전월세 상한제,[기획] 개편 혹은 폐지…주택임대차 2법 존폐 찬반 갈려,http://www.m-i.kr/news/articleView.html?idxno=1217406,사진=연합뉴스 제공 매일일보 = 김승현 기자 | 오는 7월이면 시행 5년 차를 맞게 된 주택임대차 2법(계약갱신청구권·전월세상한제) 존폐를 두고 의견이 엇갈리고 있다. 임차인 주거안정을 위해 유지해야 한다는 의견과 임대료 급등 및 매물 감소 문제를 해결하고자 폐지해야 한다는 목소리가 맞붙은 것이다....,
전월세 상한제,임대차법 5년… “인상률 상한 손질 필요”,https://www.donga.com/news/Economy/article/all/20250327/131291610/2,정부에서 과감한 결단을 내려 바꿔야 한다.”(송경호 한국조세재정연구원 정부투자분석센터장) 정부가 2020년 도입 이후 5년이 지난 임대차 2법(계약갱신요구권·전월세상한제)을 시장 상황에 맞게 바꾸기 위한 공론화 작업에 나섰다. 시장 혼란을 줄이기 위해 폐지보다는 ‘손질’에 방점이 찍혔다. 정부는...,
전월세 상한제,"""임대차2법 개악 말라"" …녹색당 ""국토부의 임대차법 무력화 시도 규탄""",https://www.eroun.net/news/articleView.html?idxno=53172,"그러나 이는 새로운 세입자들에게도전월세 상한제를 확대 적용할 문제이지, 기존 세입자의 계속거주권을 제한할 이유가 될 수 없다. 또한 계약갱신 관련 분쟁의 주요 원인은 '실거주 사유의 갱신거절' 조항으로, 임대인의 갱신거절권을 제한하는 방향으로 개정해야 한다는 것이 녹색당의 입장이다. 녹색당은...",
전월세 상한제,"""폐지냐 보완이냐""…수술대 오르는 임대차 2법",https://www.asiatime.co.kr/article/20250218500182,"'임대차 2법(전월세상한제, 계약갱신청구권)'이 수술대에 오를 전망이다. 보완, 수정이 필요하다는 국책연구기관의 연구용역 결과가 나오면서 정부는 이를 토대로 법 개정에 나선다는 방침이다. 다만 일각에선 임대차 2법이 이미 4년 넘게 시장에서 시행돼 온 법인 만큼 폐지하거나 수정할 경우 또 다른...",
전월세 상한제,주택임대차 보호법 개정에 대한 정부정책 방향과 과제,http://www.ifs.or.kr/bbs/board.php?bo_table=News&wr_id=54798,"② 임대료 급등 방지 및 주택시장 안정전월세상한제를 통해 계약 갱신 시 임대료 인상률을 5% 이내로 제한함으로써, 단기간 내 과도한 임대료 상승을 방지할 수 있을 것으로 기대되었습니다. 임차인들은 갱신계약 시 급격한 전세금 또는 월세 인상에 대한 걱정을 덜게 되며, 임대차 시장의 변동성도 줄어들...",
전월세 상한제,토허제 재개 첫날 강남·용산 주택 거래 ‘뚝’,http://www.segye.com/newsView/20250324514835?OutUrl=naver,한편 정부는 ‘임대차 2법’(계약갱신청구권·전월세상한제) 제도 개편을 위한 공론화 작업에 돌입했다. 국토교통부에 따르면 26일 세종 국토연구원에서 ‘임대차 제도개선 토론회’가 열린다. 이번 토론회에서 국토연구원은 수정·보완을 통한 임대차 2법 제도 재설계를 제안할 것으로 알려졌다.,
전월세 상한제,임대차법 5년 만에 손보나…전월셋값 상승 부작용 해소 ‘주목’,https://www.dailian.co.kr/news/view/1462004/?sc=Naver,최근 국토교통부가 연구용역 결과 보고서를 공개하면서 임대차 2법 개편이 초읽기에 돌입한 가운데 지난 2020년 7월부터 시행돼 시행 5년차가 된 임대차 2법(계약갱신청구권·전월세상한제)이 갈림길에 섰다는 평가가 나온다. 문재인 정부 당시 임차인 보호를 위해 도입된 계약갱신청구권은 기존 전세 계약...,
전월세 상한제,"[집잇슈]'2+2년, 5% 상한' 임대차2법, 바뀌는 걸까?",http://news.bizwatch.co.kr/article/real_estate/2025/02/11/0002,"앞서 문재인 정부는 2020년 7월 계약갱신청구권·전월세상한제, 2022년 1월 전월세신고제 등 '임대차3법'을 도입했다. 그러나 새 임대차법 적용으로 '2년+2년'(계약갱신청구권), '임대료 인상률 5% 제한(전월세상한제)'이 적용되면서 전셋값 상승, 임대인-임차인 갈등 등의 각종 부작용이 시장에서 지적됐다. 윤석열...",
전월세 상한제,"[N2 뷰] '임대차 2법' 개편 논의 본격화...""폐지"" vs ""개선"" 입장차 극명",https://www.news2day.co.kr/article/20250211500227,"11일 관련업계에 따르면 국토부는 임대차 2법(계약갱신청구권,전월세상한제)에 대한 개편안을 준비 중이다. 국토부는 연구용역 결과를 공개하고 제도 폐지와 자율 적용 등의 결과를 토대로 제도 개선 작업에 착수한다는 계획이다. 국토연구원의 주택임대차 제도개선 방안 연구에 따르면 임대차 2법 도입 후...",
전월세 상한제,코앞 다가온 선거... 계약갱신청구권·전월세상한제 '임대차 2법' 운명은?,http://news.mt.co.kr/mtview.php?no=2024040815305959920,"4·10 총선이 코앞으로 다가온 가운데 선거 결과에 따라 임대차 2법(계약갱신청구권·전월세상한제)의 운명이 관심사다. 양당의 임대차 시장 안정 방안에 대한 입장차가 확연하게 갈려서다. 여당이 이기면 당초 윤석열 대통령 공약대로 임대차 2법 폐지에 힘이 실릴 전망이고, 야당이 승리하면 임대차법을 유지한...",
전월세 상한제,전세 두 바퀴 돈 임대차법···계약갱신청구권·전월세상한제 폐지?,https://www.mk.co.kr/article/10977326,"윤석열정부가 출범 당시 “폐기 수준의 개편이 필요하다”고 공언했던 임대차 2법(계약갱신청구권·전월세상한제)이 오는 8월이면 시행 만 4년을 맞는다. 통상 임대차 계약은 만료되기 최소 2개월 전부터 계약 해지나 임대료 인상 여부 등을 협의하는 만큼 임대인, 임차인 모두 계산이 복잡해지는 시기다....",
전월세 상한제,한산한 가을 이사철…쌓이는 서울 아파트 '전월세 매물',http://www.shinailbo.co.kr/news/articleView.html?idxno=1951833,"서진형 광운대학교 부동산법무학과 교수(한국부동산경영학회장)는 ""가격에 대한 피로감과 전세자금 대출 규제 등으로 거래가 이뤄지고 있지 않다""며 ""여기에 임대인들이전월세상한제에 따라 더 높은 가격에 물건을 내놓고 있는 점도 영향을 미쳤다""고 말했다. 정부의 대출 규제 기조가 지속하는 만큼...",
전월세 상한제,"계약갱신요구권·전월세상한제 합헌…""재산권 침해 없어""(종합)",http://www.newsis.com/view/?id=NISX20240228_0002643031&cID=10201&pID=10200,"헌법재판소가 계약갱신요구권 및 차임증액 제한(전월세상한제) 등이 포함된 주택임대차보호법에 대해 헌법재판관 전원 일치 의견으로 합헌 결정했다. 헌재는 28일 오후 2시부터 진행된 헌법소원 및 위헌심판 청구 판결에서 계약갱신요구권,전월세상한제등의 조항을 포함하는 주택임대차보호법 헌법소원...",
전월세 상한제,"헌재, 임대차 계약갱신청구권·전월세상한제 ‘합헌’ 결정(종합)",https://biz.chosun.com/topics/law_firm/2024/02/28/Q3ZK3QDKDBGDDKF4JF5BGUIMDA/?utm_source=naver&utm_medium=original&utm_campaign=biz,집주인(임대인)이 세입자(임차인)와의 계약을 최소 4년간 정당한 사유없이 거절할 수 없게 한 계약갱신청구권과 전월세 임대료 상승률을 5% 이내로 제한한전월세상한제가 합헌이라는 헌법재판소(헌재) 판단이 나왔다. 28일 오후 2시 헌재는 주택을 소유하고 임대하는 개인·법인이 2020년 10월 낸...,
전월세 상한제,"계약갱신청구권·전월세상한제 '합헌'... 헌재 ""재산권 침해 아냐""",https://www.hankookilbo.com/News/Read/A2024022816040004131?did=NA,"이른바 '임대차 3법'의 핵심인 계약갱신청구권과전월세상한제가 임대인의 재산권을 부당하게 축소하지 않는다는 헌법재판소 결정이 나왔다. 헌재는 28일 주택임대차보호법 6조의3, 7조 2항, 7조의2, 부칙 2조에 대한 위헌 확인 소송에서 재판관 9명 전원일치 의견으로 기각했다. 헌재는 ""임차인의 주거안정을...",
전월세 상한제,계약 갱신 청구권·전월세 상한제 4년째…개편 여부 논란,http://www.yonhapnewstv.co.kr/MYH20240516024000641/?input=1825m,"[기자] 2020년 7월 개정된 주택임대차보호법은 부동산 계약갱신청구권과전월세상한제가 핵심입니다. 세입자들은 계약갱신청구권 제도를 통해 기존 임대차 기간을 2년 더 연장할 수 있었고, 재계약시 임대료 상승 폭을 직전 계약의 5% 이내로 유지할 수 있었습니다. 오는 7월, 법 개정 4년차를 앞두고 만료...",
전월세 상한제,헌재 “임대차 갱신 청구권·전월세 상한제 합헌”,https://www.seoul.co.kr/news/society/law/2024/02/29/20240229010007&wlog_tag3=naver,이른바 ‘임대차 3법’으로 불리는 개정 주택임대차보호법(임대차법)의 ‘계약갱신청구권’과 ‘전월세 상한제’가 헌법에 어긋나지 않는다는 헌법재판소 판단이 나왔다. 임차인(세입자)의 주거 안정 보장이라는 입법 목적과 공익에 비교해 임대인(집주인)의 재산권 침해 정도가 크다고 볼 수 없다는 취지다....,
전월세 상한제,전세 사기를 직감하는 세 번의 순간.,https://slownews.kr/130038,"임대차 3법도전월세 상한제, 계약 갱신 청구권 두 개는시행되고 있지만 전월세 신고제는 제대로 시행되지 않는다. 계속 계도 기간 상태였다가 이제는 신고 의무를 위반해도 과태료를 안 물리겠다면서 사실상 무력화했다. 국토부가전월세 상한제와 계약 갱신 청구권마저 폐지를 추진하겠다고 나서는 상황이다....",
전월세 상한제,[박상길의 이슈잇슈] 탄핵 정국 속 `시계 제로`…집주인도 세입자도 속 탄다,https://www.dt.co.kr/contents.html?article_no=2024123002109919036001&ref=naver,"대표적인 정책이 '부동산 시장 정상화'를 앞세웠던 임대차 3법(계약갱신청구권,전월세상한제, 전월세신고제)이다. 특히 계약갱신청구권과전월세 상한제등 임대차 2법 시행은 전월세 가격의 단기 급등과 이에 따른 다주택자의 세 부담 전가 등으로 임차 가구의 주거 불안을 가중했다는 점에서 전면적인 손질이...",
전월세 상한제,"'임대차 2법' 폐지 검토에…유승민 ""전월세 끌어올리는 부작용 야기할 것""",http://www.joseilbo.com/news/news_read.php?uid=522631&class=32&grp=,"대통령실이 계약갱신청구권·전월세상한제등 이른바 '임대차 2법'의 폐지를 검토 중인 것과 관련해 국민의힘 유승민 전 의원이 ""어리석은 정책""이라며 ""전세시장의 불안만 자초할 것""이라고 우려했다. 유승민 전 의원은 1일 자신의 페이스북에 ""전세사기 대책을 확실하게 세우고 공급을 늘려서 서민의...",
전월세 상한제,집값 잡겠다고 대출 조였는데... 전월세 도미노 인상되나,http://news.mt.co.kr/mtview.php?no=2024082715133882556,"문제는 가을 이사철을 앞두고 신규 입주 물량 감소, 이달부터 시작된 임대차 2법(계약갱신권·전월세상한제) 만기 영향 등이 하반기 전셋값을 추가로 부추길 수 있다는 점이다. 또 전세 부담이 커지면서 일부 수요가 월세로 이동해 월세도 자극할 수 있다. 전세대출 한도가 줄고 이자 부담이 늘어나면...",
전월세 상한제,임대차 2법 4년···서울 세입자 절반 계약갱신청구권 사용,http://www.seoulfn.com/news/articleView.html?idxno=528610,"임대차 2법(계약갱신청구권·전월세 상한제) 시행이 4년을 넘긴 가운데 그간 서울에서 전월세를 재계약한 세입자 절반가량이 계약갱신청구권을 사용한 것으로 나타났다. 6일 국토교통부가 제출한 2021년 6월∼2024년 6월 3년치 서울 전월세계약 신고 자료를 분석한 결과, 갱신·신규 내역이 입력된...",
전월세 상한제,'전세 10년 보장법' 논란 커지자…5일만에 선그은 이재명,https://www.hankyung.com/article/2025031797651,"문재인 정부 때인 2020년 도입된 ‘임대차보호2법’은 계약갱신청구권과전월세 상한제(5% 이내) 도입이 핵심이다. 전세 계약 2년이 끝나면 세입자는 한 차례 계약갱신청구권을 행사해 최장 4년간 살 수 있도록 했다. 임대료 보증금 인상률은 5%로 제한했다. 세입자를 보호하자는 취지의 제도였지만, 전세 매물이...",
전월세 상한제,[오늘의 주요 일정] 계약갱신청구권·전월세상한제 헌법소원 선고,https://www.safetimes.co.kr/news/articleView.html?idxno=212686,"계약갱신청구권·전월세상한제헌법소원 선고(14:00 헌재 대심판정) ▲ 서울시청, 2024년 신년 외신기자 간담회(15:00 3층 대회의실) [정책사회] ▲ 복지부, 비상진료체계 점검(10:20 대구) ▲ 복지부, 의사 집단행동 중앙재난안전대책본부 회의(17:00 세종) ▲ 지영미 질병청장, 제8회 희귀질환 극복의 날...",
전월세 상한제,"법정 전월세전환율, 월세→전세 땐 적용 안돼[부동산 빨간펜]",https://www.donga.com/news/Economy/article/all/20240725/126120990/2,이달 말이면 ‘임대차2법’으로 불리는 계약갱신 요구권과전월세 상한제가 시행된 지 만 4년이 됩니다. 계약갱신 요구권을 소진한 물량이 나오면 집주인이 보증금이나 월세를 한꺼번에 올려 받아 가격이 더 오르는 것 아니냐는 전망도 나옵니다. ‘전세의 월세화’ 현상이 가속화되면서 요즘엔 아파트...,
전월세 상한제,뜯어고친다더니.. '尹탄핵'에 임대차2법·재초환 폐지 무산될 판,http://www.edaily.co.kr/news/newspath.asp?newsid=01361206639118848,"윤석열 대통령의 대선 공약인 임대차 2법(계약갱신청구권,전월세 상한제) 전면 개정과 재건축 초과이익 환수제 폐지 등 주요 부동산 정책이 ‘탄핵 가결’로 무산될 위기에 처했다. ‘1기 신도시 정비 선도지구 선정 결과’가 발표된 지난달 27일 오후 경기도 고양시 백송마을 1단지에 플래카드가 걸려 있다....",
전월세 상한제,[서미숙의 집수다] 탄핵 정국 속 휩쓸려갈 尹의 부동산 공약,https://www.yna.co.kr/view/AKR20241212069000003?input=1195m,"(계약갱신청구권,전월세 상한제, 전월세 신고제) 전면 재검토가 본격적인 수정 방안에 대한 논의가 시작되기도 전에 폐기될 처지에 놓였다. 대통령 탄핵과 조기 대선이 현실화할 가능성이 커지면서 수정 공약 이행도 불투명해진 것이다. 공시가격 현실화율 로드맵 폐지, 다주택자 양도소득세 완화, 재건축...",
전월세 상한제,서울 전월세 재계약 절반… 계약갱신요구권 사용,https://www.donga.com/news/Economy/article/all/20240806/126378577/2,임대차2법(계약갱신요구권·전월세상한제)이 시행된 2020년 이래 서울 아파트 전월세 재계약의 절반가량이 계약갱신요구권을 활용한 것으로 나타났다. 다만 계약갱신요구권 사용 비중은 전셋값 상승세가 두드러진 2021년 7월 70% 수준에서 최근 27%까지 낮아졌다. 6일 국토교통부가 더불어민주당...,
전월세 상한제,[이슈]‘부동산 공약’ 잘못 꺼냈다 대선정국 ‘휘청’,https://www.dnews.co.kr/uhtml/view.jsp?idxno=202503251625113130607,"한편, 정부는 시행 5년을 앞둔 임대차 2법(계약갱신청구권ㆍ전월세상한제) 제도 개편을 위한 공론화 작업에 들어갔다. 국토교통부는 26일 ‘임대차 제도개선 토론회’를 열고 정책 손질을 위한 의견 수렴에 나선다. 시장 혼란을 막기 위해 폐지가 아닌 개선에 초점을 맞추고 대안을 찾을 것으로 보인다. 그러나...",
전월세 상한제,"'文 부동산 악몽', 여야 감세 전쟁으로 다시 조명?",https://www.sisajournal.com/news/articleView.html?idxno=327399,"""3년 전 패배 안 돼""…상속세 완화까지 꺼낸 野 앞서 문재인 정부는 계약갱신청구권,전월세상한제, 전월세신고제 도입을 골자로 한 '임대차 3법(주택임대차보호법 및 부동산거래신고법 개정안)'을 강행해 비판을 받은 바 있다. 전세와 매매가를 함께 폭등시킨 동시에 종합부동산세(종부세) 부담도 심화시켜서다....",
전월세 상한제,계약갱신요구권 7월 만기… 전월세 가격 급등하나,https://www.dnews.co.kr/uhtml/view.jsp?idxno=202407021302430460327,"개정된 주요 내용은기존 계약기간 2년에 2년을 추가로 늘려 총 4년 거주를 보장하는 ‘계약갱신요구권(갱신청구권)’과 재계약 시, 임대료 상승폭을 직전의 5% 상한으로 제한하는 ‘전월세 상한제’가 골자다. 중요한 것은 임대차 2법이 지난 2020년 7월에 도입된 이후 4년이 지난 올해 7월에 계약갱신요구권이...",
전월세 상한제,오세훈·이재명 ‘부동산 정치’에 출렁이는 아파트 값 [박일근의 이코노픽],https://www.hankookilbo.com/News/Read/A2025031914480000820?did=NA,계약갱신청구권과전월세상한제를 골자로 한 임대차2법 후 보증금이 폭등한 악몽이 재연될 수 있기 때문이다. 선거 앞 어설픈 ‘부동산 정치’가 오히려 서민 주거 안정을 해칠 수 있다는 우려도 나온다. 현 임대차법은 계약 기간을 2년으로 하고 임차인이 계약갱신청구권을 한 차례 쓸 수 있도록 해 전세 4(2+2)...,
전월세 상한제,"파이터치硏 ""전월세 상한제, 2년간 실질GDP 0.2% 갉아먹어""",http://www.edaily.co.kr/news/newspath.asp?newsid=01197206635610560,전월세 상한제가 시행 2년간 우리나라 실질 국내총생산(GDP)을 총 0.2% 갉아먹었다는 분석이 나왔다.전월세 상한제의 단계적 폐지 방안을 마련해야 한다는 지적이다. 박성복 파이터치연구원 연구실장은 18일 ‘전월세 상한제의 경제적 파급효과’ 보고서에서 이같이 밝혔다.전월세 상한제는 임차인이...,
전월세 상한제,"""건물주요? 가사도우미로 버텨""…전월세상한제에 '하우스푸어' 전락",https://news.tvchosun.com/site/data/html_dir/2024/01/13/2024011390057.html,"이제는 짐으로 다가온 거예요."" 임대차 3법이 시행된 지난 4년간전월세인상률은 이전 계약의 5% 이내로 묶인 사이, 은행권 변동형 주택담보대출 금리 기준인 코픽스는 0.81%에서 4%대로 뛰었기 때문입니다. 같은 기간 한씨가 갚아야 하는 대출 원리금은 임대 수입을 추월했습니다. 은행 대출금 9600만 원을 끼고...",
전월세 상한제,임대 3법 개편 앞두고... '전월세신고제' 과태료 부과 1년 더 유예,https://www.hankookilbo.com/News/Read/A2024041810270000175?did=NA,"임대차 3법 개편을 준비하는 정부가 시장에서 논란이 되고 있는 계약갱신청구권,전월세상한제와 달리 전월세신고제는 시장 투명성을 높이는 데 도움이 된다고 보고 사실상 존치를 확정했다는 해석이 나온다. ""전월세신고제 더 발전시키겠다"" 국토교통부는 내달 말 종료 예정인 주택 임대차신고제의...",
전월세 상한제,전월세 ‘2년 단위 계약’ 유턴?,http://www.kookje.co.kr/news2011/asp/newsbody.asp?code=0200&key=20240609.99099002139,"박상우 국토교통부 장관이 종합부동산세와 재건축초과이익 환수제, 임대차 2법(계약갱신 청구권·전월세 상한제)은 없애는 것이 바람직하다는 의견을 내놨다. 9일 오전 박 장관은 KBS ‘일요진단’에 출연해 “종부세 폐지에 찬성한다”며 “부동산 수익이 많이 나는 것을 막기 위한 징벌적 과세 형태이기 때문에...",
전월세 상한제,전세사기에도 ‘전월세신고제’ 계도기간 또 1년 연장,https://www.seoul.co.kr/news/economy/policy/2024/04/19/20240419021008?wlog_tag3=naver,김인만 부동산경제연구소장은 “애초 임대차 3법 중 신고제를 먼저하고 데이터를 축적해 정확한 계약 시스템을 만든 뒤에 계약갱신청구권과전월세상한제를 시행했어야 하는데 순서가 틀렸다”면서 “전세사기도 결국 안전한 계약 시스템이 갖춰지지 않았기 때문에 발생한 건데 또 유예하는 건 이해하기...,
전월세 상한제,전월세신고제 4년째 '계도만'..오락가락 정책에 혼란 가중,http://www.dailypop.kr/news/articleView.html?idxno=77302,"바로 다음 날 시행된 다른 두 조항(계약갱신청구권,전월세상한제)과 달리 전월세신고제는 1년의 유예기간을 거쳐 2021년 6월부터 본격 시행됐다. 다만 초기에는 주로 대국민 홍보와 신고 의무화에 초점을 두고 1년간의 계도기간을 두기로 했다. 신고 의무만 부여하되 과태료는 부과하지 않기로 한 것이다....",
전월세 상한제,"[논평] ""전월세 신고제 즉각 시행해야""",http://www.nongaek.com/news/articleView.html?idxno=87587,"계약갱신청구권,전월세 상한제가 적지 않은 부작용을 일으킨 이유 중 하나도 전월세 신고제가 전제되지 않았기 때문""이라고 주장했다. 경실련은 ""정부가 임대차 시장 전반의 문제점을 해결할 의사가 있다면 다른 일을 할 것이 아니라 전월세 신고제부터 제대로 시행해야 한다""며 ""그래야 임대차 시장에 대한...",
전월세 상한제,전월세 신고제 1년 미룬 정부…임대 2법 향방은,https://www.viva100.com/main/view.php?key=20240421010006701,윤석열 정부가 출범과 동시에 ‘폐기 수준’을 강조한 임대차 2법(임대계약갱신청구권과전월세상한제도)도 어떤 개편 수순을 밟을지 관심이 모아진다.21일 업계에 따르면 임대차 2법 개선 방안은 국토연구원이 연구용역을 수행해 이달 말 결과가 나온다. 정부는 이에 앞서 다음달말 종료되는 전월세 신고제...,
전월세 상한제,'전월세 상한제' 위반 수두룩…지자체는 뭐했나,http://www.incheonilbo.com/news/articleView.html?idxno=1191880,/양진수 기자 photosmith@incheonilbo.com '인천 미추홀구 전세사기단'이 주택 임대차 계약 과정에서 '전월세 상한제'를 어긴 정황이 드러난 가운데 그동안 관할 지자체가 전세사기단에 관련 법 위반에 따른 과태료를 부과한 적이 한 번도 없어 논란이 일고 있다. 미추홀구는 지역에서 수백억원대 전세 사기를...,
전월세 상한제,"전세대책 못 내놓는 정부…전문가들 ""보증금 상한제, 아파트 임대사업자 부활 검토를""",https://www.joongang.co.kr/article/25253443,"임대차 2법(계약갱신청구권·전월세상한제) 폐지, 전세보증제도 개선, 기업형 장기임대주택 도입 등이다. 이를 통해 규제 완화, 세입자 수요 분산, 주택 공급 확대에 나선다는 계획이다. 국토부는 우선 임대차 2법 대수술을 고민하고 있다. 박상우 국토부 장관은 지난달 “임대차 2법은 원상복구 하는 것이 저...",
전월세 상한제,6월부터 전월세 신고 안하면 최대 100만원 과태료…5월 말 계도기간 종료,https://www.mk.co.kr/article/10973427,"정부는 대통령 공약 등에서 전면 재검토를 내걸었던 임대차 3법 가운데 계약갱신청구권,전월세 상한제등 임대차 2법과 전월세 신고제는 별개 사안으로 보고 있다. 임대차 2법과 달리 신고제는 정책적으로 긍정적인 효과가 커 전면 재검토 대상은 아니라는 것이다. 국토연구원이 4월 말까지 진행하는...",
전월세 상한제,전월세 신고제 계도기간 5월말 종료…6월부터 과태료 부과되나,https://www.yna.co.kr/view/AKR20240322168200003?input=1195m,"현재 정부는 대통령 공약 등에서 전면 재검토를 내걸었던 임대차 3법 가운데 계약갱신청구권,전월세 상한제등 임대차 2법과 전월세 신고제는 별개 사안으로 보고 있다. 임대차 2법과 달리 신고제는 정책적으로 긍정적인 효과가 커 전면 재검토 대상은 아니라는 것이다. 국토연구원이 4월 말까지 진행하는...",
전월세 상한제,"원희룡, '임대차 3법' 손질…""전월세상한제·계약갱신권 폐지해야""",http://www.sisajournal.com/news/articleView.html?idxno=241347,"등록임대 사업자 세제혜택 부활엔 ""등록임대 공급 확대 방향으로 가야"" 원희룡 국토교통부 장관이전월세상한제및 계약갱신청구권 폐지 필요성을 언급했다. 원 장관은 29일 오전 서울 중구 프레스센터에서 열린 관훈클럽 초청토론회에서 '임대차 3법은 폐지 수준의 개정이 필요한가'란 질문에 ""이는...",
전월세 상한제,전월세 대책·분양가상한제 대폭 수정한다…21일 발표,http://www.kukinews.com/newsView/kuk202206200041,사진=조현지 기자 정부가 이달 21일 임대차 시장 안정을 위한 임대차 보완 대책(전월세대책)과 분양가상한제개편 방안을 함께 발표한다. 정부가 내놓는 임대차 보완 대책은 8월 이후 계약갱신청구권을 소진한 세입자의 임대료 부담을 덜어주기 위해 저리의 전세대출 등 정책자금 지원을 확대하는 것이 주요...,
전월세 상한제,전월세·상한제 `손질`… 尹정부 첫 부동산대책,http://www.dt.co.kr/contents.html?article_no=2022062002100163032001&ref=naver,"이를 통해전월세물량 확대를 유도한다는 것이다. 정부는 분양가상한제로 재건축 등 정비사업 조합들이 분양을 미루는 등 주택 공급을 지연하는 요인을 보완하기 위해 정비사업에서 발생하는 비용을 분양가에 반영하는 방안도 추진하고 있다.재건축 등 정비사업 이주비, 사업비, 금융 이자 등을 가산비...",
전월세 상한제,"정부, 전월세대책·분양가상한제 개편안 21일 발표",http://www.m-i.kr/news/articleView.html?idxno=927025,정부가 21일 임대차 시장 안정을 위한 임대차 보완 대책(전월세대책)과 분양가상한제개편 방안을 발표한다. 16일 국회와 정부에 따르면 기획재정부와 국토교통부는 21일 부동산관계장관회의를 열고 이런 내용을 확정해 발표할 예정이다.전월세대책의 골자는 임차인전월세부담 완화와전월세물량 확대로...,
전월세 상한제,"""임대차3법 중 전월세상한제·계약갱신청구권 폐지해야""",http://www.m-i.kr/news/articleView.html?idxno=922899,"김실장은 ""임대인이 받는 제약이 커지면서 정부의 정책 실패에 따른 책임이 전가되는 상황""이라며 ""계약갱신청구권과전월세상한제를 유지할 수 밖에 없다면 임대인의 부담에 상응하는 인센티브를 제공할 방안을 고안할 필요가 있다""고 주장했다. 임대차 3법은 2년 계약 이후 임차인의 요구에 따라 1차례 추가...",
전월세 상한제,"분양가 상한제·전월세 대책, 주택공급 촉진 방안 [경제&이슈]",https://www.ktv.go.kr/content/view?content_id=648714,"분양가상한제개편과 더불어전월세대책도 함께 발표할 계획이라고 하죠? 김유나 앵커> 네, 그렇습니다. 신규 아파트 공급이 더디고전월세대란 우려가 커진 상황에서 부동산 시장을 안정화하기 위해 마련한 방안인데요. 주택공급 활성화에 도움이 될 수 있을지 김대호 글로벌경제연구소장과 함께 이야기...",
전월세 상한제,분양가상한제·전월세 '투트랙'으로 시장 안정 꾀해…6월중 대책 발표,https://www.tfmedia.co.kr/news/article.html?no=125941,"원 장관은 이날 새 아파트에서전월세물량이 시중에 나올 수 있도록 분양가상한제대상 아파트의 실거주 의무와 주택담보대출의 전입 요건도 손대겠다고 밝혔다. 현재상한제대상 아파트는 분양가가 시세 대비 80% 미만이면 최초 입주일로부터 3년, 80% 이상·100% 미만이면 2년 간 계약자가 실입주를 해야 한다....",
전월세 상한제,분양가상한제·전월세 '투트랙'으로 시장 안정…내달 대책 발표(종합),https://www.yna.co.kr/view/AKR20220523138451003?input=1195m,"또 계약갱신청구권,전월세 상한제등 임대차3법으로 인한 하반기 전월세 시장 불안에 대비해 6월 중으로 전월세 대책도 함께 발표한다. 최근 서울 등 신규 아파트 공급 가뭄과 전월세 시장 불안 우려가 커진 가운데 이들 '투트랙' 전략을 조기에 시행해 시장 안정을 꾀하려는 것으로 풀이된다. 분양가 상한제...",
전월세 상한제,"'전월세상한제' 시행한 서울 아파트, 전세 계약 갱신 시 평균 '1억2000만원' 필요",https://view.asiae.co.kr/article/2022052113470672196,"21일 부동산R114랩스(REP)의 시세 조사에 따르면 계약갱신청구권과전월세상한제가 시행된 지난 2020년 7월 31일부터 이달 20일까지 전국의 전셋값 상승률은 27.69%였다. 이 기간 임차인이전월세상한제5%를 적용해 재계약했고 이후 계약 생신을 염두에 둔다면, 오는 8월부터는 약 22%P에 달하는 시세...",
전월세 상한제,"'2+2년' 계약갱신청구권·'5%룰' 전월세 상한제 폐지? 개정?…""내년 중이나 가능""",http://www.newspim.com/news/view/20220727000849,"김정태 건설부동산 전문기자= 정부가 집주인과 세입자간의 분쟁 폭증과 집값 급등의 원인으로 지목된 계약갱신청구권,전월세상한제등 '임대차 2법'에 대한 논의를 본격 착수함에 따라 손질의 정도와 개정안이 언제 시행될 수 있을지에 관심이 모아지고 있다. 윤석열 대통령이 지난 20일 ""전·월세 시장 정상화를...",
전월세 상한제,"국토부·법무부, 계약갱신청구권·전월세상한제 개편 시동",https://www.hani.co.kr/arti/economy/property/1052562.html,정부가 계약갱신청구권과전월세상한제를 뼈대로 하는 ‘임대차 2법’ 개편에 시동을 걸었다. 제도 ‘폐지’까지 열어놓고 대안을 찾는다는 계획이다. 국토교통부와 법무부는 27일 “주택임대차 제도개선 티에프 착수회의를 열고 공동 연구용역과 전문가 의견수렴을 거쳐 제도개선안을 마련하기로 했다”고...,
전월세 상한제,"강북구, 임차인에 전월세 상한제·계약갱신청구권 안내",https://www.siminilbo.co.kr/news/newsview.php?ncode=1160290455256752,"구에 따르면전월세 상한제, 계약갱신청구권 등 개정 주택임대차보호법이 시행된 지 2년이 지났지만 아직도 임대인과 임차인이 피해를 입고 상황이 발생하고 있고, 임대차 재계약 시 분쟁도 지속적으로 발생 중이다. 이에 구는 '임대계약서 구민 정주권 확인 제도'를 운용함으로써 임대차 분쟁을 해결함과 동시에...",
전월세 상한제,"[제22대 국회 입법과제](45) 임대차 2법, 폐지보다 개정 통해 보완해야",http://www.newsfc.co.kr/news/articleView.html?idxno=66273,(계약갱신청구권·전월세상한제)'이 지목된다. 이달 말이면 2020년 8월부터 시행된 '임대차 2법'이 시행 4년을 맞는가운데 한 차례 계약갱신청구권을 사용한 물량이 시장에 대거 풀리면서 전셋값 상승을 부채질한다는 것이다. 이에 따라 정부와 여당은 전셋값 상승세 억제 방안으로 계약갱신청구권...,
전월세 상한제,"정부, 계약갱신권·전월세상한제 폐기 수순···떨고 있는 세입자",https://www.khan.co.kr/economy/economy-general/article/202207271110001,"임대차보호법상 계약갱신청구권제와 전·월세상한제가 도입 2년만에 사실상 폐기 수순에 들어간 것이란 해석이 나온다. 정부는 ‘임대차 시장 정상화’... 이들은 세입자의 계속 거주권 보장, (갱신계약 만료 후) 신규 임대차 계약에 대한 임대료 규제 장치 도입, 민간 임대시장의 모든전월세등록 의무화 및...",
전월세 상한제,"""전월세 상한제 활용해 재계약한 세입자, 신규 계약하려면 시세 상승분 1억2600만원 필요""",http://www.wsobi.com/news/articleView.html?idxno=162870,지난 2020년 7월 시행된 임대차3법의전월세상한제를 적용하고 계약갱신청구권을 행사해 전세계약을 연장한 서울 아파트 세입자들이 올 8월 계약을 갱신하려면 평균적으로 1억2600여만원을 마련해야한다는 분석이 나왔다. 22일 부동산R114랩스(REP)는 계약갱신청구권과전월세상한제가...,
전월세 상한제,"“빚내 집 못사면 월세 살라""...무제한 전세갱신 축소판? [부동산 아토즈]",http://www.fnnews.com/news/202503141436537676,지난 2020년 7월말에는 논란의 중심에 서고 있는 계약갱신요구권(2+2년)과전월세 상한제(5%룰)가 도입됐다. 임대차 2법은 임차인 보호 측면에서 긍정적인 면도 있지만 더 큰 부작용을 키웠다. 국토연 보고서를 보면 임대차 2법 도입 이후 전세가격 상승으로 전세수급 불균형이 확대됐다고 지적했다....,
전월세 상한제,"임대차3법 폐지 부작용 없을까···""전월세상한제 없애면 더 큰 문제""",http://www.sisajournal-e.com/news/articleView.html?idxno=263881,전면 폐지 가능성도 열어놓은 가운데전월세상한제는 임차인 보호를 위해 취지를 지켜나가되 계약갱신청구권은 제도의 경직성을 유연화하는 방향으로 손질해야 한단 조언이 나온다. 임대차3법이 집값이 안정돼야 제 역할을 할 수 있단 진단이다. 29일 관련업계에 따르면 대통령직인수위원회는 이른바 '임대차3법...,
전월세 상한제,"원희룡 ""전월세상한제·계약갱신권 바꿔야…누진적 세액감면도 가능""",https://www.news1.kr/articles/?4726565,"김진 기자,금준혁 기자 = 원희룡 국토교통부 장관이 '임대차 3법'과 관련해전월세상한제및 계약갱신청구권 폐지 필요성을 밝혔다. 원 장관은 29일 오전 서울 중구 프레스센터에서 열린 관훈클럽 초청토론회에서 '임대차 3법은 폐지 수준의 개정이 필요한가'란 질문에 ""2+2년으로 4년 뒤에 (가격이) 한꺼번에...",
전월세 상한제,文 정부 도입한 ‘전월세상한제·계약갱신청구권’ 손본다…제도 개선 TF 발족,http://www.segye.com/content/html/2022/07/27/20220727516767.html?OutUrl=naver,연합뉴스 문재인 정부 시절 도입된 ‘임대차 3법(전월세신고제·전월세상한제·계약갱신청구권)’ 중전월세상한제와 계약갱신청구권(임대차 2법)의 제도 개선을 정부가 본격 추진한다. 국토교통부와 법무부는 27일 주택 임대차 제도 개선을 위한 태스크포스(TF)를 구성해 착수 회의를 열었다고 이날 밝혔다. TF는...,
전월세 상한제,"尹정부 임대차법에 메스 대나...계약갱신청구권, 전월세상한제 조항 손 본다",https://www.mk.co.kr/economy/view/2022/336725,"여소야대 정국, 법안 통과 변수 대통령직인수위원회가 계약갱신청구권제,전월세상한제, 전월세신고제를 핵심으로 하는 이른바 ‘임대차3법’을 단계적으로 폐지하겠다고 밝혔다. 임대차3법 전면 재검토는 윤석열 대통령 당선인 공약이기도 한 만큼 어떤 식으로 손을 댈지 부동산업계 관심이 뜨겁다....",
전월세 상한제,"전월세신고제 과태료 1년 유예…""갱신권·상한제 개정 속도조절 필요""",https://www.news1.kr/articles/?4692721,"다만 계약갱신청구권과전월세 상한제등 나머지 임대차법 개정의 신호탄으로도 해석되는데, 세입자 반발 등을 고려해 속도조절이 필요하다는 조언이 나온다. 국토교통부는 이달 말 종료될 예정이던 전월세 신고제 계도기간을 내년 5월 31일까지 1년 연장한다고 26일 밝혔다. 전월세 신고제는 지난해 6월 1일...",
전월세 상한제,"윤호중, 인수위 검토 ‘임대차 3법 폐지’ 반대…‘전월세 상한제’ 도입 주장",https://biz.chosun.com/policy/politics/2022/03/30/XGNO3EWGSVERJDNPKTCMPWDSE4/?utm_source=naver&utm_medium=original&utm_campaign=biz,“대단히 교각살우의 우를 범할 우려” “임대차 3법 시행 후 무주택자 주거 안정” “신규 계약에도전월세 상한제적용해야” 윤호중 더불어민주당 비상대책위원장은 30일 대통력직인수위원회(인수위)가 ‘임대차 3법’ 폐지·축소를 검토하는 데 대해 “대단히 교각살우의 우를 범할 우려가 있다”고...,
전월세 상한제,"임대차 2법 폐지하면 전세값 안정?…""시장 혼란만 가중""",https://www.newsway.co.kr/news/view?ud=2024081417184543329,문재인 정부에서 시행된 임대차2법은전월세상한제와 계약갱신청구권의 내용을 담고 있다.전월세상한제는 임대차계약 갱신 시 임대료 증액 상한을 기존 임대료의 5% 이내로 제한한다. 계약갱신청구권은 세입자가 원할 경우 2년 계약 만료 시 1회 연장해 최대 4년 동안 계약을 이어갈 수 있다. 다만 집주인이나...,
종부세 개편,"한강벨트의 정치학…'상속세 개편' 치고 나간 이재명, '토허제' 후폭풍 맞은 오세훈 [최병천의 인사이트]",https://www.sisajournal.com/news/articleView.html?idxno=328305,2022년 대선에서종부세는 '한강벨트 초토화세(稅)'이자 동시에 '정권 교체 촉진세'로 작동했다. 상속세개편안은 민주당과 이재명 대표의 '진일보한 정책공학'을 보여준다. 무엇보다 유권자 타기팅이 감탄스럽다. 민주당의 상속세개편안은 면세 대상을 10억원 이하에서 18억원 이하로 바꾸는 것이다....,
종부세 개편,"與, 지방 집에는 다주택 중과 폐지…""양도세·종부세·취득세 모두 적용""",http://news.mt.co.kr/mtview.php?no=2025031811171853244,"권 원내대표는 ""이 같은 세제개편이 수도권 주택 가격 상승을 초래하는 역효과를 미연에 방지하기 위해 두 번째부터 보유하는 주택이 수도권에 위치할... 국민의힘은 해당 세제혜택을 양도소득세와종부세, 취득세 등에 적용할 계획이다. 당초 정부는종부세와 취득세에 대해서 지방 주택 추가 매수시 세제혜택을...",
종부세 개편,"권성동 ""지방에 추가 주택 구입시 다주택자 중과세 폐지 등 세제 개편 논의""",http://www.enewstoday.co.kr/news/articleView.html?idxno=2251095,"권성동 국민의힘 원내대표는 18일 부동산 세제개편과 관련 지방에 추가 주택 구입 시 다주택자 중과세를 폐지하는 등 부동산 시장 정상화를 위한 제도... 권 원내대표는 ""문재인 정부의 기록적인 정책 실패 때문에종부세율 인상, 양도세·취득세 중과, 공시가 인상 등 다주택자에 대한 무차별적 조세폭격은...",
종부세 개편,"[단독] 국민의힘, 종부세 중과 폐지도 추진…정치권 ‘감세 주도권’ 전쟁",https://www.mk.co.kr/article/11260290,안도걸 민주당 의원은 “지금은종부세를 손댈 상황이 아닌 듯하다”며 “종부세규제 완화나 세금 인하가 이미 대폭 이뤄진 상황에서 중과세율 폐지는 부적절하다”고 말했다. 한편 상속세개편과 관련해 여야는 합의가 가능한 부분부터 먼저 처리할 것으로 보인다. 김상훈 국민의힘 정책위의장은 “기재위...,
종부세 개편,홍준표 “종부세 폐지하고 재산세 현실화해야…재건축부담금도 폐지하자”,https://biz.heraldcorp.com/article/10444583?ref=naver,근데 집 한 채 있는데 왜종부세를 내느냐”며 “종합부동산세를 폐지하고 재산세 과표를 현실화해야 한다”고 주장했다. 그러면서 “지금 세금 구조가 잘못됐다”며 “그런 체제를 전부 (개편을) 해가지고 재산세를 올리면 된다”고 했다. 또 “부동산 거래도 좀 활발하게 할 수 있게 양도소득세를 완화하고...,
종부세 개편,상속세 23년 만의 개편 논의… 중산층·기업 만족하는 묘수 찾나[홍희경의 탐구],https://www.seoul.co.kr/news/editOpinion/column/hhk_research/2025/03/06/20250306029001?wlog_tag3=naver,"상속세개편이 단순히 세수의 문제를 넘어 기업 지배구조와 경영 투명성, 나아가 국가 경제 전체에 악영향을 미친다는 우려는 이런 과정을 거쳐 나오게 됐다. #5.종부세표심, 상속세 표심에선 바뀔까 최근 들어 한국의 상속세는 이처럼 두 가지 면에서 한계를 드러냈다. 하나는 중산층의 부동산 상속, 다른...",
종부세 개편,[콕콕 절세전략] 75년 만의 상속세 개편 급물살?,https://biz.sbs.co.kr/article_hub/20000222452?division=NAVER,"상속세개편을 두고 여아가 접점을 찾아가면서 큰 변화가 생기는데요. 어떤 것들이 변하는지 자세하게 알아보겠습니다. 우리은행 WM영업전략부 김혜리... - 부동산 상속 시 취득세·종부세·양도소득세 등 과세 - 상속, 시가표준액 기준 과세…시가보다 약 30%↓ - 취득세율, 상속 주택 3.16%…무주택자는 0.96...",
종부세 개편,"[기고]주택 1채뿐인데, 종부세는 2주택만큼 낸다?",http://news.mt.co.kr/mtview.php?no=2025030409570779009,"[the L]화우 자산관리센터 전문가들이 말해주는 '상속·증여의 기술' 지난해 말 종합부동산세(종부세) 고지서를 받은 60대 박씨,종부세가 생각보다 많이... 국내외 기업의 법인세, 부가가치세 등 각종 조세 사건 이외에도 지주회사 전환, 분할, 사업양도 등 지배구조개편, 가업승계, 자산유동화, 해외투자 등과...",
종부세 개편,"""실거주 1주택 종부세 없애고 상속세 개편 재개해야""",https://www.sedaily.com/NewsView/2GOTS9UX0L,과감하게종부세를 없애야 한다”고 짚었다. 구 회장이 “국민 생활에 영향이 큰 재산세제 혁신이 가장 절실하다”고 강조했다. 그런 맥락에서 “상속·증여세의개편도 시급하다”고 말했다. 구 회장은 “지난해 국회에서 정치 세력 간의 이해가 엇갈려 상증세법은 전혀 손대지 못했다”며 “집 한 채만 있어도...,
종부세 개편,120만명이 내던 주택 종부세 이젠 40만명대…개편 동력 살아날까,http://news.mt.co.kr/mtview.php?no=2024112614280523039,올해 세법개정안을 마련할 때종부세 개편안을 반영할지를 두고 막판까지 조율이 이뤄질 정도였다. 정부는 종부세가 어느 정도 '정상화'됐다고 판단하면서도 개편 여부를 두고 고심 중이다. 2022년 정점 찍고 급감한 종부세 대상자 종부세는 부동산 투기를 막기 위해 2005년 도입된 세금이다. 도입 초기부터...,
종부세 개편,내달 종부세 납부 시작…추가 개편 이뤄질까,http://www.yonhapnewstv.co.kr/MYH20241112020400641/?input=1825m,윤석열 정부는 출범 이후종부세를개편하며 세 부담을 완화해왔는데요. 앞서 정부가종부세폐지 가능성까지 언급한 만큼 추가개편이 이뤄질지 주목됩니다. 김수강 기자입니다. [기자] 올해 서울 아파트 증여 비율이 7년 만에 최저 수준을 기록한 원인 중 하나론종부세부담 완화가 작용한 것으로 꼽힙니다....,
종부세 개편,"최상목 ""종부세 전면 개편, 종합적으로 검토할 것""",https://www.dnews.co.kr/uhtml/view.jsp?idxno=202409101058528060858,"앞서 국민의힘 추경호 원내대표는 지난 5일 국회 교섭단체 대표연설에서종부세와 관련해 “부담을 더 낮추는 방향으로개편하겠다”며 1가구 1주택 공제를 12억원에서 15억원으로개편하고, 다주택자 중과 제도를 폐지하는 방안 등을 언급했다. 이어, 상속세 부과 체계 유산취득세개편시 일괄공제 폐지에 대해...",
종부세 개편,"추경호, ‘민생 협치’ 촉구...“상속세·종부세 개편 추진”",https://www.dnews.co.kr/uhtml/view.jsp?idxno=202409051225419280143,"그는 “중산층의 과도한 세금 부담을 덜어주기 위한 세제개편을 추진할 것”이라며 “종부세는 현 정부 출범 이후 일부 개선했지만 부담을 더 낮추는 방향으로개편하겠다”고 설명했다. 1가구 1주택 공제 상한을 12억원에서 15억원으로개편하고, 다주택자 중과 제도를 폐지하는 방안도 밝혔다. 상속세 완화에...",
종부세 개편,"秋 ""상속세, 유산취득세로 개편…종부세 기준은 15억으로 상향""",https://www.hankyung.com/article/2024090507741,"내년까지 상속세 부과 체계를 유산취득세로개편하고, 1주택자의종부세기준을 12억원에서 15억원으로 상향하겠다고 했다. 추 원내대표는 이날 “중산층의 과도한 세금 부담을 덜어주겠다”며 이같이 말했다. 상속세에 관해 추 원내대표는 “최고 세율을 낮추고, 공제를 확대하고, 최대주주 할증 과세는...",
종부세 개편,[기획] 고금리 및 종부세 완화에 50~60대 주택 보유 증가,http://www.m-i.kr/news/articleView.html?idxno=1180326,고금리와 종합부동산세 완화로 50~60대의 주택 보유가 증가하고 윤석열 정부의종부세 개편과 세부담 완화 정책으로 다주택자 수가 늘어난 반면 대출규제로 2030대의 주택 매입은 위축되며 주택 시장의 양극화가 심화되고 있다. 서울 도심 아파트 전경 모습. 사진=연합뉴스 제공 매일일보 = 최한결 기자...,
종부세 개편,[최병천의 21세기 진보]종부세 개편의 4가지 방향,https://www.khan.co.kr/opinion/column/article/202408152029015,"이재명 대표가 실제로종부세 개편을 할지는 더 두고 볼 일이다. 실제로 해낸다면, ‘리더십’으로 인정받게 될 것이다. 현행 종부세가 왜 문제인지부터 짚고 넘어가자. 한국 종부세는 정책 목표가 지나치게 혼재되어 있다. ①보유세 ②부유세 ③부동산 가격 상승 억제세 ④다주택자 규제세...",
종부세 개편,"민주당, 상속세 완화 속도낸다…금투세·종부세 개편도 관심",https://www.imaeil.com/page/view/2024082217283724256,이에 금융투자소득세(금투세)와 종합부동산세(종부세)의개편가능성도 관심이 쏠린다. 22일 민주당에 따르면 국세청 차장 출신인 임광현 의원이 최근 상속세 일괄공제액과 배우자 상속공제 최저한도 금액을 높이는 상속세 및 증여세법 개정안을 대표 발의했다. 개정안은 상속세 일괄공제액을 현행 5억원에서...,
종부세 개편,[이코노미 플러스]부동산시장 불안 고려했나… 종부세 개편 막판 무산,https://www.kwnews.co.kr/page/view/2024072909145714766,최종 검토 과정에서종부세 개편이 제외된 것은 최근 서울을 중심으로 나타나고 있는 집값 상승 등 부동산시장 상황과 무관치 않아 보인다. 기획재정부가 지난 25일 세제발전심의위원회에서 확정한 ‘2024년 세법개정안’에는 종부세 개정이 제외됐다. 종부세의 개편 수위는 상속세와 함께 올해...,
종부세 개편,‘종부세 개편’ 왜 빠졌나했더니…서울 집값 상승이 발목,https://news.heraldcorp.com/view.php?ud=20240726050418,최종 검토 과정에서종부세 개편이 제외된 것은 최근 서울을 중심으로 나타나고 있는 집값 상승 등 부동산시장 상황과 무관치 않아 보인다. 기획재정부가 25일 세제발전심의위원회에서 확정한 ‘2024년 세법개정안’에는 종부세 개정이 제외됐다. 종부세의 개편 수위는 상속세와 함께 올해 세법개정안의 양대...,
종부세 개편,"정부, '자녀공제 5억씩' 상속세 25년만에 전면개편…종부세는 '보류'",https://www.pennmike.com/news/articleView.html?idxno=85049,"최 부총리는 '부동산시장을 고려한 것 아니냐'는 질문에 ""종부세는 근본적인개편이 필요하고, 지방세에 미치는 영향 또는 재산세와의 관계 등의 고민이 필요하기에 이번엔 담지 않았다""고 설명했다. ◆ 가상자산 소득과세 '유예' 내년부터 시행되는 '가상자산 투자소득 과세'는 2년 유예하는 쪽으로...",
종부세 개편,종부세 개편은 제외…세수 펑크 전망 속 '부자 감세' 논란 예고,https://news.sbs.co.kr/news/endPage.do?news_id=N1007737524&plink=ORI&cooper=NAVER,"<기자> 지난주 배포된 세법개정안 사전 안내자료에는 상속세와 함께종부세 개편도 포함돼 있었습니다. 그런데, 최종 발표에서는 빠졌습니다. [최상목/경제부총리 : 종부세 부담을 낮추기 위한 많은 노력이 있었습니다. 전반적으로 근본적인 개편이 필요하다는 지적이 더 컸다고 생각하고 있습니다.]...",
종부세 개편,“서울 집값 상승 더 부추길라”… 종부세 개편 왜 빠졌나 [2024 세법 개정안],http://www.segye.com/newsView/20240725517277?OutUrl=naver,세법 개정 논의 과정에서 상속세와 함께 가장 큰 쟁점이었던종부세 개편안이 개정안에 결국 들어가지 않은 가장 큰 이유로 최근 서울을 중심으로 급변동 중인 집값이 꼽힌다. 기준금리 인하 기대감 등만으로도 시장 참여자가 급증해 집값을 전고점 수준까지 밀어올린 상황에 ‘부동산 감세’ 시그널까지...,
종부세 개편,꿈틀대는 서울 집값에 결국…막판 무산된 종부세 개편 [2024 세법개정안],https://www.hankyung.com/article/202407246645i,최근 서울을 중심으로 집값이 빠르게 상승하고 있는 상황에서종부세 개편이 집값 상승을 부채질할 수 있다는 우려에 따라 당초 계획을 접었다는 분석이 나온다. 기획재정부는 25일 서울 명동 은행회관에서 세제발전심의위원회를 열고종부세 개편방안이 제외된 ‘2024년 세법 개정안’을 확정했다. 최상목...,
종부세 개편,"최상목 ""상속세 자녀공제 올리면 일괄공제 상승 효과…종부세 근본 개편""[일문일답]",https://www.newsis.com/view/NISX20240725_0002824624,""" -종부세 개편이 담기지 않은 이유는. ""(최상목 부총리)윤석열 정부 들어서서 종부세에 대해서는 여러 가지 노력으로 종부세 부담을 낮추기 위한 많은 노력이 있었지만, 아직도 개선해야 될 사항이 지적되고 있다. 전반적으로 근본적인 개편을 하려다 보면 지방재정에 미치는 영향이라든지, 그다음에 재산세와의...",
종부세 개편,[2024 세법개정안] 대대적 개편 없었다…종부세 폐지·유산취득세 도입 무산,https://www.ajunews.com/view/20240725150023608,대통령실·기재부 공감대에도종부세 개편미완 아주경제=김성서 기자 biblekim@ajunews.com 서울 강남구에서 바라본 도심 전경. [사진=유대길 기자] 정부가 개편을 예고했던 종합부동산세가 올해 세법개정안에 담기지 않았다. 기획재정부는 종부세의 근본적인 개편을 위해 이번 개정안에서 제외됐다는 입장이지만...,
종부세 개편,정부 종부세 개편 움직임에 경실련 반대 성명,http://www.kookje.co.kr/news2011/asp/newsbody.asp?code=0300&key=20240723.99099007132,이들은종부세 개편이 지역균형발전에 역행한다며 즉각 중단을 촉구했다. 부산경제정의실천시민연합(경실련)을 비롯한 전국 경실련은 23일 오전 ‘정부와 정치권은 종부세 폐지 시도를 즉각 중단하라’는 취지의 공동성명을 발표했다. 이들은 이달 말 발표 예정인 내년 세제 개편안에서 종부세 과세 기준...,
종부세 개편,중도 러브콜? 대권플랜? 이재명 종부세 전면 개편 카드 꺼내든 속내는,http://www.ilyoseoul.co.kr/news/articleView.html?idxno=490751,"그는종부세 개편에 대해선 ""이미 2022년에 부과 기준금액을 12억 원으로 올린 바 있다""며 ""여기서 더 나아가 폐지하자는 얘기가 나오는 것은 곤란하다""고 했고, 금투세의 경우도 ""2023년부터 시행하기로 여야가 합의했던 사안으로, 대부분의 개미 투자자에게는 금투세가 적용되지 않는다""고 주장했다. 같은 날...",
종부세 개편,세수 5년간 18조 감소… ‘종부세 개편’ 빠져,https://www.donga.com/news/Economy/article/all/20240726/126123998/2,하지만 22일 내놓은 최종 세법 개정안에는종부세 개편방안이 빠져 있었다. 이를 두고 정부 안팎에서는 최근 서울 집값이 들썩이는 가운데 종부세까지 완화하면 부동산 가격 상승을 더욱 부채질할 수 있다는 우려가 작용한 것 아니냐는 해석이 나온다. 정정훈 기재부 세제실장은 “종부세를 어떻게 끌고 갈...,
종부세 개편,여야 협치…금투세·종부세 등 세제 개편에서 시작하라,https://www.newspim.com/news/view/20240827000836,이 맥락에서 종합부동산세 개정이나 금융투자소득세 등 세제개편에 대한 논의를 여야 협치(協治)의 출발선으로 삼는 것을 고려해 볼 만하다. 이 대표는... 민주당의 오랜 금기였던종부세에 대해서 1주택자에 한해 완화나 면제 등을 언급했으며 금투세에 대해서는 2차 유예(2022년 말 1차 2년 유예) 또는 보완...,
종부세 개편,결국 빠진 종부세 개편... 가상자산 소득과세는 2년 더 유예,https://www.hankookilbo.com/News/Read/A2024072513280003304?did=NA,올해 세법개정안의 핵심 중 하나로 꼽혔던 종합부동산세(종부세)개편이 결국 빠졌다. 당정이 직전까지 개편에 머리를 맞댔지만 시장 과열을 부추길 수 있다는 신중론에 힘이 실린 것이다. 가상자산 소득과세는 2년 더 유예한다. 기획재정부는 25일 이 같은 내용이 담긴 ‘2024년 세법개정안’을 확정했다....,
종부세 개편,“종부세·금투세·상속세 개편 서둘러야”···국힘 경제통의 일성 [금배지 원정대],https://www.mk.co.kr/article/11071852,송 위원장은종부세 개편방향으로 다주택자 중과세 폐지와 1주택자 기본 공제액 상향을 최우선 과제로 제시했다. 그는 “현행 다주택자에 대한 중과세 체계가 적절치 않다고 본다”며 “종합부동산세는 다주택자에 대한 중과세를 손봐서 일반세율과 동일하게 고쳐야 한다”고 강조했다. 송 위원장은...,
종부세 개편,"이재명 '세금정책 우클릭'에…민주, 종부세 개편 논의 본격화",https://www.sedaily.com/NewsView/2DBSVH6H26,수도권의 한 3선 의원도 “종부세는 우리 정당 가치와 직결돼 있는데 더 후퇴하는 것은 어렵지 않나”라고 말했다. 하지만 8·18 전당대회에서 이 후보의 연임이 확정되면 지도부를 중심으로종부세등 세제개편논의에 속도를 낼 것으로 보인다.,
종부세 개편,오르는 부동산에…與 금리인하도 종부세 개편도 ‘멈칫’,http://www.edaily.co.kr/news/newspath.asp?newsid=03093046638959440,"금리 인하로 유동성이 커지고종부세 개편으로 기대심리가 높아지면 부동산 급등을 더욱 부추길 수 있는 만큼 여당에서도 이에 대한 언급을 자제하는 분위기다. 추경호 국민의힘 원내대표가 29일 서울 여의도 국회에서 열린 ‘추경호 원내대표-경제6단체장, 노조법 개정 관련 간담회’에서 발언을 하고 있다....",
종부세 개편,"도마 위 ‘종부세’, 개편 수위 ‘촉각’… 중과세 완화 유력",https://www.kgnews.co.kr/news/article.html?no=801545,이번 개정안의 최대 관심사 중 하나는종부세 개편방안이다. 여야를 막론하고 종부세에 개편이 필요하다는 점에는 어느 정도 공감대가 형성된 상태다. 박상우 국토교통부 장관은 최근 국회에 출석해 “(종부세는) 징벌적인 과세 측면이 강하기 때문에 폐지해야 한다”며 “종부세를 통해 확보하고자 했던 세수...,
종부세 개편,“이 세금 내기 너무너무 싫은데” 줄여준다 말만 많고 허송세월 종부세 [부동산360],https://news.heraldcorp.com/view.php?ud=20241029050567,"재산세와 별도로 부과되는 종부세는 ‘이중과세’라는 비판이 있었던 만큼종부세 개편방안이 담길 것이란 전망이 우세했다. 하지만 정작 정부가 발표한 세법 개정안에종부세 개편안은 빠졌고, 일각에선종부세 개편이 집값 상승을 부채질할 수 있다는 판단에 정부가 이 같은 대책을 제외한 것으로 보고...",
종부세 개편,"국힘 '종부세 개편 논의' 제안에... 민주 ""세수결손 대책부터""",http://www.joseilbo.com/news/news_read.php?uid=521335&class=32&grp=,"앞서 국민의힘 추경호 원내대표는 이날 원내대책회의에서 민주당을 향해종부세와 금투세 등 세제개편논의에 즉각 착수하자는 제안을 내놨다. 추 원내대표는 ""국민의힘은 민생 법안을 처리하기 위한 것이라면 당장 오늘이라도 의사일정에 합의하고 본회의도 개최할 수 있다""며 ""모든 초점은 정쟁이 아니고...",
종부세 개편,"불붙은 집값, 수술대 오른 종부세…이달 말 세제개편 ‘촉각’",https://www.dailian.co.kr/news/view/1383870/?sc=Naver,그중 그동안 ‘징벌적 과세’로 지목돼 온종부세 개편수위를 놓고 시장의 관심이 쏠린다. 종부세는 고가의 부동산 보유자에 대해 별도의 세금을 부과해 조세부담 형평성을 제고하고 부동산 가격을 안정시키기 위한 목적으로 마련됐다. 지난 2005년 도입된 이후 정권이 바뀔 때마다 개정을 거듭했지만...,
종부세 개편,"與 ""종부세 개편, 즉시 논의하자… 첫째도 둘째도 민생""",http://www.shinailbo.co.kr/news/articleView.html?idxno=1903408,"이어 그는 ""이재명 전 민주당 대표가 제안한종부세 개편과 금투세 유예 등 세제 개편 논의에 즉시 착수할 것을 제안한다""며 ""21대 마지막 본회의에서 이 전 대표가 그렇게 서둘렀던 연금 개혁도 여·야·정 실무협의체를 시작해야 한다""고 피력했다. 그러면서 그는 ""민주당의 당리당략을 위한 법안은 민생과 국민을...",
종부세 개편,"與정점식 “이재명, 종부세 개편 진정성 있다면 당론 추진해야”",http://www.edaily.co.kr/news/newspath.asp?newsid=02132006638955176,정점식 국민의힘 정책위의장이 이재명 전 더불어민주당 대표를 겨냥 “종부세 개편추진에 진정성이 있다면 당론으로 추진하겠다고 밝혀달라”고 16일 압박했다. 정점식 국민의힘 정책위의장(사진 = 뉴시스) 정 의장은 이날 오전 서울 여의도 국회에서 열린 원내대책회의에서 이같이 말했다. 앞서 이재명 전...,
종부세 개편,`금투세·종부세 개편` 李 제안에 술렁이는 민주당…당내 이견↑,http://www.edaily.co.kr/news/newspath.asp?newsid=03404646638954848,당내에서종부세 개편·폐지 의견이 나올 때마다 진화에 나섰던 진성준 민주당 정책위위원장은 이번에도 앞장서 반대 목소리를 냈다. 민주당 한쪽에서는 당의 근간이 흔들릴 수 있다고 우려하고 있다. 이들 세제가 노무현·문재인 정부의 유산인 이유가 크다. 전당대회를 앞둔 이 전 대표도 최근 당내 여론을...,
종부세 개편,[사설] 상속세·종부세 등 세제의 합리적 개편 시급하다,https://www.skyedaily.com/news/news_view.html?ID=240869,정부가 추진하려는 감세정책은 그간 꾸준히 문제가 제기돼 온 상속세·종부세등에 대해 시대적 상황을 반영해 합리적으로개편하려는 미래 지향적인 조세정책이다. 예컨대 상속세의 국제적 동향을 보면 상속세가 아예 없는 나라가 경제협력개발기구(OECD) 회원국 38개국 중 호주·캐나다·노르웨이 등...,
종부세 개편,'자녀공제 1인당 5억' 25년만에 상속세 전면 개편…종부세는 '보류',https://www.jeonmae.co.kr/news/articleView.html?idxno=1059568,"최 부총리는 '부동산시장을 고려한 것 아니냐'는 질문에 ""종부세는 근본적인개편이 필요하고, 지방세에 미치는 영향 또는 재산세와의 관계 등의 고민이 필요하기에 이번엔 담지 않았다""고 설명했다. 내년부터 시행되는 '가상자산 투자소득 과세'는 2년 유예하는 쪽으로 법개정에 나설 예정이다....",
종부세 개편,세법개정안 개편 수위 '집중'…상속세·종부세 초점,http://www.shinailbo.co.kr/news/articleView.html?idxno=1902361,상속세·종부세의 구체적인개편수위는 대통령실·여당과의 조율 속에서 확정될 예정이다. 이 밖에도 혼인 특별세액공제도 구체화해 세법개정안에 담길 예정이다. 공제 한도는 남편·아내에 각각 100만원씩 해주는 방안이 거론된다. 공제를 받을 수 있는 연령대 등도 확정할 예정이다. 연령이나 초혼 여부 등에...,
종부세 개편,이재명 검토 의견에 20년 묵은 종부세 개편 논의 급물살 타나,https://www.newsis.com/view/NISX20240711_0002806680,앞서 기획재정부가 지난 2022년 다주택자의종부세중과세율 전면 폐지를 추진한 만큼 올 7월 세제개편안에는 다주택자에 대한 중과세율을 낮춰종부세에 대한 실질 부담을 대폭 줄일 것으로 예상된다. 과세 형평 논란에…1주택자종부세폐지는 실현 가능성↓종부세가 실시되기 전부터 고가의 주택에서...,
종부세 개편,이재명 ‘종부세 개편’이 부른 노선 싸움… 친노-친문 “당 정체성 훼손”,https://www.donga.com/news/Politics/article/all/20240712/125910953/2,● 李종부세 개편론 두고 친노·친문 “정체성 훼손” 이 후보는 최근 당 대표 출마선언 과정에서 “‘먹사니즘’이 유일한 이데올로기여야 한다”며 민생 문제에 초점을 맞춘 행보를 이어가고 있다. 이 후보가종부세 개편안을 들고나온 것도 민생 의제를 통한 중도·외연 확장 전략으로 풀이된다. 이 후보 측...,
종부세 개편,종부세 개편 누구를 위한 변화인가?,https://www.ccdailynews.com/news/articleView.html?idxno=2284773,이번 종부세 완화를 시작으로 양도소득세와 취득세(거래세) 중과 완화까지 이어질 수 있는 만큼종부세 개편은 대규모 부동산 세제 개편의 시작점이 될 것으로 보인다. 특히 부동산 관련 세제가 완화되면 거래 활성화를 통한 부동산 시장 활성화 효과까지 기대되므로 당분간 부동산 시장의 최대 화두가 될...,
종부세 개편,[사설] 중산층에 과도한 부담 상속세·종부세 합리적으로 개편하라,https://www.sedaily.com/NewsView/2DBT9QWX9T,이참에 여야는 과도한 세금으로 어려움을 겪는 중산층과 기업인들까지 부담 완화를 체감할 수 있도록 글로벌 기준에 맞춰 세제 합리화를 추진해야 한다. 무엇보다 입법 권력을 쥔 거대 야당이 소모적인 정쟁을 접고 상속세와종부세 개편의 물꼬를 트는 데 협력해야 한다.,
종부세 개편,‘종부세 개편’ 대척점에 선 이재명과 김두관,https://www.kyeonggi.com/article/20240712580180,"하지만 당내 비수도권 의원들을 중심으로종부세 개편을 반대하는 목소리가 확산하고 있다. 진성준 정책위의장은 이날 최근 ‘불로소득 적극 환수’를 언급하면서 “여러 이유로 당내에서 종부세에 대한 이견이 나오는데, 당이 심각한 토론과 논의를 통해 분명한 입장을 정할 필요가 있다”고 말했다. 진...",
종부세 개편,"[사설] 종부세 금투세 여야 합의 가능성, 세제 전반 개편으로",https://www.chosun.com/opinion/editorial/2024/07/12/ELXYLOWDPVDTJDYKSKFNBXDSKM/?utm_source=naver&utm_medium=referral&utm_campaign=naver-news,그러다 지난 5월에 박찬대 원내대표가 ‘실거주 1세대 1주택 종부세 폐지 필요성’을 언급한 것을 시작으로 민주당 내에서도 일부 의원들이종부세 개편필요성을 제기했다. 문재인 정부의 부동산 정책 실패로 집값이 급등하면서 종부세가 당초 취지와는 달리 극소수의 집 부자가 아니라 서울의 중산층...,
종부세 개편,종부세 개편 임박… 집값 상승 '불쏘시개' 우려,http://www.m-i.kr/news/articleView.html?idxno=1141331,'2024년 세법개정안' 발표를 앞둔 가운데 종합부동산세(종부세)개편방향에 관심이 집중되고 있다. 서울 잠실 일대 아파트단지 모습. 사진=권한일 기자 매일일보 = 권한일 기자 | 올해 세제 개편안에 종합부동산세(종부세) 완화 방안이 담길 것으로 예상되는 가운데 최근 오름세를 보이는 부동산 시장 불안을...,
종부세 개편,"與 ""이재명 '종부세 개편·금투세 유예' 발언에 의구심""",http://www.edaily.co.kr/news/newspath.asp?newsid=02197606638953536,그는 이어 “민주당은 지난 5월 박찬대 원내대표의 실거주 1가구 1주택 종부세 폐지 필요성 언급을 시작으로종부세 개편필요성 화두만 던지고 갈팡질팡하는 모습을 보였다”며 “최근까지도 정부·여당의종부세 개편필요성에 부자 감세 프레임을 씌워 진의를 왜곡하고 자기들의 정치적 이익에 활용해 왔다”...,
종부세 개편,野반대 상속세·종부세 개편 물 건너가나 … 세법개정안에 담아도 폐기 운명,https://biz.newdaily.co.kr/site/data/html/2024/07/08/2024070800103.html,"뉴데일리 임준환 기자 = 당정 주도로 추진 중인 상속세·종부세 개편이 물 건너갈 거란 전망이 커지고 있다. 야당이 다수인 국회의 입법 환경을 고려할 때, 이달 말 나오는 세법 개정안에 담아도 폐기될 운명이란 것이다. 8일 정부는 세법 개정안에 상속세·종부세 개편안을 포함할지부터 고심하고 있다. 기획재정부...",
종부세 개편,이재명 꺼낸 ‘종부세 개편’에 野 갑론을박…조국 “지역 완전 망한다”,https://www.kmib.co.kr/article/view.asp?arcid=0020305928&code=61111511&cp=nv,"당 정책위 의장인 진성준 의원 역시종부세 개편에 반대 목소리를 냈다. 다만 수도권에 지역구를 둔 의원들 사이에선 이 후보가 언급한 종부세 재검토를 반기는 기류가 읽힌다. 상징적 의미가 큰 종부세를 건드려야 서울 민심을 잡을 수 있고, 그래야 차기 대선에서 승기를 잡기 수월하다는 취지다. 앞서 지난 5월...",
종부세 개편,"종부세, 상속세 단계적 개편 조짐? 지금이 ‘타이밍’…‘운암자이포레나 퍼스티체’ 관심",http://www.fnnews.com/news/202407030850118191,지난 12일 ‘종부세합리적개편’을 주제로 열린 첫 토론회에선 전면 폐지에 앞서 단계적개편이 필요하다는 의견이 제기된 것으로 전해졌다. 상속세개편의 경우 기업 관련 세제뿐만 아니라 아파트 상속 등 중산층의 상속세제 전반을 재검토한다는 방침이다. 현재 상속세 공제한도 10억원(일괄 공제 5억원...,
종부세 개편,폐지인가 완화인가...종부세 개편 현실적 시나리오는,https://magazine.hankyung.com/money/article/202406200323c,"여야 모두종부세 개편한 목소리 성태윤 대통령실 정책실장은 지난 6월 16일 한 방송에 출연해 종부세와 관련, “기본적으로 주택 가격 안정 효과는 미미한 반면 세 부담이 임차인에게 전가되는 요소가 상당히 있어 폐지 내지는 전면 개편이 필요하다”고 밝혔다. 성 실장은 “종부세는 지방 정부의 재원...",
종부세 개편,추경호 “금투세·상속세·종부세 세제개편 논의·연금개혁특위 구성 제안”,https://www.viva100.com/main/view.php?key=20240806010001435,추경호 “금투세·상속세·종부세세제개편논의·연금개혁특위 구성 제안” 국민의힘 추경호 원내대표가 6일 더불어민주당에 세제개편문제를 논의하자면서 협상에 착수해야 한다고 말했다. 또 연금 개혁 논의를 위해 국회 연금개혁특위를 구성하자고 제안했다.추 원내대표는 이날 국회에서 열린...,
종부세 개편,[사설]이재명 ‘종부세 개편’ ‘금투세 유예’… 與野 당장 머리 맞대라,https://www.donga.com/news/Opinion/article/all/20240711/125894318/2,이 전 대표는 그제종부세제개편과 관련해 “근본적으로 검토할 때가 됐다”고 했다. 이 사안에 대해 이 전 대표가 공개적으로 의견을 낸 건 재작년 대통령 선거 후 처음이다. 내년 1월 시행 예정인 금투세에 대해서도 다른 선진국들에 비해 부진한 한국 증시 상황을 거론하며 “시기 문제를 고민해야겠다는...,
종부세 개편,[호루라기] 종부세법 개편 기준은 납세자의 담세 능력,http://www.niceeconomy.co.kr/news/articleView.html?idxno=84105,"이런 상황에서도 '부자 감세'를 이유로종부세제개편에 무작정 반대하는 것은 비현실적이다. 그런 주장은종부세를 둘러싼 이중과세 논란은 차치하고, 중산층에 가해진 엉뚱한 불똥을 치워야 한다는 당사자들의 목소리마저 외면하는 결과로 이어지기 때문이다. 한사코 제도를 유지할 요량이라면 납세...",
종부세 개편,"종부세 개편, '조건부 폐지' 39.0% vs '현행 유지' 33.9%...팽팽",http://www.joseilbo.com/news/news_read.php?uid=519940&class=32&grp=,"에너지경제신문 의뢰로 여론조사업체 리얼미터가 27일 공개한 여론조사에 따르면(25일 전국 18세 이상 남녀 505명을 대상 무선전화 97%, 유선전화 3% 자동응답방식 조사), 종합부동산세개편에 대해 '초고가 1주택과 다가구 고가주택자 과세 유지 등 조건부 폐지' 응답이 39.0%, '종부세현행 유지' 응답이...",
종부세 개편,민주 “상속세 경감은 초부자 감세” 종부세 개편엔 “검토할 필요 있다”,https://www.munhwa.com/news/view.html?no=2024072601070430173001,"다만, 민주당은 정부의 세법 개정안에서 빠진 종합부동산세개편에는 다소 유연한 입장이다. 진 정책위의장은 “종부세가 징벌적 과세라고는 생각하지 않지만, 1주택자로 장기 거주하는 경우에 혜택을 주는 방안은 검토할 필요가 있다”고 말했다. 이재명 당 대표 후보가 “종부세는 신성불가침의 영역이...",
종부세 개편,상속세 최고세율 50→40%…종부세 개편은 보류,http://www.yonhapnewstv.co.kr/MYH20240725015900641/?input=1825m,"세법 개정안에 종합부동산세개편은 포함되지 않았습니다.종부세완화·폐지 시 지방 세수가 악화하고, 최근 들썩이는 부동산 시장을 자극할 수 있다는 우려를 고려한 것으로 풀이됩니다. 2년 연속 '세수 펑크'가 확실시된 데 더해 이번 법 개정안으로 약 4조4천억 원의 세수 감소가 예상되는 점은 우려...",
종부세 개편,[국세 칼럼] 종부세·상속세 합리적 개편을 기대한다,http://www.intn.co.kr/news/articleView.html?idxno=2036450,정부의 종합부동산세('종부세')·상속세개편방향이 구체화됐다. 성태윤 대통령실 정책실장은 지난 16일 방송에 출연해종부세를 초고가 1주택과 주택가액 합계가 많은 다주택 보유자에게만 물리겠다고 밝혔다. 상속세도 경제협력개발기구(OECD) 평균 수준을 고려해 세율을 최고 30% 수준까지 대폭 인하하겠다고...,
종부세 개편,"정부, 상속세・종부세 개편수위 고심…'가상자산 과세 유예' 무게",https://www.jeonmae.co.kr/news/articleView.html?idxno=1055429,"[연합뉴스] 정부가 올해 세법개정안에 담을 상속세와 종합부동산세(종부세)개편수위를 놓고 고심을 거듭하고 있다. 상속세는 기업가치 제고 프로그램 '밸류업' 차원을 넘어 공제 확대, 과세표준(과표) 및 세율 조정, 유산취득세 전환 등 근본적인 개편까지 선택지에 올려둔 상황이다. 종부세는 지방재정 문제와...",
종부세 개편,급물살 타는 종부세·상속세 개편 논의…어디까지 왔나,https://news.einfomax.co.kr/news/articleView.html?idxno=4314011,[기자] 박찬대 원내대표를 비롯해 일부 의원들이 종부세 완화에 어느 정도 공감대를 가지고 있지만 현재 야당의 공식 입장은종부세 개편반대인데요. 상속세 개편은 부자 감세라는 이유로 더욱 반대 기류가 강한 편입니다. 하지만 종부세의 경우 야당도 무조건 반대만 외칠 수는 없는 상황인데요. 앞으로...,
종부세 개편,"정부, 종부세 개편 잇단 시사…대구 신축 아파트 활기 기대",https://www.imaeil.com/page/view/2024062414285066420,"종부세 개편논의가 시장에 영향을 미치려면 다주택자 양도세, 취득세 완화도 함께 필요하다는 설명이다. 이 밖에도 2.7~5%로 규정된 법인 종부세율도 손봐야 한다는 목소리도 높다. 종부세는 국세지만 전액 지방재정으로 쓰여 종부세 폐지가 지방 살림살이에 악영향을 미친다는 지적도 있다. 정성훈...",
종부세 개편,종부세 개편·반도체 기업 지원 앞장…외연 확장으로 달라진 민주당,https://www.imaeil.com/page/view/2024062715350187531,"종부세 개편의 경우 4·10 총선 이후 박찬대 원내대표, 고민정 최고위원 등 수도권 의원들을 중심으로 완화 필요성이 제기됐다. '거대 야당'인 민주당의 기류 변화가 감지되자 그간 전면에 내세우기 어려웠던종부세 개편논의에 정부, 여당이 뒤따르는 형국이다. 반도체 지원안도 정부가 제시한 것보다 민주당안이...",
종부세 개편,[사설] 세수 펑크 핑계로 상속·종부세 합리적 개편 막는 건 억지,https://www.hankyung.com/article/2024063017251,"법인세 감소는 지난해 경기 둔화로 기업 실적이 악화한 탓인데, 이를 핑계로 가장 가혹한 세제인 상속세,종부세 개편까지 가로막는 건 억지다. 이 논리대로라면 경기 회복으로 세수가 정상화되면 민주당이 상속세·종부세 인하를 옹호할 건지 묻고 싶다. 최근 상속세·종부세 인하론을 먼저 꺼낸 건...",
종부세 개편,"이재명 종부세 개편에 조국 ""민생복지 위협"" 반발",https://www.gokorea.kr/news/articleView.html?idxno=800706,"이재명 더불어민주당 대표 후보의 종합부동산세개편과 금융투자소득세 적용 유예 발언에 대해 조국 전 대표가 반대 입장을 명확히 했다. 조국혁신당의... 이어 ""민생과 복지에 투자할 자금이 부족한 상황에서종부세를 줄이거나 유예하면 어떻게 해결할지 걱정""이라고 강조했다. 조 전 대표는종부세완화론에...",
종부세 개편,상속·종부세 개편 ‘공감’… 세수 10조 줄면 재정 ‘부담’ [뉴스 분석],https://www.seoul.co.kr/news/economy/2024/06/19/20240619009005?wlog_tag3=naver,"대통령실, 상속세율 30%로 고려종부세폐지 땐 10조원 감소 예상 올해도 30조원 세수 펑크 예상돼 “기업은 마음 편히 투자하게 될 것” 상속세·종합부동산세개편에 드라이브가 걸렸다. 대통령실이 총대를 메고 정부·여당이 일사불란하게 움직이는 모양새다. 각론에는 차이가 있지만 자산 가치와 물가...",
종부세 개편,[사설] 민주당 종부세 상속세 개편 입장은 빈말이었나,https://www.chosun.com/opinion/editorial/2024/06/19/G3FKYAICNZEJ7JRAKVGQDW2GDQ/?utm_source=naver&utm_medium=referral&utm_campaign=naver-news,"지지층이 노무현 정부가 도입했던종부세의개편을 “정체성 훼손”이라며 반발했고, 대북 송금 사건 판결 이후 이재명 대표의 ‘사법 리스크’가 다시 쟁점이 되자 민생보다 대여(對與) 투쟁을 우선순위에 배치했기 때문이다. 민주당 진성준 정책위의장은 18일종부세·상속세개편에 반대 입장을 밝히면서 세수...",
종부세 개편,"유인태, 이재명 종부세 개편 시사에 ""당 정체성 부정할 수 있어""",http://news.mt.co.kr/mtview.php?no=2024071110553411689,"더불어민주당의 원로인 유인태 전 국회 사무총장이 이재명 전 민주당 대표가 당 대표 연임 발표 기자회견에서 종합부동산세(종부세)개편의지를 밝힌 데에 대해 ""민주당의 정체성을 부정할 수 있다""고 주장했다. 유 전 총장은 11일 오전 CBS라디오에 출연해 ""종부세를 좀 불합리한 부분을 조금 일부 수정할 수는...",
종부세 개편,서명 운동까지 등장…다시 힘받는 종부세 폐지론,https://www.hankyung.com/article/2024101437741,정부·여당이 추진 중인종부세 개편논의가 탄력을 받을 수 있다는 전망이 나온다. 종부세 합헌 결정 무효 소송을 추진하는 법무법인 수오재와 종부세위헌청구시민연대는 7000여 명이 종부세 폐지 촉구 서명에 참여했다고 14일 밝혔다. 수오재는 “종부세는 동일한 부동산을 누가 소유하느냐에 따라 부과...,
종부세 개편,닻 올린 19조 상속·종부세 개편… 세수까지 지키는 ‘고차 방정식’ 풀어야,https://www.seoul.co.kr/news/economy/2024/06/18/20240618500181?wlog_tag3=naver,"김우철 서울시립대 세무학과 교수는 “상속세 최고세율 30%까지 인하, 세율 조정, 공제 기준 상향 등의개편이 이뤄지면 현재 상속·증여세수의 30~40%가 감소할 것”이라고 예상했다. 상속세만 놓고 보면 3조 5000억원, 상증세 전체로 보면 최대 6조원의 세수가 줄어들 수 있단 의미다.종부세폐지까지 고려하면...",
종부세 개편,'상속·종부세 개편' 대통령실 띄우고 여당 밀고 정부는 '지원'…역할분담,http://news.mt.co.kr/mtview.php?no=2024061717011922926,"최상목 부총리 겸 기획재정부 장관은 17일 정부세종청사에서 가진 기자간담회에서 전날 성태윤 대통령실 정책실장의 상속세·종부세 개편언급과 관련, ""국정 철학에 부합하고 방향성에 공감한다""면서도 ""다만 (전날 언급된 방안은) 검토 가능한 대안 중 하나이지, 정부가 구체적 방안을 결정한 것은 아니다...",
종부세 개편,"최상목 ""상속세·종부세 개편 '공감'...구체안 결정 단계 아냐""",https://www.ytn.co.kr/_ln/0102_202406181320435189,[기자] 세제 정책을 총괄하는 최상목 경제부총리는 성태윤 정책실장이 밝힌 상속세와종부세 개편론에 대해 기본 방향에는 당연히 공감한다고 말했습니다. 그러면서도 성 실장의 정책 방향은 다양한 검토안 중 하나라고 설명했습니다. 큰 틀에서 '종부세와 상속세 부담 완화'에는 같은 입장이지만 '종부세 폐지...,
종부세 개편,[픽&톡] 종부세·상속세·금투세… 정치권 세제개편 논의 속내 뭔가?,https://www.daejonilbo.com/news/articleView.html?idxno=2137720,실제 국민의힘 재정·세제개편특위는 지난 12일 관계 부처와 함께 '종부세합리적개편'을 논의한 것으로 알려졌다. 저가 다주택자에 대한 과세 형평성을 고려한 다주택자 중과세 부담 완화에 초점이 맞춰진 것으로 보인다. 20일에는 '상속세 및 증여세개편' 주제 토론회를 계획하고 있다. 그러나 이날...,
종부세 개편,"野 '종부세 감세론'에 허 찔린 대통령실, 세제개편 속도",http://news.tf.co.kr/read/ptoday/2107558.htm,"최상목 경제부총리 겸 기획재정부 장관도 이날 기자 간담회에서 대통령실이 언급한종부세및 상속세개편안에 대해 ""기본 방향에는 당연히 공감한다""며 구체적인 상속세개편방안을 이번 세법개정안에 담겠다고 밝혔다. 다만 대통령실과 정부 간 미묘한 입장차도 감지된다. 최 부총리는 ""방향성은...",
종부세 개편,[천지일보 이슈종합] 푸틴 방북·리츠 부동산 개발·종부세·상속세 개편·의료계 휴진·환자단체·가자지구,https://www.newscj.com/news/articleView.html?idxno=3150426,◆화두에 오른 '종부세·상속세개편'… 巨野 호응 관건☞ 종합부동산세(종부세)와 상속세개편에 청신호가 켜졌다. 대통령실이 세제개편논의를 강력하게 거론하면서 정치권 화두로 떠올랐다. 또한 여야는 중산층 부담 완화에 대한 공감대를 형성한 만큼개편가능성이 큰 상황이다. 하지만 더불어민주당에서...,
종부세 개편,"與 '종부세·상속세' 개편 추진…""野 눈치 보지말고 국민 설득해 정면 돌파하라""",https://www.newspim.com/news/view/20240617000808,"박찬대 원내대표는 선출 직후인 지난달 초 언론인터뷰에서 ""아무리 비싼 집이라도 1주택이고 실제 거주한다면 과세 대상에서 빠져야 한다""며종부세 개편에 대한 필요성에 대한 운을 띄웠다. 여기다 문재인 정부 당시 대변인을 지냈던 고민정 최고위원도 종부세의 '총체적 재설계'를 주장하면서 거들었다....",
종부세 개편,종부세·재산세 개편엔 거리두기… ‘실용·민생’ 李의 딜레마,https://www.kmib.co.kr/article/view.asp?arcid=1718611128&code=11121100&cp=nv,다만 민주당과 여권의 세제개편안은 전제나 지향점에서 차이가 있다. 대통령실은 종합부동산세(종부세)나 상속세 등 현행 세제가 자유로운 경제활동을 왜곡하는 측면이 있다고 본다. 이에 비해 민주당은 부동산 가격 급등 탓에 애초 부자들을 겨냥해 설계됐던 세금제도가 중산층에까지 적용되면서 그 취지가...,
종부세 개편,"최상목 ""상속세·종부세 개편 '공감'...구체안 결정 단계 아냐""",https://www.ytn.co.kr/_ln/0102_202406172250494678,[기자] 세제 정책을 총괄하는 최상목 경제부총리는 성태윤 정책실장이 밝힌 상속세와종부세 개편론에 대해 기본 방향에는 당연히 공감한다고 말했습니다. 그러면서도 성 실장의 정책 방향은 다양한 검토안 중 하나라고 설명했습니다. 큰 틀에서 '종부세와 상속세 부담 완화'에는 같은 입장이지만 '종부세 폐지...,
종부세 개편,"[이슈플러스] 대통령실 ""종부세·상속세율 개편""...시장 영향은?",https://www.ytn.co.kr/_ln/0101_202406171919537598,말씀 나누기 전에 먼저종부세그리고 상속세개편에 대한 성태윤 대통령실 정책실장의 목소리부터 들어보겠습니다.종부세와 상속세 얘기했는데 먼저종부세부터 짚어오겠습니다. 지난 2005년에 도입됐었는데요. 이렇게 사실상 폐지하겠다는 방침이 나온 배경이 뭡니까? [이은형] 사실종부세는 글자 그대로...,
종부세 개편,대통령실이 불붙인 종부세·상속세 개편,https://www.sisaweek.com/news/articleView.html?idxno=215512,"◇ '세수 부족' 직격한 민주당 대통령실의종부세 개편입장에 여당도 보조를 맞추고 나섰다. 배준영 국민의힘 원내수석부대표는 17일 SBS 라디오 '김태현의 정치쇼'에 출연해 ""굉장히 조심스럽지만 1주택자에 관련해선 저희가 과감하게 검토를 해야할 필요가 있다""고 했다. 그는 ""2022년 10월 송언석 의원이...",
종부세 개편,"최상목 “상속세·종부세 개편, 7월 세법개정안 포함 검토”",https://news.kbs.co.kr/news/pc/view/view.do?ncd=7989419&ref=A,"최상목 경제부총리 겸 기획재정부 장관은 오늘(17일) 정부세종청사에서 기자들과 만나 ""상속세와종부세 개편방안에 대해서는 전문가 의견을 수렴해서 (세법 개정안을 발표하는) 다음 달 중에 여러분께 말씀드릴 것""이라고 말했습니다. 최근 성태윤 대통령실 정책실장이 종부세 폐지와 상속세 전면 개편을 언급한...",
종부세 개편,"'공제 늘리고, 중과세율 폐지하나'... 상속세·종부세 개편 본격화",https://www.hankookilbo.com/News/Read/A2024061615190005442?did=NA,종부세는 주택가격 안정 효과가 미미하고 세 부담이 임차인에게 전가되는 경우도 상당해 폐지 또는 전면 개편해야 한다”며 상속세‧종부세 개편에 불을 지폈다. 정부의 상속세‧종부세 개편드라이브는 이번만이 아니다. 앞서 9일 박상우 국토부 장관은 “징벌적 과세인 종부세는 세금 원리에 맞지 않는다”...,
종부세 개편,"종부세·상속세 개편, 정치권 화두로…완화에 공감, 각론은 이견",https://www.yna.co.kr/view/AKR20240617073100001?input=1195m,"이날 민주당 최고위원회는 ""윤석열 정부가 세수 확충 방안을 내놓지는 않고 '부자 감세'라고 할 수 있는 상속세개편과종부세폐지를 추진하는 것을 받아들일 수 없다""는 데 의견을 같이했다고 이해식 수석대변인이 최고위 회의 종료 후 전했다. 작년 정부가 본예산에서 예상한 세입보다 실제 국세가 56조4천억원...",
종부세 개편,[메타센서] 대통령실 종부세·상속세 개편 드라이브… 야당 반대 넘을까,http://www.seoulwire.com/news/articleView.html?idxno=612724,"대통령실은 올해 들어종부세·상속세개편움직임을 꾸준히 시사해왔다. 윤석열 대통령은 지난 3월 서울 영등포구 63컨벤션센터에서 열린 '제51회 상공의 날 기념식' 특별강연에서 ""가업승계제도를 잘 갖춘 독일은 일정 요건을 충족하면 기업 규모와 관계없이 가업상속공제를 적용해 최대 100%까지 (상속세를)...",
종부세 개편,시대 뒤처진 상속·종부세… 국민 눈높이에 맞게 개편,https://www.munhwa.com/news/view.html?no=2024061701070605087001,17일 정부와 국회 등에 따르면 성 실장이 밝힌종부세와 상속세의개편은 넘어야 할 산들이 만만치 않다. 먼저종부세의 경우 완화·폐지가 부동산 투기세력에 잘못된 신호를 줄 수 있다는 점이다. 이미 서울·수도권을 중심으로 집값이 오름세를 보이고 있는 가운데 경기회복을 위한 기준금리 인하 요구까지...,
종부세 개편,"정부, 상속세 전면 개편 움직임…종부세도 '폐지수순'",https://www.cstimes.com/news/articleView.html?idxno=597293,"성태윤 대통령실 정책실장은종부세와 관련 ""기본적으로 주택 가격 안정 효과는 미미한 반면 세 부담이 임차인에게 전가되는 요소가 상당히 있어 폐지 내지는 전면개편이 필요하다""고 했다. 이어 ""종부세는 지방 정부의 재원 목적으로 활용되는데 사실 재산세가 해당 기능을 담당하고 있어 재산세로 통합...",
종부세 개편,상속세・종부세 개편 시동…과표·공제·세율 '일괄 손질'[종합],https://www.jeonmae.co.kr/news/articleView.html?idxno=1047191,정부와 여당이종부세를 사실상 폐지하고 상속세 전면개편에 시동을 건다. 사진은 서울의 한 부동산중개업소 전월세 안내문. [연합뉴스 자료사진] 정부와 여당이종부세를 사실상 폐지하고 상속세 전면개편에 시동을 건다. 대통령실은 16일 종합부동산세는 초고가 1주택과 가액 총합이 매우 높은 다주택...,
종부세 개편,속도 내는 상속세·종부세 개편…세수 감소·야당 이견에 '험난',https://news.tvchosun.com/site/data/html_dir/2024/06/16/2024061690055.html,"세율만 높은 게 아니라 과표도 사실은 너무 낮은 상태입니다.""종부세 개편에도 속도가 붙었습니다. 정부는 현행 3주택 이상 다주택자에게 매기는 최고 중과세율 5.0% 등도 폐지를 검토합니다. 민주당 일부에선 1주택 종부세를 폐지하자는 입장이지만, 정부와 여당은 '똘똘한 한 채'로 쏠림 현상이 나타날 수...",
종부세 개편,"대통령실 ""종부세 사실상 폐지 또는 전면개편 필요""",https://www.jeonmae.co.kr/news/articleView.html?idxno=1047124,"성태윤 대통령실 정책실장은 이날 KBS '일요진단'에 출연해종부세와 관련 ""기본적으로 주택 가격 안정 효과는 미미한 반면 세 부담이 임차인에게 전가되는 요소가 상당히 있어 폐지 내지는 전면개편이 필요하다""고 했다. 성 실장은 ""종부세는 지방 정부의 재원 목적으로 활용되는데 사실 재산세가 해당 기능을...",
종부세 개편,"대통령실 ""종부세 사실상 폐지해야...상속세율 30%로 낮춘후 추가개편 필요 """,https://www.econovill.com/news/articleView.html?idxno=657788,"성 실장은 ""종부세폐지를 포함해종부세의개편이 필요하지 않나 생각한다""며 ""종부세는 기본적으로 주택 가격 안정 효과는 미미하고 세 부담이 임차인에게 전가할 요소가 상당히 있고 과도한 세 부담 이슈가 있다""고 말했다. 이중 과제 논란과 관련해선 그는 ""종부세는 지방 정부의 재원 목적으로 활용되는데...",
종부세 개편,"대통령실 “상속세 30% 수준↓, 종부세 폐지·개편”",https://www.imaeil.com/page/view/2024061616080911306,"정치권 관계자는 ""종부세 개편의 경우 최근 원내 제1당인 민주당에서도 손질 가능성이 언급되고 있어 최소한의 논의가 가능하겠지만 여타 세제에 대한 논의는 시작도 쉽지 않다""며 ""이재명 더불어민주당 사법리스크, 영부인 명품백 수수의혹에 대한 특검이 논의되는 살벌한 분위기에서 세제개편 협의가...",
종부세 개편,"대통령실 ""상속세 전면 개편…종부세 폐지 필요""(종합2보)",https://www.news1.kr/articles/5448849,"대통령실은 16일 상속세 대폭 인하, 종합부동산세(종부세) 폐지 등 전면적인 세제개편방침을 나타냈다. 성태윤 대통령실 정책실장은 이날 오전 KBS '일요진단'에 출연해 ""경제협력개발기구(OECD) 평균 상속세율이 26.1% 정도""라며 ""상속세율은 30% 내외까지 인하하는 것이 필요하지 않나 생각한다""고 밝혔다. 성...",
종부세 개편,"이재명 ""종부세 개편·금투세 한도 조정""....김두관 ""부자감세""",https://www.ajunews.com/view/20240725082320076,"[사진=연합뉴스] 이재명 더불어민주당 당대표 후보가 24일 ""종합부동산세는 실거주하는 1가구 1주택에 대해선 대폭 완화하고 대지나 임야, 건물 등에 세금을 올려서 충분히 균형을 맞출 수 있다고 말씀드린다""면서종부세 개편의지를 밝혔다. 이 후보는 이날 저녁 KBS '민주당 대표 경선 TV토론회'에 출연해...",
종부세 개편,"[기자수첩] 종부세, 단순 폐지보다 단계적 개편이 필요한 이유",http://www.srtimes.kr/news/articleView.html?idxno=157780,"야당 내에서 먼저종부세 개편필요성이 제기됐다는 것은 '개편이 된다'는 가능성이 열려있다는 것으로 보인다. 국회 내에선 징벌적 과세라는 논란이 많았던 종부세였던 만큼 당장의 폐지, 또는 1가구 1주택자 종부세 폐지에 대한 주장이 적지 않은 모습이다. 형평성에 어긋난 세제를 손질하는 것은...",
종부세 개편,"[데스크 칼럼] 종부세 개편, 시장정상화 마중물",https://www.etoday.co.kr/news/view/2370746,"동작구, 마포구 등 가격이 높은 준상급지들에서 거래량이 증가한 것으로 볼 때종부세 개편에 대한 시장 기대감이 작용한 것으로 해석이 가능하다. 거래량 증가는 시장 정상화의 기본이라는 점을 놓고 볼 때종부세 개편의 파급력을 가늠해 볼 수 있다. 물론 종부세 폐지가 만병통치약이 될 수 없고 폐지만이...",
종부세 개편,"與 세제특위 ""중산층 부담 덜 종부세 개편…전면 폐지엔 우려""(종합)",https://www.yna.co.kr/view/AKR20240612075451001?input=1195m,"송 의원은 ""전체적으로 의견들을 수렴했다""면서 특위 차원에서종부세 개편방향을 잡은 뒤 원내지도부와 상의해 당론으로 개편안을 발의하거나, 정부의 내년도 세제개편안에 당 의견을 반영해 수정안을 마련할 방침이라고 밝혔다. 특위는 집값 상승 등으로 '종부세 폭탄'을 맞은 중산층의 부담을 덜어주는...",
종부세 개편,"[스트레이트뉴스 여론조사] 종부세 개편, 찬반 '팽팽'",https://www.straightnews.co.kr/news/articleView.html?idxno=249332,"5%, 표본오차는 ±2.2%포인트이다. 통계보정은 2004년 5월말 행정안전부 주민등록인구 기준 성·연령·지역별 가중치 부여 방식(림가중)으로 이뤄졌다. 자세한 내용은 중앙선거여론조사심의위원회와 조원씨앤아이 홈페이지를 참조하면 된다. 첨부파일 :종부세 개편추진 찬반.pdf",
청약 제도,아이 있으면 청약 당첨 쉬워진다…청약 시장 변화 예고,http://www.inews24.com/view/1828096,"전문가들은 신생아가 있는 가구에 유리하도록청약 제도가 바뀌고 있는 만큼 청약에 나서는 30대 이하 연령대가 더 늘어날 수 있을 것으로 보고 있다. 높은 분양가는 여전해도 당첨 확률이 높아진 탓이다. 송승현 도시와경제 대표는 ""이번 제도 개선은 청년층 주택 매입 과정에서 저출산 문제를 해결에...",
청약 제도,“아이 낳은 가정에 집 먼저 줍니다”…이달 말부터 청약 규칙 변경,http://www.segye.com/newsView/20250326518749?OutUrl=naver,"26일 정부가 발표한 이번 제도는 출산율 반전을 위한 주거지원 대책의 일환으로,청약 제도의 핵심적인 변화를 담고 있다. 지난해 6월 정부가 발표한 ‘저출생 추세 반전을 위한 대책’의 후속 조치다. 우선 공공분양 관련 기존엔 전체 물량의 20%가 ‘신생아 특별공급’이었는데 일반공급(전체의 30%) 중 50%도...",
청약 제도,[THE FINANCE] `인서울` 로또청약 막차 잡아볼까,https://www.dt.co.kr/contents.html?article_no=2025032702101863079001&ref=naver,"투기방지 다가오는 5월 무순위청약제도전면개편 무주택 실수요자 공급… 투기 방지 부양가족 실거주 확인 등 절차 강화 경쟁률 최대 60%가량 낮아질 전망 지방 미분양 우려 '사회적 합의' 필요 완판 앞둔 중랑 '더샵 퍼스트월드 서울' 노원 '서울원 아이파크' 등 노려볼 만 '줍줍', '로또 청약'으로 불리던...",
청약 제도,무순위 청약 문턱 높아진다… '용인 에버랜드역 칸타빌' 마지막 기회,http://www.ikld.kr/news/articleView.html?idxno=310430,"청약 통장이 없어도 만 19세 이상이면 신청 가능한 무순위 청약으로 공급됐으며, 최근 강화가 예고된 무순위청약 제도개편 전 마지막 기회 중 하나로 꼽히고 있다. 용인이 수도권 분양 시장에서 두각을 나타내는 배경에는 반도체 클러스터 조성이라는 확실한 성장 모멘텀이 있다. SK하이닉스는 처인구...",
청약 제도,신생아 가구 청약 기회 대폭 확대…이달 31일부터 시행,https://www.rcast.co.kr/news/articleView.html?idxno=27393,이번 개정안은 지난해 6월 정부가 발표한 '저출생 추세 반전을 위한 주거지원 대책'의 일환이며 당시 제시됐던청약제도개선안이 시행되는 것이다. 2세 미만 자녀 둔 가구 일반공급 확대 2세 미만 자녀(태아 포함)를 둔 신생아 가구에 대한 우선 배정 물량이 대폭 확대된다. 공공분양(뉴:홈)의 경우 기존의 특별...,
청약 제도,"무순위 청약 규제 앞두고… 반도체로 활기 띠는 용인, '에버랜드역 칸타빌' 주목",https://www.econovill.com/news/articleView.html?idxno=689406,"청약 통장이 없어도 만 19세 이상이면 신청 가능한 무순위 청약으로 공급됐으며, 최근 강화가 예고된 무순위청약 제도개편 전 마지막 기회 중 하나로 꼽히고 있다. 용인이 수도권 분양 시장에서 두각을 나타내는 배경에는 반도체 클러스터 조성이라는 확실한 성장 모멘텀이 있다. SK하이닉스는 처인구 원삼면...",
청약 제도,무순위 청약 개편 전에…‘용인 에버랜드역 칸타빌’ 막바지 줍줍 기회,https://www.etoday.co.kr/news/view/2454452,"국토교통부는 무순위청약 제도를 실수요자 중심으로 개편할 계획이라고 밝혔다. 현재는 청약 통장이 없어도 신청할 수 있고, 주택 보유 여부와 관계없이 누구나 지원 가능해 일부 인기 단지에서는 경쟁이 치열했다. 하지만 개편 이후에는 유주택자의 신청이 불가능해지고, 거주 요건이 강화되면서 무순위...",
청약 제도,"""줍줍 막차 타자""…수원 '3억 로또' 2가구에 16만명 몰려",https://www.newsis.com/view/NISX20250305_0003086419,"정부가 '로또 청약' '줍줍' 논란이 있는 무순위청약 제도개편을 추진하는 가운데 2~3억원대 시세차익이 기대되는 경기 수원시 무순위 청약 2가구에 16만명이 몰렸다. 5일 한국부동산원 청약홈에 따르면, 경기 수원시 '북수원자이 렉스비아' 무순위 청약 2가구에 대해 지난 4일 진행된 무순위 청약에...",
청약 제도,달라진 IPO 시장…공모주 청약 기대감 커져,https://www.kfenews.co.kr/news/articleView.html?idxno=632491,"상장 당일 공모가를 웃도는 경우가 많아지면서 공모주청약참여로 수익을 기대할 수 있는 환경이 조성됐다는 점은 긍정적이지만, 전문가들은 신중한 종목 선별을 당부했다. 아울러, 오는 7월부터 주관사의 역할과 책임을 강화하는 IPO제도개선안이 시행된다는 점도 변수가 될 수 있다고 조언했다. 조대형...",
청약 제도,"[청경체] 청소년 청약통장, 똑똑하게 준비하려면?",http://news.ebs.co.kr/ebsnews/allView/60578598/N,청약 제도에서 당첨을 통해서 살 수 있는 아파트 우리가 크게 두 종류로 나눌 수가 있는데요. 공공 아파트와 민영 아파트입니다. 공공 아파트를 분양하는 공공 분양에서는 1회당 인정되는 최대 금액이 25만 원입니다. 최대 인정 금액을 하나의 박스라고 가정을 한다면 이 박스에는 1만 원짜리의 지폐를 최대...,
청약 제도,"‘깜깜이’ 우리사주 실권주 배정, 공모주 청약 혼선 야기",https://www.hankyung.com/article/202503132459r,금융당국은제도개편을 통해 일반청약물량이 20%에서 25%로 늘렸다. 추가로 우리사주조합에서 실권주가 발생하면 모집주식 수의 5%에 해당하는 물량까지 일반청약물량으로 배정할 수 있도록 해 최대 30%까지 가능해졌다. 기존에는 우리사주 실권주는 기관투자가에 배정했다. 당시 ‘따상’ ‘따따상’ 등으로...,
청약 제도,'줍줍' 청약 개편 앞두고…파주운정 1가구 모집에 1만6000명 몰려,https://www.newsis.com/view/NISX20250306_0003088126,"정부가 '로또 청약' '줍줍' 논란이 있는 무순위청약 제도개편을 추진하는 가운데 1~2억원대 시세차익이 기대되는 운정신도시 무순위 청약에 1만6000여명이 몰렸다. 6일 한국부동산원 청약홈에 따르면, 지난 4일 경기 파주시 목동동 '파주운정 경남아너스빌 디원'(A18블록) 무순위 청약 1가구 모집에 총...",
청약 제도,'로또청약' '줍줍' 이제는 옛말 될까…'무순위 청약'[주간 부동산 키워드],https://www.newsis.com/view/NISX20250307_0003090480,무순위청약 제도개편 전 '줍줍 막차'를 타려는 움직임도 나타나고 있다. 경기 수원시 정자동 '북수원자이 렉스비아' 전용 59·84㎡ 2가구에 대해 지난 4일 진행된 무순위 청약에 총 16만4369명이 신청했다. 경기 파주시 목동동 '파주운정 경남아너스빌 디원'(A18블록) 무순위 청약 전용 84㎡ 1가구 모집에는 총...,
청약 제도,"[이슈분석] ""청약통장 쓸 곳이 없네""...'역대급' 수도권 공급 가뭄",https://www.pinpointnews.co.kr/news/articleView.html?idxno=331385,"26일 한국부동산원청약홈에 따르면, 올해 들어 서울에서 분양한 아파트 단지는 단 1곳에 그쳤다. 해당 단지는 지난달 초 분양한 서울 서초구 방배동... 재초환은 재건축으로 인해 발생한 조합원의 이익에서 공사비와 자연스러운 집값 상승분을 뺀 나머지 금액을 부담금으로 환수하는제도다. 지난 2006년...",
청약 제도,"청약통장 해지 늘었지만 여전히 매력적...""젊은층 특공 노려야""",https://www.newspim.com/news/view/20250321000666,전문가들은제도가 바뀌면서 혜택이 늘어난 데다 부동산 시장 변동을 대비해청약통장 해지는 신중할 필요가 있다고 입을 모은다. 가입기간에 따라청약가점이 부여되는 만큼 당장 여력이 부족하다면 납입을 중단하더라도 가능한 한 유지하는게 유리하다는 조언이 나온다. 고분양가가 지속되면서...,
청약 제도,제도 개선 전 마지막 줍줍 눈길… 개선책 효과 볼까,https://www.daejonilbo.com/news/articleView.html?idxno=2188940,"정부는제도손질을 통해청약경쟁 과열 현상을 막고 실수요자 혜택이 늘어날 것으로 보고 있지만, 일부에선 증가세에 놓인 지역 악성 미분양이 더욱 증가할 수 있다는 우려도 나온다. 11일 지역 부동산 업계에 따르면 갑천2 트리풀시티 엘리프 민간참여형 공공분양주택은 12일 특별공급과 무순위청약을...",
청약 제도,무순위 청약 열기 뜨겁다...“줍줍 막차 타자” 수만 명씩 인산인해 [김경민의 부동산NOW],https://www.mk.co.kr/article/11270000,"정부 규제도영향을 미쳤다. 정부는 무순위청약신청 자격을 무주택자로 제한하고, 지자체장이 거주 요건을 설정할 수 있도록 하는제도개편안을 내놓았다. 개정된 주택공급규칙은 이르면 올해 상반기 내 시행될 예정이다. 이에 따라 무주택자들은제도개편 전 막차를 타기 위해 대거청약에 나선...",
청약 제도,"미래에셋증권, ""개인투자용 국채, 8개월 만에 초과 청약…5년물 흥행 주도""",http://www.metroseoul.co.kr/article/20250318500587,"미래에셋증권은 5년물 도입과 더불어 다양한제도개선이 흥행 요인으로 작용했다고 분석했다. 이번 달부터 연간 구매 한도가 기존 1억원에서 2억원으로 확대됐으며,청약기간이 3영업일에서 5영업일로 연장됐다. 또한 모바일트레이딩시스템(MTS) 내 정기 자동청약서비스인 '개인투자용국채...",
청약 제도,[함영진의 부동산화수분] 청약 대기자가 APT분양서 주목할 투자 포인트,https://weekly.hankooki.com/news/articleView.html?idxno=7106758,이 밖에도청약 제도와 관련한 제도 변화가 여럿 있었다. 지난해 사전 청약이 중단되면서 사전 청약 당첨자가 본 청약을 못하는 사례가 있었는데 정부가 이를 구제하기로 했다. 본 청약을 앞둔 사전 청약 당첨자가 시공사의 갑작스러운 사업 취소로 청약 기회를 잃게 되는 난감한 경우가 전국 7개 단지...,
청약 제도,'광명 유승한내들 라포레' 19일 임의공급 2차 청약 진행,https://view.asiae.co.kr/article/2025031709580015768,"한 업계관계자는 ""특히 최근 정부는 '로또 청약' '줍줍' 논란이 있는 무순위청약 제도개편을 추진하면서 앞으로는 무주택자의 청약만 가능하게 변경하겠다고 밝혀, 이를 피하려는 수요의 쏠림도 예상된다""고 말했다. 한편 광명 유승한내들 라포레는 광명 구름산지구 도시개발사업(총 5,029세대) 6개 블록 중...",
청약 제도,지방 미분양에 청약통장도 '손절'…1년 새 54만명 이탈,http://www.yonhapnewstv.co.kr/MYH20250310232027821,"<박지민 / 월용청약연구소 대표> ""지방 소도시에서 지방 거점 도시 또는 광역시 이사를 원하시는 분들은청약제도에서 인근 지역의 범위가 있는데, 그 지역 내에서 상급지 청약이 가능하므로 특별공급이나 1순위 기회를 충분히 살려서…"" 부동산 시장이 변화하는 만큼 무작정 청약통장을 포기하기보다 자신의...",
청약 제도,아파트 사업 취소 속출… 사전청약 무용론 커져,https://m.skyedaily.com/news_view.html?ID=265455,사전청약을 받아도 실제 분양까지 이어지지 않으면서 사전청약 제도자체의 실효성에 대한 의문이 커지고 있다. 사업이 취소된 단지들은 다양한 방식으로 대체되고 있다. LH는 화성 동탄2 C28블록&8231;영종하늘도시 A41블록&8231;파주운정3지구 3·4블록 등 4개 단지의 토지를 재매각해 민간 사업자를 다시...,
청약 제도,"[머니테크] ""깨야하나, 갖고있을까"" 분양가 급등에 청약통장 매력 '뚝'...전문가들 ""그래도 깨지 마세요""",https://www.ajunews.com/view/20250320084745959,"고준석 교수는 “청약제도는 정부가 마음만 먹으면 언제든지 시장 상황에 맞게 규칙을 바꿔 변화를 줄 수 있다""며 ""정책 변화 가능성을 염두에 두고 급한 게 아니라면 청약통장을 보유하면서 시장을 지켜보는 것이 좋다""고 말했다. 전문가들은 또 급전이 필요한 때에도 해지보다는 청약통장 담보 대출을...",
청약 제도,부동산 '매매'의 기술?…시장 흐름과 제도 이해하고 투자와 자산관리까지 가능해야[김현아의 시티라이프],https://economist.co.kr/article/view/ecn202503120018,관련 법률과제도를 알고 투자와 자산관리를 할 수 있는 종합적인 역량을 의미한다. 청년과 신혼부부들에게 주거정책과 금융 지원제도가 존재하지만... 이제 막 사회생활을 시작한 이들은 결혼식 대신 그 비용을 종자돈 삼아 정부의 신혼희망타운 주택에청약할 계획이라고 한다. 워낙 집값이 비싸지고...,
청약 제도,청약홈 청약 열풍… 수원 무순위 청약 2~3억 차익 기대,https://www.topstarnews.net/news/articleView.html?idxno=15614509,"정부가 무순위청약 제도개편을 추진하는 가운데, 시세차익이 기대되는 경기 수원시 무순위 청약에 16만 명이 넘는 신청자가 몰렸다. 지난 5일 한국부동산원 청약홈에 따르면, 경기 수원시 장안구 정자동에 위치한 '북수원자이 렉스비아' 무순위 청약 2가구에 총 16만 4369명이 신청했다. 북수원자이...",
청약 제도,다음 달부터 개인국채 5년물 발행…자동청약 서비스도,https://biz.sbs.co.kr/article_hub/20000220404?division=NAVER,"몇가지제도도 개선됩니다. 1인당 연간 구매한도 1억원에서 2억원으로 늘어납니다.청약기간도 3일에서 5일로 연장되고,청약마감 시간도 기존 오후 3시 30분에서 오후 4시로 연장됩니다. 이와 함께 정기 예·적금처럼 매달 일정액을 자동으로 투자할 수 있는 '정기 자동청약서비스'도 다음 달 10일...",
청약 제도,[IPO챗] 서울보증보험 내주 코스피 입성…티엑스알로보틱스 등 일반청약,https://www.yna.co.kr/view/AKR20250307157200008?input=1195m,"주당 최소 배당금제도도 도입했으며 올해 반기 결산 시 밸류업 공시를 통해 구체적인 금액을 공표할 계획이다. 일반청약을 받는 기업은 3곳이다. 티엑스알로보틱스는 공모가를 1만3천500원으로 확정하고 10∼11일 일반청약을 받는다. 이 기업은 유진그룹의 로봇·물류자동화 기업으로, 물류...",
청약 제도,무순위 청약 개편 임박···'연신내 양우내안애 퍼스티지'로 개편 전 기회 노려,https://www.enetnews.co.kr/news/articleView.html?idxno=35900,"2025년 5월부터 시행될 무순위청약 제도개편을 앞두고 실수요자와 투자자들의 관심이 마지막으로 열리는 알짜배기 단지들로 집중되고 있다. 국토교통부는 무주택자만 무순위 청약에 참여할 수 있도록 자격을 제한하고, 지역 거주 요건을 강화하는 등 실수요자 중심으로 제도를 재편할 예정이다. 최근 몇...",
청약 제도,"'IPO 재수생' 서울보증보험, 오버행·실적 우려 딛고 청약 흥행할까",https://news.tf.co.kr/read/economy/2184224.htm,청약을 신청해 주식을 배정받은 주주에게 오는 4월 배당을 지급한다. 앞으로 3년 동안 총 주주환원규모 연 2000억원 수준을 보장하며 최소 배당금제도도 도입한다. 상장 후에는 분기 배당도 실시한다. 그러나 시장에서는 서울보증보험의 실적 하향세에 주주환원책이 실시될 여력이 있냐는 시각이 나온다....,
청약 제도,양극화의 그늘…사전청약 사업 취소 8번째,https://www.rcast.co.kr/news/articleView.html?idxno=27243,"부동산인포 권일 리서치팀장은 ""사전청약이라는제도가 부동산 경기가 괜찮을 때라면 모르지만 경기가 위축되면서 계륵처럼 돼 버렸다""라면서 ""정부는 민간 사전청약실시 현장들을 모니터 하면서 본청약, 준공까지 지연 없이 진행되도록 관심을 갖는 것이 불안감을 해소하는 데 도움이 될 것""이라고 말했다.",
청약 제도,"하나은행, KPGA 선수들 신탁 기반 연금제도 도입 위한 MOU 체결 外",https://www.rcast.co.kr/news/articleView.html?idxno=27238,"하나은행, KPGA 선수들 신탁 기반 연금제도도입 위한 MOU 체결 하나은행(은행장 이호성)은 지난 10일 하나은행 본점에서 한국프로골프협회(KPGA, 회장... NH농협은행, 주택청약종합저축 내 집 마련 챌린지 START 이벤트 진행 NH농협은행(은행장 강태영)은 오는 4월 30일까지 주택청약종합저축 '내 집 마련 챌린지...",
청약 제도,"[금융 단신] NH농협은행, 주택청약종합저축 이벤트 外",http://www.dailypop.kr/news/articleView.html?idxno=85602,"하나은행, KPGA와 손잡고 프로골퍼 연금제도도입…투어 상금 3% 적립 하나은행이 하나은행 본점에서 한국프로골프협회와 신탁 기반의 연금제도도입을... NH농협은행, 주택청약종합저축 '내 집 마련 챌린지 START' 이벤트 실시 NH농협은행이 오는 4월 30일까지 주택청약종합저축 '내 집 마련 챌린지 START...",
청약 제도,"간편 청약 솔루션, ‘처음청약’ 베타서비스 론칭",https://www.sentv.co.kr/article/view/sentv202503050006,"처음청약은청약제도가 주택청약 기회를 균등하게 부여하고 무주택자의 내 집 마련을 지원하는 목적을 가지고 있지만, 복잡한 용어와 특별공급 및 일반공급의 상이한 기준 등으로 인해 신청 과정이 어려운 점에 주목했다. 이번 처음청약 베타 서비스는 이러한 문제를 해결하기 위해 ‘청약 프로필’, ‘찜’...",
청약 제도,‘대체거래소(ATS) 제도 정비’ 자본시장법 국회 통과,http://www.fnnews.com/news/202502271823224540,자본시장법상제도가 정비됐다”고 밝혔다. 금융위에 따르면 ATS에 대해서는 현행법상 ‘최선집행의무’를 적용하지 않도록 법을 개정했다. 최선집행의무는 복수시장체제에서 증권사가 어떠한 기준에 의하여 투자자의청약·주문을 처리해야하는지에 대한 불분명한 문제를 해소하기 위해 마련됐다....,
청약 제도,“무순위 청약 개편前 마지막 기회”… 수원 아파트 2채에 16만명 몰렸다,https://www.donga.com/news/Economy/article/all/20250305/131151092/2,"5월 정부의 무순위청약 제도개편을 앞두고 있어 주택 소유나 거주지 요건이 없는 무순위 청약은 마지막이라는 심리가 청약 수요를 키운 것으로 보인다. 5일 한국부동산원에 따르면 전날 경기 수원시 ‘북수원 자이 렉스비아’ 2채에 대한 무순위 청약을 진행했다. 전용면적 59㎡에는 7만8096명, 전용면적...",
청약 제도,"[단독] ""무주택 청년 세대원도 주택청약 소득공제"" 민주당 추진",http://news.mt.co.kr/mtview.php?no=2025030509160849589,"부모와 함께 사는 '세대원' 청년들도 주택청약종합저축 통장에 대해 소득공제를 받을 수 있도록 하는 방안을 더불어민주당이 추진한다.... 임 의원은 ""그동안 부모님과 함께 살며 미래를 준비하는 청년 세대들이 새로운 지원제도의 혜택을 받기는커녕 있는 혜택도 제대로 받지 못하는 상황에 놓여있었다""며...",
청약 제도,공정위 ‘뒷북 과징금’… “공공택지 계열사 전매는 부당지원 아냐”,https://www.seoul.co.kr/news/society/2025/03/28/20250328002004?wlog_tag3=naver,정부는 2023년 공공택지 전매 금지를 푼 데 이어 지난해에는 사전청약 제도를 폐지했다. 국토교통부는 공공택지 입찰에 참여할 수 있는 모기업과 계열사 수를 1개사로 제한하는 ‘1사 1필지’ 제도를 올해를 끝으로 더이상 시행하지 않을 것으로 알려졌다. 건설경기가 위축돼 제도 운용 필요성이 사라졌다는...,
청약 제도,기관 수요예측 '미지근'…서울보증보험 청약도 힘 빠지나,http://www.nongaek.com/news/articleView.html?idxno=90413,"배당금제도를 도입했으며, 올해 반기 결산 시 밸류업 공시를 통해 구체적인 금액을 공표할 계획""이라고 말했다. 이번 IPO 때청약을 해서 들어오는 투자자들은 4월 초순 정도로 예상되는 배당 기준일 이후 미리 확정해 놓은 2000억원 규모의 배당(공모가 기준 배당수익률 10% 내외)을 바로 받을 수 있다는...",
청약 제도,"대한민국 내 화교, 중국인, 조선족, 그리고 무사증 제도의 정책적 영향과 사회적 갈등",https://www.sisamagazine.co.kr/news/articleView.html?idxno=511935,"외국인들은 한국인과 달리 주택청약과 전세자금 대출 등의 혜택은 받을 수 없으나, 일부 투자이민제도를 통해 부동산을 소유할 수 있으며, 이를 통해 영주권을 획득하는 사례도 증가하고 있다. 또한, 한국인은 외국인과 부동산 거래를 할 때보다 더 까다로운 절차를 거쳐야 하는 반면, 외국인의 경우에는 비교적...",
청약 제도,"[더벨][IB 풍향계]씨케이솔루션 청약 사고, NH증권 체크 부재 '아쉬움'",https://www.thebell.co.kr/free/content/ArticleView.asp?key=202503101442400680101382,NH증권의 해명에도 개인 투자자들의 비판은 거세지고 있는 상황이다. 이미 다수가 NH증권의 책임론을 언급하며 금감원에 민원을 제기했다. 대부분 NH증권이청약자들에게 적절한 보상과 동시에 이와 같은 일이 재발하지 않도록제도개선 등 적합한 후속 조치를 할 것을 요구하고 있다.,
청약 제도,당첨 가점 낮아도 당첨 가능한 ‘힐스테이트 더샵 상생공원 1단지’ 주목,https://biz.heraldcorp.com/article/10452497?ref=naver,"특히 지난해 3월 대대적으로 개편된청약제도가 포항에서는 처음으로 적용돼 청약열기는 더욱 뜨거울 것으로 예상된다. 개편된 주요 내용으로는 부부간 중복청약이 가능해졌으며, 다자녀 특공 기준이 3명 이상에서 2명 이상으로 완화됐다. 또, 출산가구는 특별공급 기회와 함께 완화된 소득∙자산요건을...",
청약 제도,"LH ""4월 이후 토지 1721필지·주택 2.1만호 공급""",https://www.newsis.com/view/NISX20250324_0003109769,"설명회는 공동주택용지 공급계획 소개를 시작으로 주요 지구별 토지·주택 공급계획 설명, 부동산시장 동향·전망에 대한 외부 전문가 강연, 주택청약제도안내 등이 진행된다. LH는 설명회 당일 오후 1시부터 개별 맞춤형 상담을 지원하기 위한 유형별·지역별 상담 부스도 운영한다. 토지는 전국...",
청약 제도,"[더벨]한텍 IPO 청약, 공모주 운용사 '장기 락업' 던졌다",https://www.thebell.co.kr/free/content/ArticleView.asp?key=202503082010271920102913,'한텍' 공모주청약에 자산운용사들이 높은 비율로 3~6개월 의무보유 확약(락업)을 제시해 눈길을 끈다. 코스피 최대어인 LG CNS보다도 확약 물량... 정부가 마련한 'IPO제도개선 방안'에 따라 오는 7월부터는 기관투자자 배정 물량의 40% 이상을 확약 기관투자자에게 우선 배정한다. IPO하이일드펀드와...,
청약 제도,"김상훈 의원, 기관 단타 막는 ‘코너스톤 제도’ 법안 발의",https://biz.heraldcorp.com/article/10429726?ref=naver,"김상훈 의원은 “법 개정을 통해 그간 공모가 산정을 왜곡하고, 상장 후 주가 하락의 원인이 됐던 기관투자자의 허수성청약을 예방할 수 있을 것”이라며 “궁극적으로 우리 IPO시장이 ‘단기차익 목적 투자’에서 ‘기업가치 기반 투자’위주로 합리화될 수 있도록 관련제도개선에 지속적으로 힘쓰겠다”...",
청약 제도,[부동산 경제] 2025년 바뀌는 부동산제도,http://www.queen.co.kr/news/articleView.html?idxno=429189,"당장 1월부터 중도상환수수료와 신생아 특례 대출 소득요건, 주택청약종합저축 세제지원과 1주택 보유자에 대한 세제혜택이 변경되었다. 대출 기간 중... 임대인제도는 2026년까지 연장되고 소상공인의 임대료를 인하해 주는 건물주에게 최대 70% 세액공제를 해주는 착한 임대인제도도 계속 시행이 된다....",
청약 제도,아직도 85㎡가 국민주택?…30여 년째 아파트 평형 그대로 [기고],https://realty.chosun.com/site/data/html_dir/2025/03/27/2025032702770.html,"공공택지에서의 분양 우선권, 세제 혜택,청약 제도등 여러 정책적 혜택이 이 기준을 중심으로 설계한다. 그러나 이 85㎡라는 숫자가 지금도 ‘국민’을 위한, 시대에 부합하는 기준일까? 결론부터 말하자면, 그렇지 않다. 오히려 이 규제가 지속될수록 국민의 주거 선택권은 제한되고, 다양화된 수요에...",
청약 제도,"`무순위 줍줍` 제도변경 임박, `대방건설 의왕월암 디에트르` 25일부터 무순위 청약 접수",https://www.dt.co.kr/contents.html?article_no=2025022502109923783006&ref=naver,"올해 5월 무순위청약 제도개편 앞두고, 무순위 줍줍 막바지 기회에 관심 급증 이른바 '무순위 줍줍'으로 불리는 무순위청약 제도개편이 이르면 5월부터 이뤄질 것으로 예상된다. 제도 개편 시 무순위 청약 신청 자격을 무주택자로 한정하고 거주지 요건이 탄력적으로 부과되는 등 조건이 강화될 방침이다....",
청약 제도,"[경제전망대] 무순위 청약제도(줍줍), 개선방안의 과제",https://www.kyeongin.com/article/1729955,아파트 청약통장 유무와 상관없어 묻지마 청약·로또청약 현상 과열 불필요한 업무·사회비용 증가 야기 시장상황 따른 냉·온탕 처방 한계 분양가상한제 부작용 등 해법 필요 서진형 한국부동산경영학회 회장·광운대 교수 최근 정부는 로또 청약 또는 줍줍 등으로 조롱을 받는 무순위청약제도를 아파트...,
청약 제도,본청약 밀리고 포기하고…제도 폐지에도 사전청약 딜레마 지속,https://www.kukinews.com/article/view/kuk202502200172,LH는 사전청약 제도특성상 착공 과정에 따라 지연이 발생하고 있다고 밝혔다. 또 본청약 지연에 따른 인상분을 지원해 피해를 최소화하겠다는 입장이다. LH 관계자는 “사업 계획만 가지고 선 청약을 진행한 특성상 땅을 팠더니 문화재가 나오거나 이주 지연 등의 변수가 많아 본청약 지연이...,
청약 제도,"변경된 무순위 청약제도, 분양시장에 미칠 파장은?",http://www.m-i.kr/news/articleView.html?idxno=1208036,"전문가들은 무순위청약제도도입 취지에 맞게 제도를 개선해야한다는 점에서는 공감하고 있다. 그러나 청약자격제한이 미분양 문제를 발생시킬 수 있어 구체적으로 청약 단계별 세분화가 필요하다는 의견도 있다. 권대중 서강대 일반대학원 부동산학과 교수는 ""본래의 무순위 청약 취지에 따라 무주택자가...",
청약 제도,[부동산 집중조명] '아파트 줍줍 끝나나?' 무순위 청약제도 무주택자로 한정,http://www.kado.net/news/articleView.html?idxno=1293119,"국토교통부가 그동안 '로또 청약', '줍줍' 등으로 비판받던 무순위 청약을청약제도를 개선하겠다고 발표해 주목된다. 국토부는 무순위청약제도를 취지에 맞게 무주택 실수요자 중심으로 개선하고 부양가족의 실거주 여부를 보다 실효적으로 확인해 위장전입 유인을 원천 근절할 수 있도록 서류 징구·확인...",
청약 제도,"'로또 청약' 사라진다… 정부, 무순위 청약 제도 손질",http://www.seoulwire.com/news/articleView.html?idxno=638015,12일 정부에 따르면 국토교통부는 무순위청약제도를 실수요자 중심으로 시행규칙을 개정해 올해 상반기 중 시행하겠다고 예고했다. 무순위 청약은 미계약 또는 미분양 등으로 나온 잔여 물량에 대해 청약 신청을 받아 무작위 추첨 방식으로 당첨자를 선정하는 것을 의미한다. 무순위 청약으로 수억원대...,
청약 제도,“무순위 청약 제도 개편” 청약 당첨되면 3년치 병원기록 내야,https://magazine.hankyung.com/business/article/202502117849b,김헌정 국토부 주택정책관은 “지자체가 지역 여건을 고려해 거주 요건을 탄력적으로 부과하도록 허용하면청약 제도가 시장 상황에 따라 빈번하게 변경되는 것을 방지할 수 있을 것”이라고 말했다. 또한 국토부는 위장전입으로 부양가족 수를 늘려 청약 가점을 높이는 것을 막고자 실거주 여부 확인 절차를...,
청약 제도,"'줍줍' 청약 바꾼다…국토부, 무주택자·지방 중심 제도 개선",https://www.etnews.com/20250211000195,"김헌정 국토교통부 주택정책관은 “무순위청약제도개선은 '무주택 실수요자 지원'이라는청약제도본래 취지에 맞게 개편한 것으로 특히, 지자체가 지역 여건 등을 고려해 거주요건을 탄력적으로 부과하도록 허용하면청약제도가 시장 상황에 따라 빈번하게 변경되는 것을 방지할 수 있을 것”이라며...",
청약 제도,일확천금 ‘로또’ 청약제도 개선한다는데…효과는 ‘물음표’ [줍줍 개편],https://www.dailian.co.kr/news/view/1460671/?sc=Naver,국토교통부가 11일 올 상반기 중 시행할 무순위청약 제도개선 방안으로 대상자를 무주택자로만 제한하고 해당 지역 거주 여부 등 새로운 요건을 추가하기로 하면서 과열 경쟁이 해소될 지에 이목이 쏠린다. 이미 무순위청약 제도는 로또 청약의 대표적인 트레이드마크로 떠오른 지 오래다. 최근 세종시...,
청약 제도,[부동산DNA] 청약A to Z ④ '특별공급' 완전 정리,https://www.fetv.co.kr/news/article.html?no=187795,"정부에서는 무주택자들이 보다 쉽게 내 집을 마련할 수 있도록 다양한 '특별공급'제도를 운영하고 있다. 특별공급은 말 그대로 특정한 조건을 충족하는 사람들에게 일반청약과는 별도로 공급되는 주택을 의미한다. 일반청약과 달리 경쟁률이 상대적으로 낮고, 일정한 자격 요건만 충족하면 가점이 낮아도...",
청약 제도,청약 기회↑·세금 부담↓ 청약제도 개편…무주택자 '줍줍' 찬스 확대되나?,https://www.tfmedia.co.kr/news/article.html?no=178271,10일 국토교통부는 올해 신년 2025년 업무계획을 통해 무주택 실수요자의 주택 구매를 지원하기 위해청약제도의 개선 추진을 예고했다.청약제도의 가장 큰 변화는 정부의 저출산 극복 대책이 핵심. 이에 따라 무순위 청약 자격 강화 등이 개선될 전망이다. ◇로또단지에 300만명 가까이 몰리기도 국토부는...,
청약 제도,[전문가 기고] 청약제도 원점에서 다시 시작하자,http://www.m-i.kr/news/articleView.html?idxno=1206410,이는 양극화라는 사회적 문제가 아닌 잘못된청약제도가 만들어 낸 인재(人災)다. 유독 강남에서 로또 청약이 나오는 것은 분양가상한제의 부작용이다. 주변 시세보다 30% 정도 저렴하게 분양가를 책정하는 분양가상한제는 규제지역이나 공공택지에 적용이 되는데 규제지역인 강남은 절대가격 자체가 높아서...,
청약 제도,"[데일리안 오늘뉴스 종합] 대전 초등생 살해 여교사, ""비상계엄은 대통령 권한"", 野 '명태균 특검법' 발의, ‘로또’ 청약제도 개선, 韓 철강 면세 쿼터제 폐기 등",https://www.dailian.co.kr/news/view/1460730/?sc=Naver,▲일확천금 ‘로또’청약제도개선한다는데…효과는 ‘물음표’ [줍줍 개편] 정부가 ‘로또 청약’으로 발생하는 부작용을 해소하기 위해 무순위 청약에 대한 제도 개선에 나섰지만 과열을 방지할 수 있을지 의문은 여전하다. 청약 수요가 지나치게 과열되는 왜곡 현상을 방지하기 위한 조치지만 시세보다...,
청약 제도,"서대문구, 청년 '주거·금융 길잡이' 무료 교육",https://www.yna.co.kr/view/AKR20250325127800004?input=1195m,"주거 교육은 주택청약제도, 주택임대차보호법과 임대차 분쟁사례, 전세 사기 예방법, 계약서 작성 요령, 청년주거정책 등을 다룬다. 금융 교육은 신용평가 시스템 이해, 신용관리, 신용회복 지원 제도, 금융상품의 특징과 활용 방안 등에 대해 이뤄진다. 서대문구에서 거주 또는 활동하는 19~39세 140명이...",
청약 제도,[김인만의 부동산 전망대] 청약제도 원점에서 다시 시작하자,http://www.newsian.co.kr/news/articleView.html?idxno=76835,이는 양극화라는 사회적 문제가 아닌 잘못된청약제도가 만들어 낸 인재(人災)다. 유독 강남에서 로또 청약이 나오는 것은 분양가상한제의 부작용이다. 주변 시세보다 30% 정도 저렴하게 분양가를 책정하는 분양가상한제는 규제지역이나 공공택지에 적용이 되는데 규제지역인 강남은 절대가격 자체가 높아서...,
청약 제도,"""청약제도 개편 전 받자""…힐스테이트 세종 리버파크 무순위 56.8만대 1",https://www.rcast.co.kr/news/articleView.html?idxno=26892,"무순위청약제도개편을 앞두고 세종시 한 아파트 무순위 청약에 약 57만명이 몰리며 세종시 분양시장이 뜨겁게 달아올랐다. 주인공은 위치한 '힐스테이트 세종 리버파크' H3블록(8단지)으로 이 아파트의 전용 84.8645B㎡ 1가구에 대한 무순위 청약이 지난 6일 실시 돼 전국에서 56만8,753명이 몰렸다....",
청약 제도,‘로또 청약’ 막차에 몰린 57만명…무순위 청약 제도 개편 주목,https://www.kukinews.com/article/view/kuk202502070140,무순위청약 제도가 임박한 가운데 시세차익이 기대되는 ‘로또 청약’에 수십만 명이 몰렸다. 로또 청약 막차 수요가 몰린 것으로 풀이됐다. 8일 한국부동산원 청약홈에 따르면 세종시 소담동에 공급되는 힐스테이트 세종리버파크(행정중심복합도시 3-3생활권 H3블록) 84㎡ 타입 무순위 1가구 모집에 6일...,
청약 제도,"""제도 바뀌기 전에 잡자"".. 무순위 청약 단지 관심 집중",http://news.mt.co.kr/mtview.php?no=2025020610175766317,무순위청약 제도개편을 앞두고 시세차익이 기대되는 아파트들의 관심이 뜨거운 것으로 나타났다. 프롭테크 기업 직방에서 운영하는 아파트 종합 정보 플랫폼 호갱노노는 '2025년 1월 인기 아파트 순위'를 6일 공개했다. 인기 아파트 순위는 호갱노노에서 아파트 단지 정보를 조회한 이용자 수를...,
청약 제도,"무순위 청약, 무주택 실수요자 중심 개선",https://medicalworldnews.co.kr/news/view.php?idx=1510966171,"그간 ‘로또 청약’, ‘줍줍’ 등으로 비판받던 무순위 청약을청약제도취지에 맞게 무주택 실수요자 중심으로 개선한다. 국토교통부(장관 박상우)는 부양가족의 실거주 여부를 보다 실효적으로 확인, 위장전입 유인을 원천 근절할 수 있도록 서류 징구·확인 절차를 강화할 계획이라고 밝혔다. ◆‘무순위...",
청약 제도,롯데건설 '창경궁 롯데캐슬 시그니처' 정부 청약제도 개편에 곧 완판,https://www.pointdaily.co.kr/news/articleView.html?idxno=233514,"분양 관계자는 ""정부의 무순위청약제도개편 발표로 관심이 더욱 높아졌다""며 ""곧 완판이 예상된다""고 밝혔다. 이 단지는 지난 3일 진행된 84㎡ 타입 45세대의 무순위 청약에서 135.51대 1의 높은 경쟁률을 기록했다. 이후 계약이 빠르게 진행돼 마무리된 상태다. 정부는 11일 무순위 청약을 무주택자로...",
청약 제도,"서울보증, 고배당주 매력발산…다음주 공모주 청약 개시",https://www.dnews.co.kr/uhtml/view.jsp?idxno=202502271310021020286,"수요예측결과 희망밴드 내 주문몰려 한국은행의 기준금리 인하로 다음주 공모주청약을 앞둔 SGI서울보증에 대한 기대감이 커지고 있다. 서울보증은... 또한, 분기배당, 최소배당금제도, 소수지분 추가매각과 연계한 자사주 매입소각 등 시장친화적인 주주환원정책을 실시하겠다고 강조했다. 현재...",
청약 제도,‘곤지암역 제일풍경채’ 제도 개편 전 마지막 무순위 청약,https://biz.heraldcorp.com/article/10413456?ref=naver,▶ 무주택청약 제도개편으로 유주택자의 마지막 기회! ▶ ‘곤지암역 제일풍경채’ 무순위 청약…청약홈 통해 접수 제일건설(주)이 경기도 광주시 곤지암 역세권 도시개발구역에 선보이는 ‘곤지암역 제일풍경채’는 2월 11일 무순위 청약 접수를 실시한다. 곤지암역 제일풍경채는 뛰어난 서울 접근성 및...,
청약 제도,"[공모주 한파] IPO 제도 개선, 시장 분위기와 엇박자",https://dealsite.co.kr/articles/137192,"공모주청약을 넣어야 한다면 수요가 줄고, 해당 정책펀드로 인해 수혜를 입었던 코스닥 상장사와 하이일드 채권 발행사까지 타격을 입을 수 있다""고 강조했다. 적정 공모가 도출에 도움이 되지 않는다는 지적도 나온다. 지난 2023년 IPO제도개선부터 주관사의 재량을 줄이고 책임을 확대하는 조치가 시행됐는...",
청약 제도,집 있으면 '줍줍' 못한다…무순위 청약 제도 본격 손질,https://www.sedaily.com/NewsView/2GNUSYNVUL,27일 관련 업계에 따르면 국토교통부는 다음 달 무순위청약 제도개선과 관련한 구체적인 내용을 발표할 예정이다. 무주택 실수요자의 내 집 마련 기회를 확대하기 위해 유주택자의 무순위 청약을 제한하는 방안이 유력하게 거론된다. 또 무주택자일지라도 청약 접수자가 해당 지역에 거주하는지 따지는...,
청약 제도,"""68가구 줍줍"" 만점통장 나온 '의왕월암지구 디에트르 레이트파크', 오늘 무순위 청약",https://realty.chosun.com/site/data/html_dir/2025/02/26/2025022600981.html,이른바 ‘줍줍’으로 불리는 무순위청약 제도가 개편된다. 제도 개편 시 무순위 청약 신청 자격을 무주택자로 한정하고 거주지 요건이 탄력적으로 부과되는 등 조건이 강화한다. 이르면 5월부터 개편될 것으로 예상하고 있어서 사실상 제약 없이 수도권 무순위 청약을 할 수 있는 ‘막차 단지’로...,
청약 제도,무주택 실수요자 중심의 무순위 청약제도 개선 브리핑,https://www.yna.co.kr/view/PYH20250211088500013?input=1196m,국토교통부 김헌정 주택정책관이 10일 정부세종청사 국토부 기자실에서 무주택 실수요자 중심의 무순위청약제도개선에 관해 설명하고 있다. 2025.2.11,
청약 제도,"LH, 28일 토지 주택 공급계획 설명회…올해 2.1만 가구 공급",https://www.news1.kr/realestate/general/5728868,설명회는 공동주택용지 공급계획 소개를 시작으로 △주요 지구별 토지·주택 공급계획 설명 △부동산시장 동향·전망에 대한 외부 전문가 강연 △주택청약제도안내 등이 진행된다. LH는 개별 맞춤형 상담을 지원하기 위해 설명회 당일 오후 1시부터 유형별·지역별 상담 부스도 운영한다. 토지는 전국...,
청약 제도,바뀌는 청약·공급 제도…무주택자 ‘이것’부터 챙겨야,https://www.hani.co.kr/arti/economy/property/1178787.html,"제도개선이 이뤄지면 무순위청약자격은 ‘무주택자’로 제한되며, 해당 지역 거주 요건을 추가할지 여부도 검토 중이다. 상반기 중에는 정부의 저출산 극복 대책에 따라 신생아(만 2살 이하 자녀) 가구에 대한 주택 우선공급제도가 또 한차례 바뀔 예정이다. 먼저 민간주택(전용 85㎡ 이하)은 신혼부부...",
청약 제도,[하우머니] 무순위 청약 제도 개선 나선 정부?,https://biz.sbs.co.kr/article_hub/20000213342?division=NAVER,"청약제도는 내 집 마련을 하려는 무주택 실수요자 위주여야 하는데 최근에는 그렇지 않다는 지적이 나옵니다. 앞서 얘기해 주신 일명 줍줍으로 불리는 무순위청약 제도는 상황이 더 한데요. 이런 지적에 정부가 개선 방안을 내놓는다고요? - 정부 '로또 줍줍' 개편 시동, 주요 내용은? - 국토부, 무주택자 중심...",
청약 제도,"로또 '줍줍' 청약, 이젠 무주택자만...청약 제도 '손질'",https://www.rcast.co.kr/news/articleView.html?idxno=26692,"건강보험 요양급여 내역 3년치 등을 제출 받아 부양가족을 확인하고 있지만 앞으로 이들 서류 제출을 법제화하는 등 강화할 방침이다. 한편 국토교통부는 이와 같은 분양,청약 제도개편을 2월 또는 상반기 중으로 제도개선을 통해 시행할 계획이다. <저작권자 리얼캐스트, 무단 전재 및 재배포 금지>",
청약 제도,함흥차사 본청약에 민간 사전청약 당첨자 ‘발 동동’… 국토부 “해답 없다”,https://www.etoday.co.kr/news/view/2447226,"이투데이=정영희 기자 | 지난해 반복되는 취소와 지연으로 홍역을 앓았던 민간 사전청약 제도를 둘러싼 불만의 목소리가 여전히 터져 나오고 있다. 지난달 정부가 사전청약 취소 단지 피해 당첨자를 대상으로 한 대책을 마련했지만, 약속된 시점보다 수년씩 본청약을 미루는 경우에 대한 해법은 없는...",
청약 제도,상조업체 가입하며 애플워치 받았는데...계약해제에 300만원 요구,http://www.newsfc.co.kr/news/articleView.html?idxno=70278,"아울러 소비자는 자신의 주소 등 개인정보가 변경된 경우 최대한 신속하게 자신이 가입한 상조업체에 변경된 주소 등을 통지하고 소비자가 계약내용을 충분하게 확인하지 못하였거나 계약내용이 본인이 이해한 것과 다른 경우,청약철회제도를 활용할 것을 조언했다. 아울러 상조 서비스 가입 시...",
청약 제도,"주택공급하고, 무순위 청약제도 개선하고… 올해 국토부 키워드 '주거안정'",https://www.sisaweek.com/news/articleView.html?idxno=221528,"◇ 무순위청약제도개편 예정, ""실수요자 위주 공급"" '줍줍'으로 불리는 무순위청약제도도 개편 대상이다. 무순위 청약은 미분양, 청약 당첨자의 계약 포기, 그리고 부정행위 등으로 인해 발생한 주택을 무작위로 선정해 당첨자를 선정하는 방식의 청약으로 소위 '로또청약'으로 불린다. 아직 구체적인 방안은...",
청약 제도,"정부, 청약홈 마비시킨 ‘줍줍 제도’ 손본다… 실수요자 중심·지역 제한",https://www.kyeongin.com/article/1725988?ref=naver,"2024.10.17 /대방건설 제공 지난해 화성 동탄신도시의 한 아파트 무순위(줍줍) 청약에 300만명이 몰리며 ‘청약홈’ 마비 사태(2024년 10월18일자 9면 보도)까지 빚어진 가운데 정부가 내달청약제도개편 방안을 내놓을 전망이다. 유주택자는 이른바 줍줍을 할 수 없도록 하고, 거주지역도 제한하는 방안이 유력한...",
청약 제도,"""9월말까지만 된대요""…청약통장 해지 늘자 정부가 내민 카드[금융현미경]",https://view.asiae.co.kr/article/2025021809442971953,만약 청약통장 해지를 고민하고 있다면 바뀐청약제도및 혜택을 꼼꼼히 살펴보고 득실을 따져볼 필요가 있다.청약제도도입 48년…가입자 수는 2년 7개월째 감소 '주택청약종합저축' 흔히 '청약통장'이라 부르는 이 상품은 적금형식 또는 일시 예치식으로 납부해 국민주택 등을 공급받기 위해 가입하는...,
청약 제도,"""아파트 '줍줍', 무주택자만 허용해야""...무순위 청약 제도 바뀐다",https://kizmom.hankyung.com/news/view.html?aid=202501133127o,이른바 '줍줍'으로 불리는 무순위청약 제도가 개편된다. 국토교통부는 무순위 청약 주택이 실수요자인 무주택자에게 공급되도록 제도 개선을 추진하겠다고 13일 밝혔다. 부양가족으로 청약 점수를 부당하게 높이는 꼼수를 막기 위해 요양급여를 활용하여 부양가족과 실거주 확인 절차를 강화한다. 또...,
청약 제도,“1년 반이나 더 기다리라고?” 8700가구 날벼락…사전청약 ‘희망고문’ [부동산360],https://biz.heraldcorp.com/article/10424843?ref=naver,"정부가 지난해 사전청약 제도를 전면 폐지했지만, 이미 사전청약을 진행한 단지들에서 본청약이 1년 이상 미뤄지며 당첨자들의 피해로 이어지고 있다는 지적이 나온다. 20일 헤럴드경제가 한국토지주택공사(LH)의 사전청약 주택 공급 계획을 분석한 결과 올해 본청약이 도래한 27개단지 1만3168가구...",
청약 제도,올해 공공주택 2만8000가구 분양... 로또 청약 ‘줍줍’ 제도 고친다,https://www.chosun.com/economy/real_estate/2025/01/13/MBPMYEZZBVGSJGFCPCIYRF2QYQ/?utm_source=naver&utm_medium=referral&utm_campaign=naver-news,"국토부는 이른바 ‘줍줍’으로 불리며 시장 과열을 부추기는 무순위청약이 무주택 실수요자에게 공급될 수 있도록 다음 달 중제도개선에 나서기로 했다. 서민 정책 금융 대출인 디딤돌·버팀목 대출의 안정적인 관리를 위해 지역별 시장 상황을 고려해 금리를 차등화하는 방안을 검토하고, 디딤돌 대출...",
청약 제도,"청약제도 개편, '줍줍' 제한과 부양가족 검증 강화",http://www.newsroad.co.kr/news/articleView.html?idxno=34584,"국토교통부가 무순위청약제도를 개편하여 유주택자의 '줍줍'을 제한하고, 부양가족 수를 늘리기 위한 위장전입을 방지하기 위한 방안을 발표할 예정이다. 이 개편안에 따르면 유주택자는 '줍줍'을 할 수 없게 하고, 거주 지역도 제한된다. 또한, 부양가족의 실거주 여부를 확인하기 위해 병원과 약국의 이용...",
청약 제도,무주택자만 아파트 '줍줍'...무순위 청약 요건 강화,http://www.joygm.com/news/articleView.html?idxno=214098,"광명지역신문=장성윤 기자> 국토교통부는 '로또 청약', '줍줍' 등으로 비판받던 무순위 청약을청약제도취지에 맞게 무주택 실수요자 중심으로 개선하고, 부양가족의 실거주 여부를 보다 실효적으로 확인하여 위장전입 유인을 원천 근절할 수 있도록 서류 징구·확인 절차를 강화할 계획이라고 밝혔다. 먼저, 그간...",
청약 제도,"DL이앤씨, ‘아크로 베스티뉴’ 20일 임의공급 청약 접수…“59가구 대상”",https://www.mk.co.kr/article/11243595,"DL이앤씨 분양 관계자는 “최근 자재비와 인건비 상승 등의 이유로 분양가가 빠르게 뛰면서, 이미 확정된 가격을 선점하려는 수요자들의 움직임이 활발하다”면서 “무순위청약 제도개편으로 유주택자들의 청약 기회가 줄어들 것으로 예상되면서 전국에서 투자자들의 문의가 이어지고 있다”라고...",
청약 제도,`아크로 베스티뉴` 오는 20일 임의공급 청약 진행 예정,https://www.dt.co.kr/contents.html?article_no=2025021702109923088003&ref=naver,"분양 관계자는 ""최근 자재비와 인건비 상승 등의 이유로 분양가가 빠르게 뛰면서, 이미 확정된 가격을 선점하려는 수요자들의 움직임이 활발하다""라며 ""특히 무순위청약 제도개편으로 유주택자들의 청약 기회가 줄어들 것으로 예상돼, 이번 임의공급에 전국에서 투자자들의 문의가 이어지고 있다""라고...",
청약 제도,무순위 청약 '무주택자'만 가능하다지만...쏠림현상 해결 ′미지수′,https://www.newspim.com/news/view/20250214000752,서울 여의도 63 스퀘어 전망대에서 바라본 아파트 단지 [사진=뉴스핌DB] ◆ 올해 상반기 무순위청약 제도개선 방안 시행 15일 부동산업계에 따르면 정부가 무순위 청약 이른바 '줍줍'으로 발생하는 부작용을 해소하기 위해 제도 개선 방안을 내놓았지만 영향이 제한적일 것이란 전망이 나온다. 국토교통부는 지난...,
청약 제도,"[AT 인터뷰] ""내 집 마련, 청약에 올인하지 말아야”",https://www.asiatime.co.kr/article/20250214500239,"최근 정부가 '줍줍'으로 불리는 무순위청약제도개편에 나선 것과 관련해서는 악성 미분양을 더욱 심화시킬 수 있다고 꼬집었다. 정부가 지난 11일 내놓은 무순위 청약 개선안에는 신청 자격의 무주택자 한정, 분양 여건에 따른 지자체별 거주지역 요건 탄력적 부과 등이 포함됐다. 현재 악성 미분양인...",
청약 제도,"'로또 청약' 원천 봉쇄…정부, 무주택자·거주자로 청약 대폭 제한",https://www.newswhoplus.com/news/articleView.html?idxno=21084,"국토교통부는 11일 무순위청약제도를 실수요자 중심으로 개편하는 시행규칙 개정안을 발표했다. 현재는 국내 거주 성년자라면 누구나 무순위 청약 신청이 가능했지만, 앞으로는 무주택자만 신청 가능하도록 변경된다. 또 시·군·구청장이 지역별 여건에 맞춰 거주 요건을 부과할 수 있도록 개선된다. 예를 들어...",
청약 제도,'광명 유승한내들 라포레' 19일 임의공급 청약,https://view.asiae.co.kr/article/2025021710555382960,"한 업계관계자는 ""최근에는 정부가 무순위청약 제도의 개선을 알리면서, 앞으로는 무주택자의 청약만 가능하게 변경하겠다고 밝혀, 이를 피하려는 수요의 쏠림도 예상된다""고 말했다. 한편 광명 유승한내들 라포레는 구름산지구 일원에 지하 2층~지상 최고 18층, 10개동, 전용면적 83·93㎡, 총 444가구 규모로...",
청약 제도,"[부동산DNA]청약 A to Z② 까다로운 조건...""나도 신청 할 수 있을까?""",https://www.fetv.co.kr/news/article.html?no=186720,청약은 내 집 마련을 위한 필수 관문으로 많은 사람이 관심을 갖는제도다. 앞서청약의 기본 개념과 건물 유형별 특징을 살펴봤다면 이제는 본격적으로청약조건에 대해 알아볼 차례다.청약은 단순히 통장만 있다고 누구나 신청할 수 있는 것이 아니다. 이번에는청약의 핵심 조건들을 하나씩 살펴보며 자신이...,
청약 제도,이젠 집 있으면 '줍줍' 못하나…'로또 청약' 개편 관심[무순위 청약 개선]②,https://www.newsis.com/view/NISX20250207_0003057474,8일 국토교통부는 올해 신년 2025년 업무계획을 통해 이달 중 무주택 실수요자를 위해 무순위청약제도를 개선하겠다고 예고했다. 국토부는 앞서 지난해 3월 거주 지역과 보유 주택 수에 상관 없이 국내에 거주하는 성인 누구나 무순위 청약이 가능하도록 무순위 청약 요건을 대폭 완화한 바 있다. 국토부는...,
청약 제도,아파트 '누구나 로또청약' 사라진다..신청자격 강화,http://www.breaknews.com/1091206,"김헌정 국토부 주택정책관은 ""이번 무순위청약제도개선은 무주택 실수요자 지원이라는 본래 취지에 맞게 개편하는 것""이라며 ""지자체가 지역 여건 등을 고려해 거주 요건을 탄력적으로 부과하도록 허용하면청약제도가 시장...",
청약 제도,세종 힐스테이트 57만명 청약…도심복합개발 활성화 기대 [AI 프리즘*부동산 투자자 뉴스],https://www.sedaily.com/NewsView/2GOW14HZP0,"무순위청약 제도개편을 앞두고 마지막 기회를 노리는 수요가 집중됐다. - 전략: 정부의 무순위 청약 규제 강화 전 남은 기회를 활용해야 한다. 시세차익이 큰 우량 입지 물건을 선별하고, 지역별 무주택 거주 요건에 대비한 투자 계획을 수립한다. 2. 신탁·리츠도 도심복합사업…용적률 최대 700% - 핵심...",
청약 제도,"현행 주택청약제도, 신혼부부와 출산 가구에 불리… 개편 필요",https://www.joongdo.co.kr/web/view.php?key=20241225010007712,"저출생 시대, 주택청약제도가점제를 신혼부부나 출산 가구에 유리하게 개편해야 한다는 연구보고서가 나왔다. 달라진 인구 구조와 가구 구성을 제대로 반영하지 못해 무주택 기간이 15년 이상인 40대 이상에게 유리하게 설계돼 있다는 이유에서다. 혼인과 배우자에 대한 가점을 신설하고 자녀 수에 대한...",
청약 제도,주택청약제도 개편 필요… 혼인 및 자녀수에 가점,http://www.economytalk.kr/news/articleView.html?idxno=401457,무주택자 등 실수요자의 주택공급을 확대를 위해 2007년 8월 도입된 주택청약제도가점제를 두고 개편의 필요성이 제기됐다. 국회입법조사처 경제산업조사실은 24일 '주택공급에 관한 규칙'과 관련 출산가구의 주택마련 기회 확대를 위한 현실적인 가점제 방향성을 제안했다. 경제산업조사실에 따르면 현행...,
청약 제도,세종 ‘3억 차익’ 무순위 청약 시작…마지막 ‘줍줍’ 되나,https://www.munhwa.com/news/view.html?no=2025020601039907172001,"국토부가 이달 중 무순위청약제도개편 방안을 발표하면 유주택자의 무순위 청약 기회는 사라지고, 거주지역도 제한될 것으로 예상된다. 제도 개편 전 막차 수요가 몰리며 동탄역 롯데캐슬 무순위 청약 접수 당시 청약홈이 마비됐던 사태가 재현될 것이란 우려가 나왔다. 이에 부동산원은 단지 구분 없이...",
청약 제도,"""40~50대에만 유리한 청약제도 개편 필요하다""",https://www.moneys.co.kr/article/2024122613431698671,"현재의 주택청약제도는 무주택 기간, 부양가족수, 주택청약종합저축 가입기간 등 가점 항목을 합산해 점수가 높은 순으로 입주자를 선정하는 방식이며 2007년 도입됐다. 최근 5년 동안 청약 당첨자 가점을 살펴보면 무주택기간 최고점은 30~31점, 청약저축기간은 15~16점으로 모두 만점에 가까운 점수를 받은...",
대출 규제,토허제·대출규제 '무풍지대'…꼬마빌딩 대신 초고가 아파트 산다,https://www.sedaily.com/NewsView/2GQF6PWYAI,이에 따라 토지거래허가구역 재지정과대출 규제에도 초고가 아파트는 무풍지대라는 평가도 나온다. 28일 국토교통부 실거래가 공개시스템에 따르면 지난해 매매 금액 50억 원 이상 서울 아파트 거래는 총 414건으로 전년(170건) 대비 2.4배가량 증가했다. 같은 기간 100억 원 이상 거래도 6건에서 23건으로 4배...,
대출 규제,"김병환, ‘가계대출 규제 오락가락’ 지적에 “정책 추진 중 불가피한 현상…비판 감내”",https://biz.chosun.com/stock/finance/2025/03/26/5RU7SMZVBFHM7KDCXZNAW2BY6U/?utm_source=naver&utm_medium=original&utm_campaign=biz,김병환 금융위원장이 ‘금융 당국의 최근 가계대출 규제가 일관성 없다’는 지적에 대해 “정책 목표 달성을 위해 불가피한 측면이 있다”며 “비판을 감내하고 있다”고 26일 밝혔다. 김 위원장은 이날 오전 정부서울청사에서 열린 기자간담회에 나와 이같이 말했다. 김 위원장은 “금융 당국의 가계대출...,
대출 규제,가계 대출 빗장 열었다 닫았다… 땜질식 규제에 소비자 혼란,https://www.chosun.com/economy/stock-finance/2025/03/24/JLZW2XPQU5BSDEAWQZMJYM4TTE/?utm_source=naver&utm_medium=referral&utm_campaign=naver-news,"대출금리를 낮추라는 금융 당국 압박에 연초 금리를 내리고대출 규제를 풀었던 은행들은 다시 대출을 조이고 있다. 은행들은 재개했던 전세 대출을 한 달 만에 다시 중단하겠다고 나서는가 하면, 수도권 주택 보유자에게도 대출을 내줬던 은행도 한 달 만에 다시 대출 문을 걸어 잠갔다. 땜질식 규제에...",
대출 규제,제각각 누더기 대출규제에 은행·소비자 '대혼란',http://news.bizwatch.co.kr/article/finance/2025/03/24/0042,"그러나 토허제 재지정에 따른 당국이 '자율관리'(대출관리 강화) 주문에 문턱을 다시 높이고 있다.▷관련기사 : 이랬다 저랬다대출규제, 은행권 혼란…대출금리 오를라(3월21일) ""대출금리를 낮출 때가 됐다""며 은행권을 압박하던 금융당국이 태세전환에 나서면서 은행권은 물론 대출 실수요자들도 혼란을...",
대출 규제,"""대출관리 강화"" 당국 주문에…은행권, 즉각 대출제한 강화 검토",https://www.hankyung.com/article/202503194766i,"박상우 국토부 장관은 이날 브리핑을 열고 ""주택시장 과열을 방지하기 위해 주택담보대출을 포함한 가계대출총량 관리를 더욱 강화하겠다""며 ""금융권 자율규제를 바탕으로 다주택자, 갭투자와 관련한 가계대출을 금융권이 보다 엄격히 관리할 수 있도록 하겠다 ""고 말했다. 정부는 특히 최근 주택 가격이...",
대출 규제,"'땜질식' 규제에 은행 가계대출 조건 복잡…""풀었다 조였다""",https://www.yna.co.kr/view/AKR20250322045500002?input=1195m,어느 동네냐 집 몇채냐 따라 은행 대출 가능 여부·한도 등 천차만별 연초 대출 문턱 낮추고 석달만에 다시 높여…한 달 만에 바꾸기도 신호경 한지훈 민선희 기자 = 가계대출 규제가 땜질식으로 되풀이되면서 은행별 주택담보대출과 전세자금대출 조건이 매우 복잡해졌다. 은행들은 올해 들어 대출...,
대출 규제,토허제 확대·대출 규제 강화에 혼란… 대출 막힐까 계약 포기도,http://www.segye.com/newsView/20250323509424?OutUrl=naver,연합뉴스 일선 중개업소에는 지난달 ‘잠삼대청’(잠실·삼성·대치·청담동) 토지거래허가구역 해제에 따른 기대감에 집을 샀다가 돌연 나온대출규제강화책에 대출이 막힐까 봐 걱정하는 계약자들의 문의 전화가 주말까지 빗발친 것으로 전해졌다. 중개업소는 또 허가구역 지정 전에 집을 팔려는...,
대출 규제,시중은행 대출 규제 강화,https://www.newspim.com/news/view/20250324000980,지난달 은행 가계대출잔액이 1143조 7000억원으로 집계돼 역대 최대 규모를 경신한 가운데 금융당국은 오는 25일 주요 시중은행을 소집해 토지거래허가구역 재지정 이후 가계대출동향을 점검하고 추가 대책이 필요한지 논의할 예정이다. 사진은 24일 서울의 한 시중 은행에 게시된...,
대출 규제,"저축은행, 사잇돌·햇살론 인센티브…비대면대출 영업규제 낮춘다",http://news.mt.co.kr/mtview.php?no=2025032009172672518,영업구역 밖에서 취급한 비대면 개인신용대출의 50%를 총여신에서 제외하는 방식이다. 의무여신비율규제의 분모(총여신)가 줄어들면서규제가 대폭 완화되는 셈이다. 최근 저축은행의 비대면 취급 비중 증가로 영업구역 밖 차주의대출수요가 확대되는 점을 감안했다. 중소형 저축은행의 미흡한 신용평가...,
대출 규제,"IPO 앞둔 케이뱅크, 총량 규제 가계대출보다 기업대출에 집중한다",https://zdnet.co.kr/view/?no=20250318105139,"이어 그는 ""IPO위해서 개인과 기업금융이 고르게 성장하는 모습을 보여주고 싶지만 개인대비 기업서 차지하는 비중이 작아서 더 노력할 것""이라며 ""총량규제가 강하게 들어와서 개인 부문대출을 강하게 늘릴 수 있는 상황이 아니라 기업대출을 보고 있고, 올해 기업대출공급액 목표는 2조원 이상""이라고...",
대출 규제,"이랬다 저랬다 대출규제, 은행권 혼란…대출금리 오를라",http://news.bizwatch.co.kr/article/finance/2025/03/20/0040,정부가 토지거래허가구역(토허제) 해제와 재지정이라는 오락가락 정책에 더해 추가적인 가계대출 규제가능성을 내비치면서 은행권이 난색을 표하고 있다. 지난달 금융당국은 한국은행 기준금리 인하를 은행권 대출금리에 반영하도록 압박하며 가계대출 수요를 자극했다. 이번엔 강남 집값 상승을 이유로 대출...,
대출 규제,[열린송현] 유연한 주택 대출 규제 필요하다,https://www.sedaily.com/NewsView/2GQDB56C6Z,"지방 미분양주택에 대한 한국토지주택공사(LH)의 직접매입 등 지원책이 발표됐지만, 기대했던 수요자대출규제완화는 지방에 한정해 실효성이 크지 않다는 평가를 받고 있다. 현재 주택시장의 상황을 보면 좀 더 적극적인 정책이 필요하다. 안정적으로 유지됐던 미분양물량은 2021년 1만 7710가구에서 2024년 말...",
대출 규제,"""집 있으면 '토허제' 지역서 대출 제한""…우리은행, 추가 규제",https://biz.sbs.co.kr/article_hub/20000224062?division=NAVER,"서울시는 오는 24일부터 강남 3구와 용산구를 토지거래허가구역으로 지정하기로 했습니다. 이는 지난달 강남권 일부 지역을 토지거래허가구역에서 해제하겠다고 발표한 후 집값이 요동치자 나온 대책으로, 은행권도 당국의 조치에 발맞춰대출추가규제를 내놓고 있습니다.",
대출 규제,"위기의 저축은행…금융당국, M&A 규제 풀고 중금리 대출에 인센티브",https://www.hankookilbo.com/News/Read/A2025032010030003314?did=NA,"금융당국이 저축은행업권에 대한 인수합병(M&A)규제를 한시적으로 풀고, 중금리대출을 활성화하기 위한 인센티브를 주기로 했다. 부동산 프로젝트 파이낸싱(PF) 부실 여파로 저축은행업권의 건전성이 크게 악화하면서 기능 수행에 어려움을 겪고 있기 때문이다. 김병환 금융위원장은 20일...",
대출 규제,"토허제 풀리자 대출 수요↑...은행권, 대출 규제 카드 '만지작'",http://www.fnnews.com/news/202503181409364672,"묘'를 강조한 만큼 다른 은행들도 가계부채 관리를 위해 여러 카드를 고심 중이다. 가계대출증가세가 재차 가팔라지면 은행별로 추가 핀셋규제가 나올 전망이다. 한 시중은행 관계자는 ""아직 증가폭이 크진 않지만, 당국에서 선제적인 대응을 요구한 만큼 추가 조치들에 대해 고민하고 있다""고 전했다.",
대출 규제,부동산 규제에 은행도 움찔…대출 중단 확산,https://news.mtn.co.kr/news-detail/2025032016413288476,신한은행과 KB국민은행은 이미 강화된대출 규제를 적용하고 있는 만큼 서울과 수도권 지역 가계대출 추이를 살피며 추가 대응을 검토한다는 입장입니다. 더구나 오는 7월부터는 가장 강력한 3단계 스트레스 DSR(총부채원리금상환비율) 규제까지 시행될 예정이어서 실수요자들도 대출한도가 줄어들 가능성이...,
대출 규제,오락가락 가계대출 조건·규제… 소비자 혼란 가중,https://www.dt.co.kr/contents.html?article_no=2025032002109963033015&ref=naver,"하지만 은행마다대출규제가 달라 상담을 받는 고객들은 늘어난 것으로 나타났다. 금융권 관계자는 ""상담을 받으러 오는 고객들이 증가했다. 특히 서초구는 하루에 2, 3번씩 방문하는 고객들이 있는 만큼 상담이 늘었다. 하지만 대출 접수 건수로 이어지지 않는 경우가 다수였다""고 말했다. 강남, 서초구 대비...",
대출 규제,규제완화·금리인하에 '영끌' 꿈틀…5대은행 신규 주담대 34%↑,https://www.yna.co.kr/view/AKR20250308053400002?input=1195m,"A 은행 서울 여의도 한 지점 관계자는 ""올해 들어, 특히 2월부터 실제 대출 받는 사람이 증가했고, 주택구입자금 대출을 문의하는 사람도 크게 늘었다""며 ""주로 금리 인하 폭,대출 규제완화로 원리금이 얼마나 줄어들 수 있는지 등을 문의한다""고 전했다. B 은행 서울 성동구 한 지점 관계자도 ""토지거래허가제...",
대출 규제,규제 풀자 폭증한 주담대…시험대 오른 가계대출 관리,http://www.edaily.co.kr/news/newspath.asp?newsid=04103286642102664,기존 1억원이던 수도권 생활안정자금 대출 한도를 2억원으로 확대하는 등 일부대출 규제를 완화했다. 수협·신협중앙회 역시 올해 1월부터 다주택자 대상 일부 대출 제한을 해제했다. 수협중앙회는 다주택자의 수도권 신규 주담대 취급 제한을 완화했고 신협중앙회는 다주택자 생활안정자금 한도를 기존 1억...,
대출 규제,"SC제일은행, 다주택자 주담대 제한…대출 규제 강화",https://www.etoday.co.kr/news/view/2454012,"이투데이=정상원 기자 | 토지거래허가구역 해제 여파로 서울 집값이 들썩이자 은행권이 다시대출 규제에 나섰다. 19일 금융권에 따르면 SC제일은행은 26일부터 다주택자(2주택 이상)에 대한 생활안정자금 목적의 주택담보대출을 중단한다. 다주택자 대상 대환대출, 추가 주담대도 중단한다. 역전세용...",
대출 규제,"은행권, 가계대출 조인다…금융당국, 자율 규제 강화 당부",https://www.polinews.co.kr/news/articleView.html?idxno=686362,"금융당국이 은행권에 자율적으로 가계대출 관리 강화를 당부하자 은행들이 가계대출 규제방안을 내놓고 있다. 21일 금융권에 따르면, 국내 시중은행들이 다주택자에 대한 주택담보대출 제한 방안을 내놓고 있다. 최근 강남 3구를 비롯한 서울 및 수도권 지역의 집값 과열 양상이 보이자 금융당국이 은행권에...",
대출 규제,"전세대출 규제 풀었던 농협은행, 2개월 만에 '서울지역' 핀셋 규제",http://news.mt.co.kr/mtview.php?no=2025031714501276888,농협은행의 행보는 새해 들어대출 규제를 완화하던 은행권의 움직임과 대조된다. 주요 은행은 지난해 하반기 주택담보대출과 신용대출 취급 문턱을 높였으나 새해 이후에는 각종 규제를 풀고 대출금리를 낮췄다. 농협은행도 지난해 12월30일 이후 3차례에 걸쳐대출 규제를 완화했다. 지난해 12월30일에는...,
대출 규제,토허제·대출 규제 ‘이중 압박’… 부동산 시장 ‘패닉’,https://www.viva100.com/article/20250323500414,"정부와 서울시가 아파트값 상승 확산세를 막기 위해 24일부터 토지거래허가구역을 강남3구와 용산구 아파트로 확대하고, 1주택 이상 보유자와 조건부 전세대출 등의대출 규제를 다시 강화하기로 하면서 시장이 대혼란을 겪고 있다.대출 규제가 강화되면서 시장 전반에 불확실성이 커졌고, 계약을 취소하거나...",
대출 규제,“집값 상승세 못 막는다”…토허제 재지정·대출규제 완화에도 경인지역 ‘들썩’,https://www.etoday.co.kr/news/view/2455322,"규제시행으로대출규모가 줄어들기 전에 미리대출받으려는 수요가 한꺼번에 몰릴 수 있기 때문이다. 정부의 강남 3구와 용산구 토허제 지정으로 투자 수요가규제지역 대신 서울 성동구와 마포구, 강동구 지역에 이어 경인지역 핵심지로 옮겨가는 ‘풍선효과’ 발생 가능성도 커졌다. 실제로...",
대출 규제,가계대출 정책도 뒤집은 정부 은행에 다시 대출 규제해달라,http://www.smedaily.co.kr/news/articleView.html?idxno=320824,"이어 ""시장 과열 상태를 안정적으로 관리하기 위해 한시적으로대출 규제조치를 시행해달라""고 협조를 구하면서 ""당분간 가계대출 가산금리 인하 요청은 없을 것""이라고 덧붙였다. 이런 발언은 앞서 김병환 금융위원장이나 이복현 금융감독원장의 은행권 가계대출 금리 인하 압박과 상충된 것이다. 지난달...",
대출 규제,'국민평형' 서울 84㎡ 아파트값도 오름세…대출 규제 강화 전 매입 수요↑,https://economist.co.kr/article/view/ecn202503170011,"더욱이 오는 7월 DSR 3단계 시행을 앞두고대출 규제가 강화되기 전 유리한 조건에서 주택을 매입하려는 수요가 선제적으로 시장에 유입되는 모습이다. 김은선 직방 빅데이터랩장은 다만 ""서울 외곽 지역에서도 하락 매물이 소진되며 일부 가격 상승이 나타나고 있지만, 아직 적극적인 추격 매수세가...",
대출 규제,서울 주택 구입 깐깐해진다...신규대출 규제 강화,https://www.ytn.co.kr/_ln/0102_202503202249346539,"주택담보대출을 내주지 않기로 했습니다. 하나은행은 최근 서울의 주택가격과 거래량이 급증한 가운데, 갭 투자를 막고 실수요자를 보호하기 위한 조치라고 설명했습니다. SC제일은행도 오는 26일부터 2주택 이상 보유자의 생활안정자금대출과 타 은행 대환대출등을 제한하기로 했습니다. SC제일은행은...",
대출 규제,[집중진단] 제각각 대출규제 은행·소비자 '대혼란'…정부 방안은?,https://biz.sbs.co.kr/article_hub/20000224996?division=NAVER,부당대출사건이 고객들을 실망시키고 있습니다. 은행들이 이자 장사로 돈을 쉽게 번다는 비판 속에 은행원들은 짬짜미로 고객 돈을 부당하게... 그간 집값이 오르지도 않았는데규제됐기 때문인데요. 어떻게 해야 할까요? (자세한 내용은 동영상을 시청하시기 바랍니다.),
대출 규제,"정부, 디딤돌 대출도 규제...수도권 우대금리 폐지",https://www.ntoday.co.kr/news/articleView.html?idxno=114151,"[사진=뉴시스] 정부의 부동산 시장 안정화 방안의 일환으로대출 규제방침을 발표한 가운데, 디딤돌 대출까지 압박에 나섰다. 21일 업계에 따르면 주택도시보증공사(이하 HUG)는 오는 24일부터 수도권의 신규 분양 주택을 담보로 디딤돌 대출을 신청하는 경우 0.1%P의 우대금리 혜택을 폐지하는 방침을 4대...",
대출 규제,"정부, 서울 주택시장 과열 대응…토허제 재가동·대출규제 강화",https://www.ebn.co.kr/news/articleView.html?idxno=1655588,"강남·서초·송파·용산구 전역을 토지거래허가구역으로 재지정하는 한편,대출 규제강화, 부동산 거래질서 확립 등을 병행해 시장 안정에 나설 방침이다. 국토교통부는 19일 서울특별시와 기획재정부, 금융위원회, 한국은행, 금융감독원 등 관계 부처와 정부서울청사에서 회의를 열고 이같은 방안을 내놨다....",
대출 규제,전문가 10명 중 6명 “올해 집값 하락”…관건은 ‘대출규제’ 파급력,https://www.khan.co.kr/article/202503161538001,보고서는 올해 주택시장의 핵심 변수로 ‘금리인하’와 ‘대출규제’를 꼽았다. 다만 기준금리 추가인하보다는대출규제강화가 단기적으로 더 큰 영향을 줄 것으로 내다봤다. 오는 7월로 예정된 스트레스 DSR 3단계 시행이 매수 수요가 위축되는 직접적인 요인으로 작용할 수 있다는 것이다. 보고서는 “이...,
대출 규제,"정치권선 대출규제 풀라는데 당국 ""글쎄""",http://www.m-i.kr/news/articleView.html?idxno=1219911,여당인 국민의힘이 지방 미분양 문제를 해결하기 위해대출 규제완화를 요청했지만 금융당국은 반대 의지를 보이고 있다. 사진=연합뉴스 매일일보 = 이재형 기자 | 여당인 국민의힘이 지방 미분양 문제를 해결하기 위해대출 규제완화를 요청했지만 금융당국은 반대 의지를 보이고 있어 진통이 예상된다....,
대출 규제,금융당국 “강남 3구 등 대출 ‘핀셋 관리’”…추가 규제 가능성도,https://www.joongang.co.kr/article/25320965,하지만 현재 집값 상승이 서울 일부 지역에서 나타나고 있고 지방 부동산은 침체 징후가 뚜렷하기 때문에 금융당국 차원에서대출 규제가 더 강화되긴 힘들어 보인다. 한편 이날 국제금융협회(IIF)의 ‘세계 부채 보고서’ 따르면 지난해 4분기 기준 한국 국내총생산(GDP) 대비 가계부채 비율은 91.7%로 조사...,
대출 규제,"EU, 재무장을 '바이 유러피안' 기회로…규제 줄이고 236조 대출",https://www.yna.co.kr/view/AKR20250309051100098?input=1195m,"특히 8천억 유로 가운데 EU 예산이 직접 활용될 1천500억 유로(약 236조원)의 무기 공동자금대출금과 관련해 '유럽산 한정' 방침을 분명히 했다.... 폰데어라이엔 집행위원장은 ""이달 중 방위산업 부문을 포함해 산업계규제를 간소화하기 위한 '옴니버스 패키지'를 추가로 발표할 계획""이라고 말했다. 앞서...",
대출 규제,"금리인하에 총량규제 겹쳐…""대출 막차 타자"" 수요 몰려",https://www.sedaily.com/NewsView/2GQ7U5VIAH,구체적으로 △토지거래허가구역 해제 △신학기 이사 수요 △주담대 금리 인하 △대출총량규제및 총부채원리금상환비율(DSR) 확대 적용에 따른 선수요 등이다. 실제로 토허제 완화가 영향을 줬을 것이라는 데는 금융위원회와 한국은행의 판단이 같다. 금융위는 12일 토허제규제완화가 가계대출에 영향을...,
대출 규제,"""4월이 고비""…금융당국, 가계대출 추가 규제 방법은",https://news.einfomax.co.kr/news/articleView.html?idxno=4347419,"금융당국은 이를 통해서도 대출 증가세를 잡지 못한다고 판단될 경우 이르면 5월 중 추가적인대출 규제를 내놓을 방침이다. 권대영 금융위 사무처장은 ""3월 주담대는 2월 대출의 절반 수준이라 일단 안정적인 모습""이라면서도 ""1단계 조치를 하고도 잘 안되면 추가적인 강력한 대출 억제 정책을 시행할...",
대출 규제,"정부, 강남3구發 서울 부동산 급등에 긴급 대책… 토지거래허가구역 확대·대출 규제 강화",https://www.donga.com/news/Economy/article/all/20250319/131236624/1,"정부 “기준금리 인하에도대출 규제강화” 정부는 최근 기준금리가 2.75%까지 인하되면서 대출 부담이 줄어들고 유동성이 증가한 것이 부동산 시장 상승세를 부추긴 원인 중 하나로 지목했다. 이에 정부는 주택담보대출(주담대) 및 전세대출에 대한 점검을 강화하고, 금융권의 자율 관리 방안을 추진할...",
대출 규제,수도권 대출규제 재점화에 지방 부동산은 '예의주시',https://www.cctoday.co.kr/news/articleView.html?idxno=2209529,"토지거래허가제 해제·재지정 금융권대출 규제강화 수도권 다주택자대출규제, 금리 규제 등 예고 나서 비수도권 규제 완화 초점에 반사이익 기대감 보여 [충청투데이 ] '지방 주택 다주택자 중과세 폐지', '기금대출 금리 차등화' 등 지방 부동산 시장의 경기부양을 위한 규제완화가 본격화되면서 지역에서는...",
대출 규제,규제 풀며 금리 낮추고 대출 줄여라?…은행만 압박하는 당국,https://www.sisajournal.com/news/articleView.html?idxno=326587,2단계 스트레스 DSR은 기존보다 더 강화된 한도로 적용되는대출 규제다. 당시 정부는 부동산 프로젝트파이낸싱(PF) 연착륙을 위해 규제 시행을 미룬다는 입장이었다. 하지만 이 결정으로 대출 막차 수요가 몰리면서 그 해 7월과 8월 가계부채는 15조원 가까이 늘었다. 결국 하반기 들어 가계부채가 눈덩이처럼...,
대출 규제,"대출 규제 속에서도 강화되는 상급지의 가치, 강남·여의도 신고가 랠리 속 브라이튼 여의도 주목",http://www.fnnews.com/news/202503240958554578,정부의 잇따른대출규제와 대내외 불안정한 시장 환경 속 ‘똘똘한 한 채’가 주목받자 수요자들의 선택이 높은 안정성을 갖춘 지역에 쏠리고 있는 것. 실제 통계에서도 확인할 수 있다. KB부동산 통계를 보면 2월 서울 아파트 5분위 배율은 5.6으로 통계 작성 이후 최대치를 기록했다. 이는 고가 아파트 1채...,
대출 규제,"""정부 대출 규제, 젊은세대 불평등 인식 더 악화시켜""",https://view.asiae.co.kr/article/2025031418364851013,가계대출 증가를 막기 위한 정부의대출 규제가 젊은층의 상대적 박탈감을 키워 불평등에 대한 인식을 악화시키고 있다는 주장이 나왔다. 이윤수 서강대 경제학부 교수는 14일 오후 서강대 게페르트남덕우경제관에서 열린 '한국의 양극화 극복의 모색' 세미나 주제 발표를 통해 이 같은 견해를 밝혔다. 이 교수는...,
대출 규제,토허제 확대ㆍ대출규제 3ㆍ19대책 후폭풍… 주택시장 대혼란,https://www.dnews.co.kr/uhtml/view.jsp?idxno=202503231618201610214,갑작스런 시중은행대출규제에 발동동… 계약포기도 정책대출도 강화 움직임에 비강남 실수요자도 불안 2∼4억 낮춘 급매물 나오자 막차타기 수요 잇단 거래 [대한경제=이종호ㆍ임성엽 기자] 주택시장이 3ㆍ19 대책 후폭풍에 시달리고 있다. 24일부터 △강남3구와 용산구 아파트 토지거래허가구역(토허제) 확대...,
대출 규제,[부동산 트렌드] 분양가 상승·공급 부족에 대출규제까지,http://www.sisacast.kr/news/articleView.html?idxno=70643,"여기에대출규제3단계가 예고돼 있는 것도 부담이다. 인건비 등 공사비가 오르면서 아파트 분양가는 지속해서 오르고 있다. 한국건설연구원에 따르면 공사비지수는 2020년 이후 꾸준히 상승해 지난해 11월 기준 130.26으로, 2020년 기준치(100) 대비 30% 이상 올랐다. ■ 분양가 상승 속 공급 감소 전망...",
대출 규제,금리 내리고 대출규제 조이고 … '엇박자' 정책 속 불붙은 집값,https://biz.newdaily.co.kr/site/data/html/2025/03/18/2025031800144.html,"대치동 인근 P공인중개사무소 관계자도 ""솔직히 예상하지 못한 상황이다""며 ""정부가대출규제에 나서면서 반대로 금리는 내리고 토허제를 해제할 거라고는 생각하지 못했다""고 말했다. 이어 ""시장에는 하반기 전 타이밍을 잡자는 움직임이 커서 오히려 상반기 집값 상승이 더 두드러질 것으로 보인다""고...",
대출 규제,"[천지일보 사설] 제2금융권 연체율 급등, DSR 규제는 신중해야 한다",https://www.newscj.com/news/articleView.html?idxno=3250559,정부는대출 규제를 확대하기보다는 시장경제의 원리에 맡기고 금융시장의 자율조정 기능을 존중해야 한다. DSR 규제는 이미 대출시장에 큰 영향을 미치고 있다. 제1금융권뿐만 아니라 제2금융권까지 규제가 확대되면 신용등급이 낮거나 담보가 부족한 차주들은 합법적인 금융시장 접근이 더욱 어려워질...,
대출 규제,DSR 규제 강화… 1억원 미만 대출 때도 소득 따진다,https://www.kmib.co.kr/article/view.asp?arcid=1740646232&code=11151300&cp=nv,"기존엔 1억원 미만, 중도금·이주비에 해당하는대출등은 DSR규제에 포함되지 않아 차주의 소득 대비 과도한 규모의대출이 나갔다는 게 당국 판단이다. 금융위 관계자는 “모든대출을 포함해 DSR을 산출해보니 터무니없이 큰 수치가 나왔다”며 “아무리규제대상이 아니라도 은행 차원에서 제대로 소득...",
대출 규제,금리 내리고 규제 풀리자 가계대출 다시 늘었다…2월 한 달간 4.3조↑,https://biz.heraldcorp.com/article/10439681?ref=naver,금융권이 연초 새로운 경영목표 아래 가계대출취급을 본격적으로 재개한 가운데 금리 인하와규제완화에 신학기 이사수요 등이 겹친 영향으로 풀이된다. 12일 금융위원회에 따르면 올해 2월 전 금융권 가계대출은 4조3000억원 늘어난 것으로 잠정 집계됐다. 지난 1월 가계대출이 9000억원 줄며 감소세로...,
대출 규제,"與, ""지방 건설사 줄도산…DSR 대출 규제 과감히 완화해야”",http://www.kookje.co.kr/news2011/asp/newsbody.asp?code=0100&key=20250311.99099002836,국민의힘 김상훈 정책위의장은 11일 “비수도권 미분양 사태 해결 등을 위해서라도 DSR(총부채원리금상환비율)대출 규제를 과감히 완화할 때가 됐다”고 말했다. 김 의장은 이날 국회에서 열린 원내대책회의에서 “국토교통부와 금융위 등 관계부처에서는 건설산업의 심각한 상황을 비춰봤을 때 몸사리기에...,
대출 규제,‘숨은 진주 찾기’ 저평가 지역 재조명...대출 규제·분양가 상승에 실수요 이동,https://www.viva100.com/article/20250319501034,"분양가 상승과대출 규제로 인해 매수 심리가 위축되자, 기존 인기 지역의 생활권을 누릴 수 있으면서 합리적인 가격과 미래가치를 갖춘 지역에 수요가 몰리는 모습이다. 19일 업계에 따르면, 전문가들은 일부 저평가된 지역의 중장기적 가치 상승 가능성이 높다고 분석하고 있다. 같은 생활권 내에서도...",
대출 규제,서민금융 키우라더니… 대출 총량 규제에 발묶인 저축은행,http://www.fnnews.com/news/202503101806203425,대출총량규제에 중금리대출이 포함되면서 서민금융 확대에 차질을 빚을 수 있다는 우려가 나온다. 10일 저축은행중앙회에 따르면 지난해 저축은행업계가 취급한 민간중금리대출총액은 9조4920억원으로 집계됐다. 2023년에 취급했던 규모(6조1598억원)와 비교하면 54.10%가 증가한 수치다. 민간중금리대출은...,
대출 규제,"국민의힘 ""건설사 줄도산...비수도권 대출규제 완화 필요""",https://www.ytn.co.kr/_ln/0101_202503111152314784,"국민의힘 김상훈 정책위의장은 최근 건설사들이 줄 도산을 하고 있다며 '악성 미분양' 주택 문제 해결을 위해 DSR, 즉 총부채원리금상환비율대출 규제를 과감하게 완화해야 한다고 요구했습니다. 김 정책위의장은 원내대책회의에서 건설업은 GDP의 15%를 차지하는 핵심 산업인데, 최근 건설산업의 심각한...",
대출 규제,"주택담보대출 급증, 금리 인하와 규제 완화 효과",https://www.topstarnews.net/news/articleView.html?idxno=15618193,"주택담보대출 금리는 최근 하락세를 보이며, 은행권대출 규제가 완화되면서 부동산 구매 심리가 부풀어 오르고 있다. 지난달 5대 은행에서 주택 구입 목적의 신규 주택담보대출 취급액은 7조4878억원으로 집행되었다. 이는 직전 달인 1월(5조5765억원) 대비 34.3% 증가한 수치다. 금융권에 따르면, 지난해 9월...",
대출 규제,"[기획] 정부, 대출규제 옥죄기…뛰는 집값 잡을 수 있을까?",http://www.m-i.kr/news/articleView.html?idxno=1218254,"서울시의 토허제 해제 이후 집값이 폭등한 가운데, 하반기대출규제강화가 집값 상승세를 막을 수 있을지 주목된다. 사진은 서울의 한 시중은행에 붙은 주택담보대출 현수막. 사진=연합뉴스 제공 매일일보 = 이혜경 기자 | 서울시의 토지거래허가구역(이하 토허제) 해제 영향으로 집값이 폭등하면서...",
대출 규제,총량규제 묶였는데 중금리대출 확대하라니…저축은행 '난감',https://www.mediapen.com/news/view/998232,총량규제로대출심사가 강화되면 중·저신용자는 저축은행대출을 이용하기 더욱 어려워질 수밖에 없다. 현재도 신용점수가 낮은 경우 저축은행을 이용하기 어려운 실정이다. 지난해 4분기 민간중금리대출을 취급한 30개 저축은행 중 신용점수 600점 이하 차주에게대출을 내준 저축은행은 13곳으로...,
대출 규제,"인뱅 中企대출 쉽게, 대면규제 완화 추진",https://www.mk.co.kr/article/11264347,"카카오뱅크, 케이뱅크, 토스뱅크에선 그동안 중소기업 법인대출확대를 위해 비대면 영업 관련규제를 완화해달라는 요구를 해왔던 것으로 전해졌다. 가계대출이 막히면 기업대출을 확대하는 전략으로 돌파구를 찾는 시중은행처럼 인뱅도 중소기업대출이 활성화되면 새로운 성장 전략이 될 수 있기 때문이다....",
대출 규제,"토허제 풀자 강남3구 아파트 급등… ""대출규제 등 대응 필요""",https://www.moneys.co.kr/article/2025030816044677252,"인하를 앞두고 서울시가 강남지역 토지거래허가제를 해제한 것은 성급한 판단""이라고 지목했다. 이어 ""정부는 강남 아파트 가격 급등이 마용성에서 서울 전역으로 확산되는 것을 차단하기 위해 부동산 시장 동향 모니터링을 강화하고 필요하다면대출 규제등 선제적 대응 조치가 필요하다""고 주장했다.",
대출 규제,올해 하반기 '대출 규제' 부동산 시장 변수,http://www.newsprime.co.kr/news/article.html?no=679610,"정부는 지속 가능한 부동산 시장을 만들기 위해대출 규제를 강화하고 있으며, 이는 시장의 과열을 방지하고 안정화시키는 데 중요한 역할을 할 것으로 예상된다. 그러나 이러한 규제 강화가 실수요자와 투자자에게 미치는 영향을 신중히 고려해야 한다는 지적이 나온다. DSR(총부채원리금상환비율) 규제는 대출...",
대출 규제,"[통화신용보고서②] 규제에 막힌 가계대출 증가세, 토허제 해제로 또 '들썩'",http://www.seoulfn.com/news/articleView.html?idxno=550953,지난해 부동산 영끌 흐름 속 급격히 확대됐던 가계대출 증가세가 정부의대출규제에 막혀 꺾였다는 분석이 나왔다. 현재 수요·공급여건을 고려하면 가계대출 증가세는 당분간 둔화 흐름을 지속할 것으로 보인다. 다만 서울 일부 지역의 토지거래허가구역 지정 해제 여파에 주택가격 상승 기대가 커지면서...,
대출 규제,"DL이앤씨, 대출 규제에서 자유로운 신규 분양 단지 선봬",https://www.sedaily.com/NewsView/2GQ8AG3YEA,"가계부채가 2000조원에 육박하면서 정부가 강도 높은대출 규제에 나선다. 한국은행에 따르면 지난해 12월 말 기준 가계신용 잔액은 1927조3000억원으로, 2002년 관련 통계 작성 이래 역대 최대치를 경신했다. 작년 한 해로 보면 41조8000억원이나 늘었다. 가계부채 증가세를 견인한 것은 주택담보대출(주담대)...",
대출 규제,"“예금이자 찔끔 대출이자는 왕창, 이유 있었네”…은행들 배만 불린 대출 규제",https://www.mk.co.kr/article/11253229,예대금리차가 확대된 것은 작년 8월부터 정부의 가계대출 규제가 강화되면서 은행들이 앞다퉈 가산금리를 올려 대출금리를 끌어올린 영향이다. 작년 하반기 가계대출이 급증하면서 금융당국에선 대출 규모 축소를 압박해왔다. 이 과정에서 은행들은 자체적으로 조정할 수 있는 가산금리를 높이는 방식으로...,
대출 규제,강남 집값 급등했는데 뒷북 조사?…대출규제 만지작?,https://biz.sbs.co.kr/article_hub/20000221139?division=NAVER,"[앵커] 오늘대출규제책은 없었나요? [기자] 그렇습니다. 금융당국 고위관계자는 아직 금융당국차원의대출규제를 이야기할 상황이 아니라면서 ""금융사들이 알아서 전반적인 관리를 해달라는 것""이라고 전했는데요. 다만, 가계대출이 눈에 띄게 늘어날 경우 지난해와 같은 개별 은행 차원의대출 규제가 취해질...",
대출 규제,스트레스 DSR 3단계 올해 7월 시행..부동산 시장 대출 규제 및 세제 개편이 변수,http://www.fnnews.com/news/202503180931076151,"정부는 올해 20여 개의 새로운 부동산 정책과 제도를 도입할 계획이며, 특히대출 규제강화가 가장 큰 변수가 될 것으로 보인다. 오는 7월부터 시행될 ‘스트레스 총부채원리금상환비율(DSR) 3단계’는 대출 심사를 한층 더 강화하는 내용이 포함되어 있다. 이에 따라 비수도권 지역의 경우 ST금리가 0.75%에서 1.5...",
대출 규제,"연초 대출 성수기에도 제동…저축은행, 총량 규제에 발목",https://news.mtn.co.kr/news-detail/2025031315023044807,"저축은행 관계자는 ""중금리대출은 금융소외계층을 위한 상품인데 총량규제로대출이 위축되면 서민 금융 지원이 줄어들 수밖에 없다""며 ""이 때문에 연초대출성수기에도대출규모가 감소할 가능성이 크다""고 설명했다. 업계는 금융당국의 모순된 정책 기조에 혼란스럽다는 입장이다. 금융당국은 서민금융...",
대출 규제,‘주담대 규제’ 풀었더니 5대 은행 가계대출 3.4조 ‘급증’,https://www.mediapen.com/news/view/994842,"새해부터 은행권 주택담보대출 규제가 완화된 데다, 토지거래허가구역 지정 해제, 새학기 이사수요 등의 영향을 받으면서 대출 증가세를 이끌었다는 분석이다. 5일 금융권에 따르면 2월 금융권 총 가계대출은 5조원 가량 급증한 것으로 나타났다. 그 중에서도 5대 시중은행의 가계대출 잔액은 지난달 말...",
대출 규제,"가계대출 규제, 서울 수도권·지방 지역 '차등화' 투트랙 전략",https://www.dnews.co.kr/uhtml/view.jsp?idxno=202503121416301500847,다만 이같은대출규제정책으로 부동산 상승세를 제어하기는 쉽지 않은 만큼 정부 부처 합동 부동산 대책이 불가피하다는 의견이 지배적이어서 금융당국도 서울 부동산에 대한대출 규제강도를 높일 생각이 없는 것으로 전해졌다. 금융위원회와 금융감독원은 지난 2월 전체 금융권의 가계대출 규모가...,
대출 규제,잔금대출 막히자 입주 포기… 건설사는 자금난·부도 위기 [DSR 규제… 입주시장 혼란],http://www.fnnews.com/news/202503031817507461,"하지만 금융당국은대출규제의 강도를 계속 높여나간다는 계획이다. 최근 열린 가계부채 점검회의에서 DSR 규제에 포함되지 않은 중도금·이주비 대출에 대해서도 소득심사를 받도록 할 계획이라고 밝혔다. 3단계 규제 역시 당초 계획대로 시행한다는 복안이다. 건설업계 한 임원은 ""주택토지보증공사(HUG)...",
대출 규제,"강남아파트 매수자 평균 연봉 1.5억…대출규제, 고소득층만 기회",https://www.sedaily.com/NewsView/2GQ7E0BPB2,박기홍 KCB 연구소 소장은 “사실상 금융회사가대출을 실행할 때 소득 기반규제인 DSR만이 주로 작동하는 여신 구조로 변경된 것”이라며 “이는 고가의 주택이더라도 소득과 현금 흐름이 지원되기만 하면 주택을 매입할 수 있는 여건이 됐다는 뜻”이라고 설명했다. 이는 기초 자산은 부족하지만...,
대출 규제,[금융현미경]집값 상승 조짐에 가계대출 급증…DSR 규제 더 강화되나,https://view.asiae.co.kr/article/2025030411260386398,"DSR제도 강화,대출 규제등 대책 나올듯 대표적인 규제는 총부채원리금상환비율(DSR)이다. DSR(Debt Service Ratio)이란 채무자의 모든 대출 원리금(원금+이자) 상환액이 연간 소득에서 차지하는 비중이다. 주택 대출 외에 신용 대출, 학자금 대출 등 모든 대출의 원금과 이자를 모두 더해 금융기관이 대출을...",
대출 규제,주택사업경기전망 소폭 개선‥ 대출규제 완화 영향,https://www.usmbc.co.kr/article/SnQyt0faVeZW,"주택산업연구원이 밝힌 '3월 주택사업경기전망지수'를 보면 울산은 70.5로, 전월에 비해 6.3p 상승했습니다. 1월에 정부의 지방대출규제완화 정책이 발표되고 2월에 기준금리가 낮아지면서 자금 흐름이 개선될 것이란 기대감이 반영된 것으로 분석됐습니다.",
대출 규제,금리인하 '강남→마용성' 온기 확산…대출규제에 실수요 '꽁꽁',https://www.news1.kr/realestate/general/5708210,반면 9억 원 미만의 중저가 아파트가 밀집해 있어 대출 의존도가 높은 노원·도봉·강북구는대출규제의 한파가 닥칠 전망이다. 실제로 지난해 9월 정부가 스트레스 총부채원리금상환비율(DSR) 2단계 규제와 은행권 대출 한도 제한 등을 강화하자 서울 외곽지역 부동산 시장이 급속히 얼어붙었다. 업계...,
대출 규제,‘영끌 광풍’ 우려에… 대출 규제 카드 만지작,https://www.seoul.co.kr/news/economy/finance/2025/03/03/20250303016003?wlog_tag3=naver,지난 2월 금융권 전체 가계대출이 전달보다 약 5조원 증가하는 등 4년 만에 최대 폭으로 늘어나면서 ‘또다시 영끌 광풍’이 우려되자 정부가대출 규제카드를 만지작거리고 있다. 2일 금융권에 따르면 오는 5일 정부는 김범석 기획재정부 차관 주재로 국토교통부와 금융당국이 참석한 가운데 부동산 시장 점검...,
대출 규제,주택 구입 잠재력 저하·대출 규제 강화…멀어지는 내집마련,https://www.news1.kr/realestate/general/5706900,더욱이 분양가 상승·추가대출 규제로 청약을 통한 내 집 마련도 쉽지 않을 전망이다. 4일 KB부동산에 따르면 지난해 4분기 서울의 주택 구입 잠재력 지수(HOI)는 전 분기 대비 2.3포인트(p) 하락한 8.4를 기록했다. 이 지수는 중위 소득 가구가 예금은행 가중평균 주택담보대출금리로 집값의 70%를 빌려 20년...,
대출 규제,"중저신용자 대출 규제 강화된 인뱅…""기존 고객 만기연장 어려워져""",http://news.mt.co.kr/mtview.php?no=2025022817191110024,금융당국이 인터넷전문은행의 중저신용자(신용평점 하위 50% 이하)대출비중규제를 강화한다. 연체율 관리에 어려움을 겪는 인터넷은행들은 부담이 커졌다. 기존에 인터넷은행에서대출을 받은 중저신용자 고객에게도 악영향을 줄 수 있다는 해석이 나온다. 인터넷은행의 고질적인 문제인 낮은 예대율에도...,
대출 규제,토허구역 해제·대출 규제 완화…'주택사업 경기' 두 달째 개선,http://www.shinailbo.co.kr/news/articleView.html?idxno=2019573,서울 강남권 토지거래허가구역 해제와 지방대출 규제완화 등 영향으로 주택 사업자들이 보는 경기 전망이 두 달째 개선세를 보인다. 13일 주택산업연구원(이하 주산연)에 따르면 주산연이 조사한 이달 전국 주택사업경기전망지수는 지난달 대비 0.8p 오른 74로 집계됐다. 주택사업경기전망지수는 주택...,
대출 규제,대출규제가 부동산 가격에 미치는 영향은?,https://www.obsnews.co.kr/news/articleView.html?idxno=1475267,"부동산 가격 조절을 위한대출규제에 대한 설명을 부탁드리겠습니다. 많은 분들이 부동산을 취득하면서 대출을 이용하죠. 대출이 쉬우면 구매 수요가 늘어나 가격이 상승할 여지가 크고, 반대로 대출이 어려우면 투자 심리가 위축돼 시장 참여자가 줄게 됩니다. 국내에서는 지금껏 유동성이 지속적으로...",
대출 규제,은행 예대금리차 2년 반 만에 최대···대출규제에 예금금리만 '뚝뚝',https://www.womaneconomy.co.kr/news/articleView.html?idxno=231886,통상 금리가 하락하면 예대금리차가 줄어들지만 이번에는 금융당국의대출 규제영향으로 은행들이 금리 변동을 대출금리보다 예금금리에 더 빠르게 반영한 결과로 분석된다. 3일 은행연합회 소비자포털에 공개된 '예대금리차 비교' 통계에 따르면 올해 1월 5대 시중은행(KB국민·신한·하나·우리...,
대출 규제,수도권과 지방 대출 규제 차등 적용한다,https://www.asiatime.co.kr/article/20250227500241,"수도권에 대해선규제가 보다 강화된다. 은행의 여신심사 및 리스크 관리 강화를 유도하기 위해 전세자금대출의 보증회사 3사(주택도시보증공사‧서울보증보험‧주택신용보증기금)의 보증비율을 90%로 일원화하고, 수도권에 대해서는 단계적으로 강화하는 방식이다. 또 보증 3사의 연간 보증 규모를 면밀히...",
대출 규제,"비수도권 미분양 악순환 ""DSR 대출규제 과감한 완화 필요""",http://www.kado.net/news/articleView.html?idxno=1298188,"정책위의장은 11일 국회에서 열린 원내대책회의에서 ""비수도권 미분양 사태 해결 등을 위해서라도 DSR대출 규제를 과감하게 완화할 때가 됐다고 본다""며 ""한시적 조치라도 비수도권에 대한 부동산 세제 개편도 과감하게 정부가 검토해야 한다""고 강조했다. #비수도권 #미분양 #악순환 #대출규제#스트레스",
대출 규제,"[직설] 가계대출, 5조원 가까이 불어났다…대출 규제 문턱 높일까?",https://biz.sbs.co.kr/article_hub/20000221223?division=NAVER,"섬세하고 정교해야 하는대출규제를 어떻게 접근하면 좋을지 지금부터 하나씩 짚어보겠습니다. 그럼 함께 해주실 세 분 소개하겠습니다. 강원대 국제무역학과 이현훈 교수, 인하대 경영대학원 이민환 원장, 명지대 부동산대학원 진미윤 교수 나오셨습니다. Q. 앞서 언급한 것처럼 2월에만 가계대출이 5조...",
대출 규제,서울·수도권 일부 급등에 대출 규제 ‘만지작’…“지방·실수요자는 살려라”,https://www.khan.co.kr/article/202503052024005,"지난달 금융권 전체 가계대출이 전달보다 5조원가량 늘어나면서, 정부는 가계대출 규제카드도 함께 만지작거리고 있다. 정부는 5일 기획재정부·국토교통부·금융위원회·서울시가 참석한 제12차 부동산 시장 및 공급상황 점검 TF 회의를 열고 “서울 일부 지역을 중심으로 국지적 주택가격 상승 우려가...",
대출 규제,"'정체성 무엇?' 시중은행 iM뱅크, 가계대출 규제는 대구은행처럼",http://news.bizwatch.co.kr/article/finance/2025/02/28/0013,'웃어야 할까 울어야 할까' 금융당국이 올해 시중은행의 가계대출증가율을 1~2%로 설정했습니다. 이 수치는 신한·KB국민·하나·우리·NH농협은행 등... iM뱅크는 올해 지방은행의 가계대출증가율에 준하는 5~6%를 적용받을 전망입니다. iM뱅크가 시중은행이긴 하지만 대구·경북을 중심으로 하는 지방 거점의...,
대출 규제,1억원 미만 중도금·이주비 대출 문턱 높아진다…DSR 규제 강화,https://realty.chosun.com/site/data/html_dir/2025/02/28/2025022801372.html,그간 1억원 미만의대출등은 DSR규제의 사각지대로대출문턱이 높지 않았다. 하지만 정부가 DSR 산출을 해본 결과 차주의 소득대비 과도한 규모로 나갔다는 설명이다. 중도금이나 이주비대출등과 같은 주택 관련대출에서 1억원 이하라도 앞으로는대출한도에 포함해 계산해야할 전망이다. 전세대출...,
대출 규제,[더벨][thebell note]엇박자 탄 '중금리 대출' 규제,https://www.thebell.co.kr/free/content/ArticleView.asp?key=202503041752192120109540,"금융위가대출 규제인센티브를 통해 중금리 대출 공급 규모를 확대하도록 유도하겠다는 입장을 밝혔기 때문이다. 중금리 대출은 저축은행이 주력하는 시장으로, 신용점수 하위 50% 차주를 대상으로 시행되면서 금리가 17.5%를 넘지 않은 대출을 말한다. 저축은행들은 진행하던 사업계획 수정 작업을 멈추고 일단...",
대출 규제,가계 대출 규제 강화 vs 소득세 320만원 감면… 신입 직장인 재테크 전략 바뀐다 [AI 프리즘*신입 직장인 뉴스],https://www.sedaily.com/NewsView/2GP587WBB5,대출규제·세금변화 속 신입 직장인 자산관리 전략 [AI PRISM x D•LOG] 금융 당국이 ‘2025년도 가계부채 관리 방안’을 통해 가계대출 증가율을 지난해의 절반 이하로 묶겠다고 나섰다. 1억 원 미만 대출과 중도금·이주비 대출까지 소득 심사 대상에 포함 시켰다. 모든 대출에 대한 총량 관리도 월별...,
대출 규제,서울 아파트 분양물량 '제로',http://www.inews24.com/view/1828239,"대출규제, 정세 불안 등으로 청약시장의 미온적 분위기가 이어지고 있어 청약자들이 역세권이나 대단지 등 알짜 단지에 선별적으로 청약할 움직임이 커질 것으로 예상된다. 28일 부동산R114 집계에 따르면 다음달 전국 분양예정 아파트는 32개 단지, 총 3만4212가구(임대 포함)다. 수도권에서는 1만8580가구가...",
대출 규제,[더벨][저축은행 가계대출 총량규제 파장]'정책자금대출·중금리'도 포함...지주계 '직격탄',https://www.thebell.co.kr/free/content/ArticleView.asp?key=202502261546235840101765,금융당국의 가계대출총량규제에는 저축은행의 주력 상품인 중금리대출도 포함된 것으로 확인됐다. 이에 따라 가계자금대출을 중심으로 성장을 지속해 온 지주계 저축은행의 계획에도 차질이 생겼다. 신한저축은행을 제외한 나머지 지주계 저축은행의 가계대출증가율 목표치는 2~5% 수준으로 알려졌다....,
대출 규제,"아파트도 '월세'…서울 아파트 월세 거래 건수, 전세 추월[월세 시대]①",https://www.newsis.com/view/NISX20250328_0003117719,"권대중 서강대 일반대학원 부동산학과 교수는 ""정부가대출 규제를 강화하면서 아파트 매매 대기 수요가 위축되고, 전세자금 대출 금리 상승 등의 영향으로 전세 대신 월세로 선회하는 임대 수요가 증가하고 있다""며 ""월세가 상승하면 전셋값을 밀어 올리고, 결국 집값 상승 압력 요인으로 작용할 수...",
대출 규제,"""산다고 해도 매물이 없어요""…일주일 만에 분위기 '돌변'",https://www.hankyung.com/article/2025032860557,함영진 우리은행 부동산리서치랩장은 “대출 규제에 이어 토지거래허가구역 지정으로 거래를 확 눌러논 상황”이라며 “다음달 ‘압여목성(압구정동·여의도동·목동·성수동)’ 역시 토지거래허가구역으로 재지정될 가능성이 크다”고 예상했다. 갭투자가 아닌 실수요자들에게는 내집마련의 기회가 될 수...,
대출 규제,"하나금융, 2027년까지 주주환원율 50% 제시… 정부, 가계부채 증가 폭 제한, 가계대출 규제 강화 [AI 프리즘*금융상품 투자자 뉴스]",https://www.sedaily.com/NewsView/2GP57CWYYO,"■ 가계대출 규제강화 금융위원회가 올해 가계부채 증가 폭을 3.8% 이내로 맞추기로 했다. 업권별로 은행 1~2%, 지방은행 5~6%, 저축은행 4%, 상호금융 2~3% 등 구체적인 수치를 제시했다. 정부는 고정금리를 확대하기 위해 혼합형·주기형 대출금리 인상도 유도하겠다는 방침이다. 대출 증가분 감소와 금리...",
대출 규제,"같은 30대, 누구는 집 사고 누구는 월세… 갈라지는 청년의 삶",http://www.segye.com/newsView/20250327505813?OutUrl=naver,"전세대출 규제가 강화된 데다, 금리 인상으로 월세 부담까지 높아졌기 때문이다. 실제로 직장인 김모(34) 씨는 “맞벌이를 해도 서울 전세는 언감생심”이라며 “부모님 도움 없이 집을 사는 건 거의 불가능하다”고 토로했다. 반면, 부모로부터 증여받은 자금을 통해 20대 후반에 강남권 아파트를 매입한...",
대출 규제,"""2개월 만에 24억 올랐네""…압구정 초고가 아파트 광풍[집슐랭]",https://www.sedaily.com/NewsView/2GQFLUW507,토허제·대출규제'무풍지대'…꼬마빌딩 대신 초고가 아파트 산다 서울 강남구 압구정동과 용산구 한남동에서 50억 원 이상 고가 아파트 단지들이 속속 거래되며 신고가 행렬이 이어지는 것은 꼬마빌딩 수요가 옮아가고 있기 때문으로 풀이된다. 지방의 현금 부자들이 똘똘한 한 채 투자를 위해 초고가...,
대출 규제,은행·보험·제3금융권도 PF대출 규제 여파...PFV 활성화 모색 대두,https://www.megaeconomy.co.kr/news/newsview.php?ncode=1065606968076073,금융당국이 부동산 프로젝트파이낸싱(PF) 관련 부실의 신속한 정리를 위해 올해 상반기부터 은행·보험·제3금융권에도 PF대출관련규제들을 적용하기로 했다. 정부는 '자기자본 최소 20%' 엄격해진 PF사업 제한 관련 정책을 내놓았다. 문제는 이러한 정책이 금융사들의 자율경쟁에 침해를 끼칠 뿐만 아니라...,
대출 규제,"한국은행, 외화대출 규제 완화",https://www.naeil.com/news/read/539609?ref=naver,"한은은 외화대출용도 제한규제완화로 기업 등 민간의 자율성이 높아지고, 외환수급 불균형 완화에도 도움이 될 것으로 내다봤다. 한은 관계자는“기업은 원화와 외화대출중 최적의 선택을 할 수 있다”며 “기업이대출받은 외화를 국내에서 사용하기 위해 외환시장에서 매도하거나 외화자금시장에...",
대출 규제,토허제 재지정 강남3구·용산 매물↓…송파 17.8% '뚝',https://www.newsis.com/view/NISX20250327_0003115453,"토지거래허가구역(토허제)으로 확대 지정된 서울 강남3구와 송파구 매물이 일주일새 급감한 것으로 나타났다 27일 부동산 빅데이터 플랫폼 아실에 따르면, 이날(27일) 기준 강남3구와 용산구 매물은 2만1886가구로, 토허제 재지정 직전인 20일(2만4461건)보다 2575건 감소했다. 자치구별로 보면 송파구가...",
대출 규제,토지거래허가 확대 재지정에 강남권 매매 온기 '뚝',https://www.news1.kr/realestate/general/5734932,"김은선 직방 빅테이터랩장도 ""규제시작으로 단기 투기 수요 억제와 가격 상승 둔화가 발생하고 있다""며 ""정부가 추후규제확대와 가계대출조정 등을 언급한 만큼 수요자들이 관망 모드에 들어간 것""이라고 전했다. 그러면서 ""다만 현재 금리 인하 등으로 유동성이 남아 있어 마포나 성동 등...",
대출 규제,주담대 풍선효과에 보험사까지… 다음은 상호금융?,https://biz.chosun.com/stock/finance/2025/03/28/5NENHQJ3SJA2VCW3V2TN2V4ZUY/?utm_source=naver&utm_medium=original&utm_campaign=biz,"보험사들이 이처럼대출 규제를 강화하는 배경에는 정부와 서울시의 부동산 안정화 대책이 자리하고 있다. 서울 강남·서초·송파·용산 등을 토지거래허가구역으로 재지정하면서, 대출 수요가 은행권에서 보험사 등 제2금융권으로 옮겨가는 ‘풍선효과’를 사전에 차단하려는 의도로 풀이된다. 업계에서는...",
대출 규제,[더벨][저축은행 가계대출 총량규제 파장]건전성 따라 2~7% 제한…사업계획 수정 '불가피',https://www.thebell.co.kr/free/content/ArticleView.asp?key=202502250718210420102950,실제 가계대출 규제제한 폭을 7%로 부여받은 한 저축은행의 경우 지난해 말 기준 연체율과 NPL비율이 모두 8% 이하로 관리됐다. 금융당국은 은행권 가계대출 통제로 수요가 2금융권으로 몰리는 풍선효과가 발생하자 올해 초 저축은행별로 가계대출 연간 계획을 제출받았다. 금융당국은 이를 토대로 각...,
대출 규제,'120억' 찍은 압구정 현대아파트…역대 최고가,https://www.sedaily.com/NewsView/2GQF7W9NAI,정부의대출 규제와 토지거래허가구역 재지정 등으로 전세를 안고 사는 갭 투자가 막힌 가운데 투자와 실거주를 겨냥한 자산가들의 ‘그들만의 리그’ 움직임이 본격화되고 있다는 평가가 나온다. 28일 부동산중개업소에 따르면 최근 120억 원에 매물로 나왔던 압구정동 현대 1·2차 아파트 한강 변...,
대출 규제,‘평당 2억’ 시대 진입…원베일리 국평은 어쩌다 70억이 되었나 [부동산360],https://biz.heraldcorp.com/article/10452954?ref=naver,박원갑 KB국민은행 부동산 전문위원은 “(24일부터) 신규 토허제 지역에 원베일리가 포함됐고 7월대출규제등이 예상되기에 향후 추가 가격 상승은 어려워 보인다”고 내다봤다. 장기적으로 원베일리의 명성은 반포 등 강남 지역의 재건축 아파트 공급 상황에 영향을 받을 전망이다. 업계에서는 인근...,
대출 규제,"리플(XRP), 2025년 기관 대상 DeFi 로드맵 발표… 규제 준수·대출 기능 강화",https://www.tokenpost.kr/article-224291,"리플은 이번 계획을 통해 기관 투자자들이 XRPL을 활용해규제요건을 충족하고, 더 발전된대출상품을 제공하며, 개발자들이 보다 유연하게 애플리케이션을 구축하도록 지원할 방침이다. 특히, 기존의 분산 신원(DID) 기능에 경량화된 신원 검증 시스템 ‘자격증명(Credentials)’을 추가할...",
주택 공급,도심 주택 공급 시급한데…국회 문턱 못 넘는 재건축 대책,https://news.tvchosun.com/site/data/html_dir/2025/03/29/2025032990143.html,"공사비 상승으로 사업성이 떨어지면서주택 공급에 필요한 재건축 재개발 사업이 좀처럼 속도를 내지 못하고 있습니다. 정부의 대책도 국회 문턱을 넘지 못하고 있어, 공급 절벽이 우려된다는 지적이 나옵니다. 고희동 기자입니다. [리포트] 지난해 정부는주택 공급이 부족하단 지적이 잇따르자, 재건축 재개발...",
주택 공급,'전북형 반할주택' 청년·신혼부부에 파격 공급 본격 나선다,https://www.newsis.com/view/NISX20250327_0003115846,"청년과 신혼부부의 주거 불안 해소와 저출생 문제 대응을 위한 전북특별자치도의 파격 지원정책인 '전북형 반할주택'공급이 본격화한다. 27일 전북자치도에 따르면 '반할주택'은 임대료가 반값인 데다, 각종 혜택이 좋아서 ‘반할 수밖에 없는 주택’이라는 의미를 담고 있다. 특히 기존의 다자녀 중심 주거...",
주택 공급,"보훈부 ""산불 피해 국가유공자에 재해위로금·주택 우선공급""",https://www.yna.co.kr/view/AKR20250328025700504?input=1195m,"국가보훈부는 경북·경남 대형 산불로 피해를 본 국가유공자 등을 위해 재해위로금과주택우선공급등의 지원에 나선다고 28일 밝혔다. 보훈부는 산불로 인명 또는주택피해를 본 국가유공자와 선순위 유족에게 최대 500만 원, 기타 재산 피해의 경우 최대 50만 원의 재해위로금을 지원한다. 재해위로금 지급...",
주택 공급,영등포 양남시장 주상복합 탈바꿈…공공임대주택·상가 공급,https://www.etoday.co.kr/news/view/2456852,"김창규 서울시 균형발전본부장은 ""긴급 정비가 필요한 노후시장 정비를 신속히 추진하는 동시에 민간과 공공이 지역 경제 활성화를 함께 이끄는 모델을 실현했다""며 ""앞으로도 공공지원임대주택·상가공급등 공적 역할 수행을 통해 지역 주민의 삶의 질 향상에 힘쓰겠다""고 말했다. 서울시는 서대문구...",
주택 공급,"경북도 ""산불 피해, 5개 시·군 27만여명에 1인당 30만원 지원…신규 마을 조성·주택 공급",https://www.kwnews.co.kr/page/view/2025032810124579312,"장기적으로 피해지에 신규로 마을을 만들고,주택을공급한다는 방침이다. 이와함께 산불 피해 의성, 안동, 영덕, 영양, 청송 5개 시·군 27만여명에는 1인당 30만원을 지급하기로 했다. 긴급재난지원금을 우선 지원하고 중앙정부 차원에서도 대책을 마련할 것을 요청하기로 했다. 도는 이번 대형 산불과 같은...",
주택 공급,"LH, 천안직산 공공지원 민간임대주택 공급촉진지구 사업추진 발판 마련",https://www.gukjenews.com/news/articleView.html?idxno=3235988,"한국토지주택공사 대전충남지역본부는 천안시 서북구 업성동, 직산읍 일원에 위치한 천안직산 공공지원민간임대주택 공급촉진지구가 28일 국토교통부의 지구계획승인 고시를 완료하며 본격적인 사업추진 발판을 마련 했다고 밝혔다. 한국토지주택공사 대전충남지역본부는 천안시 서북구 업성동, 직산읍...",
주택 공급,"""신혼·출산가구 주택공급 확대한다""…분양주택 청약요건도 완화",https://economist.co.kr/article/view/ecn202503260027,정부가 신혼가구 등의주택공급을 확대하기 위한 행정규칙 개정안이 이달 하순부터 시행한다. 국토교통부는 신혼·출산가구에 대한주택공급을 확대하고 주거지원을 강화하는 내용의 '주택공급에 관한 규칙' 및 '공공주택 특별법 시행규칙'과 행정규칙 개정안을 오는 31일부터 시행한다고 26일 밝혔다. 이번...,
주택 공급,"LH, 올해 토지 1721필지·분양주택 2만 745호 공급",https://www.busan.com/view/busan/view.php?code=2025032409331428291,"한국토지주택공사(LH)는 오는 28일 경기도 성남에 있는 LH 경기남부지역본부 1층 대강당에서 ‘2025년 토지·주택 공급계획 설명회‘를 개최한다고 24일 밝혔다. 이 설명회는 올해 LH의 연간 토지·주택 공급물량과 공급 시기 등을 한눈에 파악할 수 있는 자리로, 매년 기업 고객과 개인 실수요자들의...",
주택 공급,"LG엔솔, 델타와 美 주택용 ESS 공략…1조 규모 LFP 공급",https://www.etnews.com/20250326000083,LG에너지솔루션은 25일(현지시간) 델타일렉트로닉스와 전략적 파트너십을 체결하고 2030년까지 5년간 총 4기가와트시(GWh) 규모주택용 ESS 배터리를공급한다고 밝혔다. 이는 약 40만가구(4인 기준) 이상이 하루 동안 사용할 수 있는 전력량이다. 구체적인 계약 금액은 공개하지 않았지만 ESS용 배터리...,
주택 공급,"LG엔솔, 델타 일렉트로닉스와 美 주택용 ESS 공급",http://www.segye.com/newsView/20250326517131?OutUrl=naver,이번에공급하기로 한주택용 ESS 배터리는 모두 미국 현지에서 생산할 예정이다. 델타 일렉트로닉스와 협약을 체결하는 데에는 현지 생산 역량에 대한 호평이 주효했다. LG에너지솔루션은 미국 미시간주 홀랜드 공장에 ESS 생산라인을 갖추고 올해 하반기부터 ESS용 리튬인산철(LFP) 배터리를 생산한다....,
주택 공급,"전남개발공사, 오룡지구 도시지원시설용지·주택용지 최초 공급",https://news.mtn.co.kr/news-detail/2025032823113035178,"전남개발공사 신창석 처장은 “이번에공급되는 도시지원시설용지, 블록형단독주택용지, 연립주택용지는 지구내 부족한 도시기능을 지원하고 차별화된주택을공급하여 오룡지구가 명실상부한 주거명품 신도시로 거듭날 것으로 기대된다”고 말했다.용지입찰은 4월9일부터 2일간 온비드 입찰시스템을...",
주택 공급,신혼·출산가구 주택공급 확대…청약요건 완화,https://www.nongmin.com/article/20250327500255,신혼·출산 가구에 대한주택공급확대와 주거지원이 강화된다. 국토교통부는 이 같은 내용을 담은 ‘주택공급에 관한 규칙’ 및 ‘공공주택 특별법 시행규칙’과 행정규칙 개정안을 31일부터 시행한다고 27일 밝혔다. ◆신혼·출산 가구에 대한주택공급확대=개정안은 앞으로 2세 미만 신생아 가구는...,
주택 공급,"LG엔솔, 美 주택용 ESS 시장 공략…5년간 4GWh 배터리 공급",https://zdnet.co.kr/view/?no=20250326083927,"이번 협력을 통해 LG에너지솔루션은 2025년부터 2030년까지 5년간 총 4GWh 규모의주택용 ESS 배터리를공급할 예정이다. 이는 약 40만 가구(4인 기준) 이상이 하루 동안 사용할 수 있는 전력량이다. 향후주택용뿐만 아니라 전력망, 상업용 ESS 시장에서도 협력을 모색하기로 했다. LG에너지솔루션 김형식...",
주택 공급,"공공분양주택 일반공급 물량 50%, 신생아가구에 '우선권'",https://www.yna.co.kr/view/AKR20250326046500003?input=1195m,"국토교통부는 신혼·출산가구에 대한주택 공급을 확대하는 내용의주택 공급에 관한 규칙, '공공주택 특별법 시행규칙 및 행정규칙 개정안'을 이달 31일부터 시행한다고 26일 밝혔다. 이는 지난해 6월 정부가 발표한 '저출생 추세 반전을 위한 대책'의 후속 조치다. 정부는 우선 신혼가구와 출산가구에 더 많은...",
주택 공급,[도정소식] '전북형 반할주택' 공급 본격화 등,http://www.seoulfn.com/news/articleView.html?idxno=552490,"전북특별자치도가 청년과 신혼부부의 주거 불안을 해소하고 저출생 문제에 대응하기 위해 파격적인 주거 지원정책 '전북형 반할주택'의공급을 본격화한다. 27일 도에 따르면 '반할주택'은 임대료가 반값인 데다, 각종 혜택이 좋아서 '반할 수밖에 없는주택'이라는 의미를 담고 있다. 특히 기존의 다자녀 중심...",
주택 공급,"“토허제 실패 수습” 오세훈, 주택 공급 아닌 수요 살필 것",https://magazine.hankyung.com/business/article/202503274000b,"신 대변인은 “그동안 서울시의 주택사업 담당 인력들은주택 공급에 초점을 맞춰왔으며, 시장 반응 등 수요 측면을 면밀히 살피는 데는 부족한 면이 있었다”고 인정했다. 이에 따라 새롭게 개편될 전담 조직에는 세제·금융시장 등 거시경제적 변수를 포함해 부동산 시장을 종합적으로 분석하고 예측할 수 있는...",
주택 공급,"보훈부 ""산불 피해 국가유공자 재해위로금·주택 우선 공급""",https://www.gukjenews.com/news/articleView.html?idxno=3236521,"국제뉴스/DB 국가보훈부는 경북·경남 지역 대형 산불로 피해를 본 국가유공자 등을 위해 재해 위로금과주택우선공급등의 지원에 나선다고 28일 밝혔다. 보훈부는 산불로 생명이나 재산 피해를 본 국가유공자와 선순위 유족에게 최대 500만 원, 기타 재산 피해의 경우 최대 50만 원의 재해위로금을 지원한다....",
주택 공급,"전남개발공사, 남악 오룡지구 도시지원시설·주택용지 9필지 공급",https://www.betanews.net/article/view/beta202503280097,"블록형 단독주택용지는 아파트와 단독주택의 장점을 결합한 주거 형태로공급된다. 대금 납부는 3년 무이자 할부 조건이며, 입찰은 4월 9~10일 온비드에서 진행되고, 개찰은 4월 11일 예정이다. 오룡지구는 수변공원과 보행 중심의 도시 설계로 국토부장관상을 수상한 바 있다.",
주택 공급,"LH, '유스타트'로 자립준비청년 8000명에 임대주택 공급",https://www.hankyung.com/article/2025032692006,한국토지주택공사(LH)가 자립준비청년을 지원하는 '유스타트 프로그램'을 통해 8000여명에게 임대주택을공급했다고 26일 밝혔다. 유스타트 프로그램은 아동보호시설을 떠나 사회로 독립하는 자립준비청년이 안정적으로 사회에 정착하여 스스로 생활을 영위해 나갈 수 있도록 돕는 생활 지원 연계 종합...,
주택 공급,"LH, 28일 토지·주택 공급계획 설명회…올해 2만가구 분양",https://www.yna.co.kr/view/AKR20250324029300003?input=1195m,공동주택용지는 27필지 공급 추진 한국토지주택공사(LH)는 오는 28일 경기 성남시의 LH 경기남부지역본부에서 '2025년 토지·주택 공급계획 설명회'를 연다고 24일 밝혔다. 설명회에서는 다음 달부터 공급될 예정인 토지 총 1천721필지(375만㎡)와 분양주택 2만745호에 관해 소개한다. 토지는...,
주택 공급,"LG엔솔, 美 델타와 '40만가구' 주택용 ESS 배터리 공급",https://it.chosun.com/news/articleView.html?idxno=2023092137002,"이번 협력을 통해 LG에너지솔루션은 2025년부터 2030년까지 5년간 총 4GWh 규모의주택용 ESS 배터리를공급할 예정이다. 이는 약 40만가구(4인 기준) 이상이 하루 동안 사용할 수 있는 전력량이다. 향후주택용 뿐만 아니라 전력망, 상업용 ESS 시장에서도 협력을 모색하기로 했다. 델타 일렉트로닉스는...",
주택 공급,‘천원주택’ 공급해 신혼부부 안정적 정착 지원,https://www.donga.com/news/Economy/article/all/20250326/131281263/2,최근 전세사기 여파로 비아파트 공급이 위축된 가운데 정부가주택 공급안정화를 위해 비아파트 공급 확대 방침을 내세우며 공공 매입임대주택 공급을 가속화하고 있다. 인천도시공사(iH)는 정부 정책에 발맞춰 서민 주거 안정을 위한 맞춤형 임대주택 공급확대에 힘쓰고 있다. 특히 하루 임대료가 1000원...,
주택 공급,서울 강서구·마포구에 모아주택 2167가구 공급,https://view.asiae.co.kr/article/2025032509075238498,"이번 모아타운 지정으로 4개 모아주택사업 추진 시 기존 1150가구에서 486가구 늘어난 총 1636가구의주택 공급이 가능할 것으로 예상된다. 이번 모아타운 관리계획 수립(안)에는 사업가능구역의 용도지역 상향, 정비기반시설 확충, 모아주택 사업추진계획 및 디자인 가이드라인 등을 바탕으로 노후 저층...",
주택 공급,"출산 가구, 더 넓은 주택 더 많이 공급받는다",http://news.mt.co.kr/mtview.php?no=2025032612265642096,국토교통부는 26일 신혼·출산가구에 대한주택공급을 확대하고 주거지원을 강화하는 내용의 '주택공급에 관한 규칙' 및 '공공주택 특별법 시행규칙'과 행정규칙 개정안을 오는 31일부터 시행한다고 밝혔다. 이번 개정안은 지난해 6월 발표한 '저출생 추세 반전을 위한 대책' 이행을 위한 후속 조치다. 우선...,
주택 공급,"""내집 마련 기회 놓칠라"" LH, 연간 땅·주택공급 설명회에 뜨거운 ′열기′",https://www.newspim.com/news/view/20250328000645,"이한준 LH 사장은 ""민간의주택공급위축과 고물가 장기화로 인한 주거비 상승, 주거불안 우려를 해소할 수 있도록 충분하고 신속한주택공급에 총력을 다하고 있다""며 ""무주택 서민의 주거 안정을 위해 차질 없는주택 공급을 이어갈 것""이라고 말했다.",
주택 공급,최대 70% 저렴…청년·신혼·신생아 임대주택 4075가구 공급[집슐랭],https://www.sedaily.com/NewsView/2GQDS968GF,"시세보다 최대 70% 저렴한 청년 및 신혼·신생아 매입임대주택4000여 가구가공급된다. 국토교통부는 오는 27일부터 전국 16개 시·도에서 청년과 신혼·신생아 가구를 위한 매입임대주택입주자를 모집한다고 25일 밝혔다. 모집 규모는 청년 1776가구, 신혼·신생아 2299가구 등 총 4075가구다. 신청자 자격...",
주택 공급,"""공공기여·상가 부담 완화""…주택공급 탄력",https://www.hankyung.com/article/2025031950491,서울시가주택 공급을 활성화하기 위해 부동산 관련 규제 철폐 작업에 속도를 내고 있다. 공공기여나 상가 의무 확보 등의 부담을 덜어주고 용적률 혜택을 주는 방식으로 재정비촉진지구 사업성을 높여주기로 했다. 이를 위해 관련 규정을 18년 만에 전면 개편한다. 발코니 규제를 완화해 청년과 신혼부부가...,
주택 공급,"CA주, 건설 업체 세제 혜택 통한 주택 공급 부족 개선안 추진!",https://www.radiokorea.com/news/article.php?uid=469187,"특히, 저소득층은 물론 중산층 가정을 위한주택을 더 많이공급할 수 있는 구조를 갖고 있기 때문에 CA주의 고질적인 주거 시설공급부족 문제를 개선 시킬 수 있는 실질적인 방안이 될 것 이라며 통과의 중요성을 짚었습니다. 높은 주거 시설 가격으로 인해 CA주에서 본인 또는 가족이 소유한주택에...",
주택 공급,공공주택 공급 확대 여파…LH 부채 지난해 7.2조원 늘었다,https://www.cstimes.com/news/articleView.html?idxno=639006,"정부의 공공주택 공급확대 정책 등의 영향으로 부채가 늘어난 가운데, 올해 또한 다양한 공공주택 공급을 앞두고 있어 부채는 더 늘어날 것으로 예상된다. 27일 공공기관 경영정보 공개시스템(알리오)에 따르면 LH의 지난해 말 기준 총부채는 160조1000억원으로, 작년 152조9000억원보다 7조2000억원...",
주택 공급,장위12구역 도심 공공주택 복합지구 지정...1386가구 공급,http://www.fnnews.com/news/202503181421412598,도심 공공주택 복합사업은 선호도 높은 도심 내주택공급을 확대하기 위해 민간 정비가 어려운 노후 도심을 대상으로 공공이 주도해 용적률 등 혜택을 부여하고 신속하게 주택을 공급하는 사업이다. 이번 지정된 장위12구역은 지난 2024년 10월 10일 도심 공공주택 복합사업 예정지구로 지정된 바 있다. 이후...,
주택 공급,정비사업 수주 시장도 '양극화'… 주택 공급에 악영향,https://www.rcast.co.kr/news/articleView.html?idxno=27408,"이와 같은 수주 양극화는 원활한주택 공급을 저해하는 요인으로 지적돼 악순환이 이어지고 있다. 서울, 지방 가릴 것 없이 선별 수주로 유찰 반복 수주 양극화는 서울과 비서울, 수도권과 비수도권(지방) 등 지역적의 특수성에 따라 발생하기도 하지만 같은 서울에서도 선별 수주가 심하게 나타나고 있다. 올...",
주택 공급,[WIKI 현장] 인천영종·남양주왕숙·고양창릉…LH가 밝힌 4월 이후 주택 공급계획,http://www.wikileaks-kr.org/news/articleView.html?idxno=165959,공동주택용지 공급계획 LH(한국토지주택공사)는 28일 성남 분당에 위치한 LH 경기남부지역본부에서 '2025년 토지주택 공급계획 설명회'를 통해 연간 토지주택 공급물량과 공급 시기 등을 소개했다. 정부의 부동산 공급 계획에 맞춰 LH도 지역별 토지주택 공급을 추진한다는 계획이다. 이같은 설명회는...,
주택 공급,청년·신혼·신생아 가구에 '매입임대주택' 4075호 공급,http://www.shinailbo.co.kr/news/articleView.html?idxno=2025845,정부가 소득 여건 등을 충족한 무주택청년과 신혼·신생아 가구에 매입임대주택4075호를공급한다. 국토교통부는 오는 27일부터 청년과 신혼·신생아 가구를 위한 매입임대주택입주자를 모집한다고 25일 밝혔다. 매입임대는 LH(한국토지주택공사)와 SH(서울주택도시공사) 등이 도심 내 신축 또는 기존...,
주택 공급,"광명시 ""신혼부부·청년 감소 막자""…행복주택 126호 공급",https://www.newsis.com/view/NISX20250320_0003106140,"박승원 시장은 ""이번 공공매입 임대주택 공급으로 젊은 세대의 주거 부담을 경감하고 보다 안정적인 생활 기반을 마련하는 데 도움이 되길 바란다""며 ""앞으로도 다양한 주거 지원 정책을 마련해 시민 주거복지를 확대해 나가겠다""고 말했다.",
주택 공급,강동 상일동 학교부지에 '신혼부부 장기전세주택' 공급 추진,https://www.news1.kr/local/seoul/5730272,"서울시 관계자는 ""중학교 부지에 공공주택을 건설하려면 국토교통부로부터 변경 승인을 받아야 하고, 교육청의 협조도 필요하다""며 ""현재주택 공급계획을 추진하는 단계""라고 말했다. 한편 미리내집은 출산 또는 결혼을 준비하는 신혼부부·예비부부에게 안정적인 주거를 제공하는 서울시 저출생 극복...",
주택 공급,탄핵정국에 묻힌 '광주 주택공급 조례'… 6월 상정할 듯,https://www.newsis.com/view/NISX20250325_0003111938,광주시와 시의회가 중심상업지역주택 공급을 확대하는 조례안을 놓고 찬반 입장을 보이고 있는 가운데 6월에나 조례 공포 또는 폐기 여부가 결정될 전망이다. 25일 광주시의회에 따르면 의회는 오는 31일부터 4월14일까지 개최하는 제331회 임시회에 광주시가 재의 요구한 도시계획 조례 개정안을 상정하지...,
주택 공급,"LH, 자립준비청년 10명 중 7명에게 임대주택 공급…""유스타트 프로그램 성과 높아""",https://www.ebn.co.kr/news/articleView.html?idxno=1656623,"앞서 LH는 지난 2019년부터 연평균 약 1300명 이상, 지난해 말 기준 누적 8031명의 자립준비청년에게 임대주택을공급했다. 아동보호시설을 떠나 사회로 독립하는 자립준비청년의 수가 연 평균 약 1700명 정도인 것을 감안하면, 자립준비청년 10명 중 7명이 LH 임대주택에 입주한 셈이다. 유병용 LH...",
주택 공급,"포천시, 공급신고 없이 장기일반민간임대주택 임차인 모집 ‘불가’",https://view.asiae.co.kr/article/2025032515351461978,"시민들의 신중한 판단이 요구된다”며 “계약 전 반드시 포천시청주택과를 통해공급신고 여부를 확인해달라”고 강조했다. 한편, 장기일반민간임대주택의공급신고 여부 또는 기타 문의 사항은 포천시청주택과를 통해 확인할 수 있다.",
주택 공급,"LH, 올해 토지주택 공급 목표는 작년대비 30% 줄인 134만㎡",http://www.engdaily.com/news/articleView.html?idxno=19257,"이번 설명회는 LH의 연간 토지․주택 공급물량과 공급 시기 등을 알리기 위해 마련됐다. LH는 올해 공급되는 토지 규모는 43필지, 134만3,000㎡ 수준이 될 것이라고 밝혔다. 이는 작년 194만㎡ 토지가 공급된 것에 비해 약 30.8%가 급감한 수준으로 경제 및 정치 등 대내외 여건 악화 여파로 분석되고 있다....",
주택 공급,"HUG, 든든전세주택 입주자 모집…서울·인천·경기 500호 공급",https://www.news1.kr/local/busan-gyeongnam/5723875,든든전세주택은 HUG가 전세보증금을 대신 갚아준주택을 직접 매입해 공공임대주택으로공급하는 사업이다. 무주택가구 구성원이라면 나이·소득·자산에 관계없이 누구나 신청할 수 있다. HUG가 집주인이어서 전세금을 안전하게 돌려받을 수 있어 안심할 수 있고 최장 8년간 주변 시세 90% 수준의...,
주택 공급,"금호건설, 부산 '에코델타시티 아테라' 견본주택 열고 1025가구 공급 나서",https://www.hankyung.com/article/202503219216i,"전용 84㎡는 청약통장에 6개월 이상 가입했고, 월 납입금이 6회 이상인 부산·울산·경남의 무주택세대구성원이 1순위 청약을 할 수 있다. 전용 59㎡의 경우 구성원 전원 월평균 소득 100% 이하 등 조건을 추가로 충족해야 1순위 청약에 접수할 수 있다. 오는 31일 특별공급을 시작으로 내달 1,2일에 각각 1·2순위...",
주택 공급,지난해 민간분양 착공 23만가구뿐…주택 공급 감소 심화,https://www.hankyung.com/article/2025031665207,"주택 공급은 인허가와 착공, 분양, 입주 등의 순으로 진행된다. 착공 물량이 줄어들면 3~4년 뒤 입주 물량이 부족해진다는 의미다. 전체주택 공급시장에서 민간 분양이 다수를 차지하기에 민간 분양 물량 감소는 주택 시장에도 영향을 끼친다. 민간 아파트의 경우 올해 연간 기준으로 분양...",
주택 공급,"영덕군, 2027년까지 공공매입임대주택 30가구 공급",https://www.yna.co.kr/view/AKR20250321132900053?input=1195m,경북 영덕군은 2027년까지 경북개발공사와 함께 공공매입임대주택30가구를공급한다고 22일 밝혔다. 공공매입임대주택은 지방자치단체 등 공공주택사업자가 직접 건설하지 않고 민간 건물을 취득해 청년·신혼부부 등 취약계층에 저렴하게공급하는 집이다. 군은 경북개발공사와 이미 46가구를공급하기로...,
주택 공급,청년·신혼부부 위한 매입임대주택 4075호 공급…27일부터 모집,http://www.dailypop.kr/news/articleView.html?idxno=85923,"이번공급분 중 LH가 모집하는 청년(1,676호) 및 신혼·신생아(1,399호) 매입임대주택은 3월 27일부터 LH청약플러스 홈페이지를 통해 확인할 수 있으며, 서울주택도시공사 등 다른 기관이공급하는 1,000호는 해당 기관 홈페이지에서 확인 가능하다. 국토교통부는 이번공급을 통해 주거 불안에 놓인 청년과...",
주택 공급,전주 ‘청년만원주택’ 내놨지만···23가구 공급 그쳐 ‘좁은 문’,https://www.khan.co.kr/article/202503231317001,각 지자체들이 청년들을 위한 저렴한 임대주택 공급에 나선 가운데 전북 전주시도 월 임대료가 1만원인 ‘청춘별채’를 도입했다. 최근에는 인천광역시 등 수도권에서도 이같은 ‘초저렴’ 청년주택이 등장하면서 지방 청년인구의 유출이 심화될 수 있다는 우려도 일부 제기된다. 23일 전주시에 따르면...,
주택 공급,"부실 PF 30.9% 정리·재구조화 … ""4만9천호 주택공급 촉진 기대""",https://biz.newdaily.co.kr/site/data/html/2025/03/19/2025031900131.html,"당국은 ""4만7000호의주택공급촉진 효과가 기대된다""면서 ""잔여 사업장 정리가 진행되면 추가로 약 9만2000호의주택공급혹진에 기여할 것""이라고 전망했다. 금융권 PF대출 연체율 또한 3% 중반대를 유지하는 등 안정적으로 관리되고 있다. ◇PF대출 연체율 3.42% … ""1년간 3% 중반대로 안정 관리...",
주택 공급,"안동시, 청년·신혼부부 공공임대주택 100호 공급",http://www.segye.com/newsView/20250313504898?OutUrl=naver,시는 지난해 6월 시의회에서 신혼주택 공급및 지원 조례가 제정되자 같은해 8월에 공급을 신청했고 올해 100호의 공공임대주택 물량을 확보했다. 올해 도는 5개 시군에 250호의 공공임대주택을 공급한다. 이 중 40%에 달하는 100호의 공공임대주택을 시가 확보함에 따라 청년과 신혼부부에게 먼저 물량을...,
주택 공급,"집값 급등에…서울시, 현장점검반 투입하고 주택 공급도 늘린다",https://www.hankyung.com/article/202503144052i,"집값 안정을 위해주택 공급도 확대할 계획이다. 서울시는 14일 최근 매일 거래 및 가격 동향을 모니터링하는 한편 지난주부터 강남 3구와 마용성 등 주요 지역에 현장점검반 투입해 단속 중이라고 밝혔다. 서울시는 ""불법행위 적발 시 수사 의뢰 및 국세청 통보 등 무관용 원칙으로 강력 대응할 것...",
주택 공급,부산 첫 통합공공임대주택 1134채 공급,https://www.donga.com/news/Society/article/all/20250320/131249141/2,입주 신청은 부산도시공사 홈페이지를 통해 온라인으로 진행된다. 다만 인터넷 이용이 어려운 노인 등의 신청자는 직접 도시공사를 방문해 신청할 수 있다. 신창호 도시공사 사장은 “앞으로 실수요자를 위한 다양한주택 공급을 확대하겠다”고 말했다.,
주택 공급,"영천시, 경북개발공사와 '매입임대주택 42호 공급' MOU",https://www.newsis.com/view/NISX20250317_0003101322,"영천시는 경북개발공사와 업무협약을 맺고 지역 밀착형 매입임대주택을공급한다고 17일 밝혔다. 이날 협약식에는 최기문 시장과 이재혁 경북개발공사 사장, 이춘우 경북도의원, 김종욱 영천시의회 부의장, 관계자 등이 참석했다. 양 기관은 청년과 신혼부부에게 양질의 임대주택을공급해 주거 안정을 도울...",
주택 공급,[기고] 가구 구조 변화에 따른 주택공급 방향,https://www.asiatoday.co.kr/view.php?key=20250225010012899,"서울시도 청년층을 위한 △청년안심주택 △행복주택 △셰어하우스 등을 운영하고, 고령층을 위한 △양로시설 △공동생활 가정 △노인복지 주택 관련 정책을 추진 중에 있다.이 같은 정책에도 불구하고 1인 가구를 위한주택공급이 충분치 못한 것이 현실이다. 1인 가구의 주거문제를 해결하기...",
주택 공급,"중부공원을 10년 동안 내 집 앞마당처럼, 제일건설 ‘제주 중부공원 제일풍경채 센트럴파크’ 4월 장기일반 민간임대주택 공급",https://biz.heraldcorp.com/article/10451289?ref=naver,"제일건설㈜이 제주도 제주시 건입동 일원에 공급하는 ‘제주 중부공원 제일풍경채 센트럴파크’가 오는 4월, 장기일반 민간임대주택 공급을 앞두고 있다. 이번에 공급되는 세대는 총 728세대 중 75세대로, 기존 일반분양과는 다른 방식으로 제공된다. ‘제주 중부공원 제일풍경채 센트럴파크’는 제주에서 처음...",
주택 공급,"""청년층 잡는다"" …광명시 청년·신혼부부에 매입 임대주택 공급 (B tv 한빛뉴스)",http://ch1.skbroadband.com/content/view?parent_no=24&content_no=59&p_no=179471,"이처럼 광명시를 떠나는 젊은 세대를 잡기 위해 광명시가 공공매입 임대주택 공급을 추진합니다. 청년과 신혼부부를 대상으로 시세의 60%~80% 가격에 임대주택을 공급합니다. [ 김원곤 / 광명시 도시주택국장 ] ""이러한 문제점을 일부라도 해소하기 위해 우리 시는 재건축, 재개발 사업에서 용적률...",
주택 공급,"GH, 광주 역동구역 재개발 지원···2800여 주택 공급",http://www.enewstoday.co.kr/news/articleView.html?idxno=2252562,"광주역동구역 공공재개발사업은 역동 141-6번지 11만1000㎡ 규모에 2800여주택을공급하는 사업이다. GH 등 공적 기관이 추진하며, 사업기간 단축, 용적률 증가 등의 혜택을 주는 대신 전체 가구 수의 10% 이상을 공공임대주택으로공급한다. GH는 하반기에 광주시에 정비계획 입안을 제안할 예정이다. GH는...",
주택 공급,"[아유경제_재개발] 신설1구역 공공재개발, 이달 사업시행인가 완료… 공동주택 299가구 공급",http://www.areyou.co.kr/news/articleView.html?idxno=88289,"신설1구역 공공재개발은 동대문구 하정로6길 14(신설동) 일원 1만124.8㎡를 대상으로 이곳에 지하 2층~지상 24층 규모의 공동주택299가구(임대주택77가구ㆍ공공지원 민간임대 33가구 포함) 및 부대복리시설과 근린생활시설 등을공급하는 내용을 골자로 한다. 또 경로당, 작은도서관, 실내 주민운동시설 등...",
주택 공급,"부산도시공사, 공공임대주택 입주자 모집…일반공급 전체의 39%",https://www.donga.com/news/Society/article/all/20250320/131243178/1,입주 신청은 부산도시공사 홈페이지를 통해 온라인으로 진행된다. 다만 인터넷 이용이 어려운 노인 등의 신청자는 직접 도시공사를 방문해 신청할 수 있다. 신창호 도시공사 사장은 “앞으로 실수요자를 위한 다양한주택 공급을 확대하겠다”고 말했다.,
주택 공급,"벽산엔터프라이즈, 대형 주택 신축사업 수주… 아산·대전서 '벽산블루밍' 공급",https://www.startuptoday.co.kr/news/articleView.html?idxno=426094,"이 사업은 지역 내주택 공급을 활성화하고 도시 개발과 맞물려 진행되는 대규모 프로젝트로 평가받고 있다. 대전 은행동 으능정이지역주택조합 아파트 신축 사업은 두 개의 초고층 건물로 구성되며, 특히 49층 아파트가 포함돼 지역 내 새로운 랜드마크로 자리 잡을 전망이다. 벽산블루밍의 우수한 건축...",
주택 공급,박상우 장관 “시장 과열…투기 집중 단속하고 주택공급 속도↑”,http://www.edaily.co.kr/news/newspath.asp?newsid=02584646642104960,또 집값 안정을 위해주택공급에도 속도를 낼 방침이다. 박상우 국토교통부 장관(사진=연합뉴스) 박상우 국투교통부 장관은 19일 정부서울청사에서 열린 ‘부동산 관계기관 회의’ 모두발언에서 “최근 서울·수도권 주요 지역의 주택가격이 이례적으로 빠르게 상승하며 다시금 불안 조짐을 보이고 있는 것과...,
주택 공급,부산 최초 일광 통합공공임대주택 공급,https://daily.hankooki.com/news/articleView.html?idxno=1193069,"이번에공급되는주택은 올해 12월 입주 예정으로 지하 2층~지상 25층, 총 7개 동 규모로 조성되며,주택유형은 39㎡(A형, AH형, B형), 49㎡(A형), 59㎡(A형, B형) 등으로 구성돼 있다. 특히, 1인 가구도 59㎡형까지 신청할 수 있다. 입주자격은 무주택세대구성원을 대상으로 하며, 우선공급대상은 국가유공자...",
주택 공급,대형 산불 이재민 5500명 넘어…신속 공급 ‘모듈러 주택’ 주목,https://www.dnews.co.kr/uhtml/view.jsp?idxno=202503251601177790594,"이런 측면에서 빠른공급과 거주성을 갖춘 모듈러주택이 대안으로 제시된다. 모듈러주택은 건축물의 70∼90%를 공장에서 미리 제작한 후 현장으로 옮겨 조립하고, 주거성능도 일반주택수준을 만족한다. 갑작스러운 재난ㆍ재해 발생에도 3∼4주 내 착공에서 완공까지 양질의 주거시설을공급할 수 있다. 2023년...",
주택 공급,[주택공급 시스템 이대로 괜찮나]<4> 부동산PF사업장 재구조화 서둘러야,https://www.dnews.co.kr/uhtml/view.jsp?idxno=202503251042269130483,"추가 부실 우려도 확산…신규 PF자금 유입 추세가 관건 “민간부문의주택공급시장이 급격하게 위축된 것은 부동산 PF 시장의 불안정성에 따른 것이며, 몇몇 중견건설사의 부도 등의 여파로 시장여건이 당분간 개선되기는 쉽지 않다.” 대형건설사 관계자는 “정부가 부동산 PF 사업장의 정리와 재구조화를...",
주택 공급,[주택공급 시스템 이대로 괜찮나]<2> 3기 신도시 공공택지 사업 가속패달 시급,https://www.dnews.co.kr/uhtml/view.jsp?idxno=202503251044337900485,그린벨트 해제효과 핵심은 지구지정ㆍ보상 등 기간 단축 시장위축ㆍ공사비 상승 등으로 입주ㆍ분양 계획물량 차질 예상 건설업계는 부동산시장의 위축시기에는 민간부문의주택공급이 줄어드는 점을 감안해 공공부문이 적극적인 공급확대에 나서야 한다고 강조한다. 대표적으로 3기 신도시를 비롯한...,
주택 공급,[주택공급 시스템 이대로 괜찮나]<1>재건축 선도지구ㆍ3기 신도시 등 속도내야,https://www.dnews.co.kr/uhtml/view.jsp?idxno=202503251045394260488,"업계 “규제완화ㆍ금융지원 등 시장 정상화방안 시급” “부동산시장 위축기에는 공공부문에서 더 적극적으로 나서야 원활한주택공급과 함께 시장안정을 기대할 수 있습니다.” 한 대형건설사 주택부문 임원의 말이다. 실제 정부가 그동안 강력한 의지로주택공급확대방안을 마련, 시행하고 있지만, 제...",
주택 공급,"광명시, 공공매입 임대주택 공급…시세 60~80%",https://www.obsnews.co.kr/news/articleView.html?idxno=1476980,"경기도 광명시가 주변 시세보다 저렴한 임대주택을공급합니다. 청년과 신혼부부가 대상인데 올해 안에 입주가 가능합니다. 윤종화 기자입니다. 【기자】 광명의 최대 재건축 단지로 꼽히는 철산 주공 8·9단지 재건축 공사 현장입니다. 올 7월 입주 예정인데, 3천800여 세대가공급됩니다. 광명시는 도시정비...",
주택 공급,"광명시, 청년·신혼부부 등 '공공매입 임대주택 126호' 공급",http://www.metroseoul.co.kr/article/20250320500739,"김원곤 도시주택국장이 20일 오전 시청 중회의실에서 열린 정책브리핑에서 '청년, 신혼부부 중점 공공매입 임대주택 공급'에 대해 설명하고 있다. 광명시(시장 박승원)가 주거 마련에 어려움을 겪는 청년과 신혼부부를 위해 공공매입 임대주택 126호를 공급한다. 시는 주택 가격 상승으로 어려움을 겪고...",
주택 공급,"영덕군, 공공매입임대주택 30호 추가 공급",https://www.gukjenews.com/news/articleView.html?idxno=3229134,"이번 협약은 지난해 경상북도개발공사와 공공임대주택 공급을 위해 체결한 업무협약의 연장선으로, 앞선 협약을 통해 공급될 예정이던 46호에 30호를 더 추가한 내용이다. 이번 사업은 지방소멸대응기금을 활용해 청년과 신혼부부를 위한 임대주택을 공급하고, 임대주택 저층부에는 저출생 극복 관련...",
주택 공급,[주택공급 시스템 이대로 괜찮나]<3>1기 신도시 선도지구ㆍ도시정비사업 속도전 필요,https://www.dnews.co.kr/uhtml/view.jsp?idxno=202503251043280260484,"과도한 규제개선 통하주택공급정상화 유도해야 분담금 등 이해관계 얽혀 사업 제속도 못내 수도권 1기 신도시(분당·일산·평촌·중동·산본) 재건축 선도지구는 총 13개 구역 3만5897가구 규모다. 정부는 선도지구를 선정한 이후 특별정비구역 지정, 예비 신탁사 선정 등에 나설 채비를 하고 있다. 그러나 선도지구...",
주택 공급,"철원군, 청년·신혼부부 위한 특별 주택 공급 계획 발표",https://www.jemin.com/news/articleView.html?idxno=791328,사진출처: 연합뉴스 강원도 철원군이 지역 내 청년과 신혼부부를 위해 특화된주택을 제공하는 '철원형 청년주택사업'을 시작한다고 밝혔다. 현재 군 관사와 공동주택을 매입한 뒤 청년층의 선호에 맞춘 리모델링 작업을 통해 새로운 주거 환경을 조성할...,
주택 공급,"주택공급 늘리고, 건설경기 살린다... 서울시, 소규모 건축 용적률 완화",https://www.hankookilbo.com/News/Read/A2025031715580000973?did=NA,사업성 확보로주택공급을 늘리고 침체된 건설경기를 살리기 위해서다. 서울시는 5월부터 제2·3종 일반 주거지역 소규모 건축물의 용적률을 법적 상한까지 3년간 한시적으로 완화하는 내용의 '규제철폐안 33호'를 담은 조례 개정을 추진할 계획이라고 17일 밝혔다. 이에 따라 제2종 일반 주거지역은 현행 200...,
주택 공급,"포천시, 공급신고 없이 장기일반민간임대주택 임차인 모집 ‘불가’",http://www.breaknews.com/1103466,"한편, 장기일반민간임대주택의공급신고 여부 또는 기타 문의 사항은 포천시청주택과를 통해 확인할 수 있다. 하인규 기자 popupnews24@naver.com 아래는 위의 글을 구글번역이 번역한 영문의 전문이다. '구글번역'은 이해도를 높이기를...",
주택 공급,"라온주택·끌림이노베이션, 승원팰리체 주택공급 활성화 위한 MOU 체결",https://www.thepublic.kr/news/articleView.html?idxno=255512,"라온주택과 끌림이노베이션은 승원팰리체주택공급활성화와 차별화된 분양 마케팅 추진을 위한 업무협약(MOU)을 체결했다고 26일 밝혔다. 이번 협약을 통해 두 기업은 변화하는 부동산 시장 환경에 맞춰 디지털 혁신을 가속화하고, 차별화된 주거 경험을 제공하는 데 집중할 예정이다. 라온주택은 고품질 주거...",
주택 공급,"영덕군, 공공매입임대주택 30호 추가공급",https://biz.heraldcorp.com/article/10446670?ref=naver,"이번 협약은 지난해 경상북도개발공사와 공공임대주택 공급을 위해 체결한 업무협약의 연장선으로, 앞선 협약을 통해 공급될 예정이던 46호에 30호를 더 추가한 내용이다. 이번 사업은 지방소멸대응기금을 활용해 청년과 신혼부부를 위한 임대주택을 공급하고, 임대주택 저층부에는 저출생 극복 관련...",
주택 공급,"2026년, 수도권 주택 공급 절벽… ‘3기 신도시’가 마지막 보루?",http://www.segye.com/newsView/20250310502436?OutUrl=naver,"2026∼2027년에는 심각한주택 공급부족이 우려되지만, 이를 어느 정도 완화할 수 있는 3기 신도시 공공주택의 절반 이상은 2030년 입주 예정이어서주택 공급의 급격한 부족 현상은 당장 해결되기 어려울 것으로 보인다. 한국토지주택공사(LH)가 10일 국회 국토교통위원회 소속 더불어민주당 이연희...",
주택 공급,"부산도시공사, '일광 통합공공임대주택' 공급 나서",https://www.pennmike.com/news/articleView.html?idxno=96241,"신창호 부산도시공사 사장은 ""통합공공임대주택이 시민들의 주거 안정에 기여하길 바란다""며 ""실수요자를 위한주택 공급을 지속 확대할 것""이라고 말했다. 한편 입주는 부산도시공사 홈페이지를 통해 신청 가능하며 공사 방문을 통한 신청도 할 수 있다. 부산=정건후 기자",
주택 공급,"LH, 시흥장현지구 상업·업무·단독주택 용지 공급",https://www.newsis.com/view/NISX20250314_0003099221,"LH 광명시흥사업본부는 시흥장현지구 핵심 입지에서 개발 가능성이 높은 상업·업무·단독주택용지(점포겸용) 총 17필지를 실수요자 대상으로공급한다고 17일 밝혔다. 일반상업용지 9필지는 2239㎡~9024㎡ 규모이며 ㎡당 521만~556만원 수준으로 필지에 따라 건폐율 70%, 용적률은 500~700%가 적용된다....",
주택 공급,"LH, 공공주택 100만 호 공급 목표 속 적자 누적...정부 지원 현실화 시급",https://www.kgnews.co.kr/news/article.html?no=836373,"LH는 공공주택 공급을 원활히 하기 위해 부채비율 상향을 정부와 협의 중이다. 현재 LH의 부채는 153조 원, 부채비율은 218% 수준이다. LH는 정부와 협의를 거쳐 2027년 208%로 설정된 부채비율 목표를 2028년까지 233%로 조정하는 방안을 추진 중이다. 이한준 LH 사장은 “LH는 부채를 끌어와 토지를 매입하고, 5...",
주택 공급,인천 ‘신혼 천원주택’ 내놨지만… 500가구 공급 그쳐 ‘태부족’,https://www.munhwa.com/news/view.html?no=2025031701071027085001,5년 미만 신혼 4.6만쌍 달해 출산율 영향 미칠지도 미지수 인천=지건태 기자 jus216@munhwa.com 인천시가 저출산 극복을 위해 신혼부부와 신생아를 둔 가구에 월 3만 원(하루 1000원)의 파격적인 임대료로 ‘천원주택’을공급해 화제다. 하지만 일각에서는 수요보다 턱없이 부족한공급량과 지속 가능성에 대한...,
주택 공급,"울산 동구, 무주택 청년에 공유주택 공급 확대",https://www.yna.co.kr/view/AKR20250313063300057?input=1195m,"동구는 연말까지 3호 이상을 추가 확보하는 한편 향후 57호 전체로 운영을 확대할 방침이다. 동구 관계자는 ""청년 노동자의 주거 부담을 줄여 안정적인 경제적 자립을 지원하겠다""며 ""청년을 위해 임대주택을 지속해공급할 수 있도록 노력하겠다""고 말했다.",
주택 공급,"서울시 ""재개발·재건축 규제철폐""…""주택공급시장 활력""",http://news.mt.co.kr/mtview.php?no=2025031208590311925,건설산업과주택공급시장 활성화가 목표다. 서울시는 경제활력과 시민 생활개선을 위해 그간 발표한 정비사업 분야 규제철폐안 관련 실행계획을 담은 '2030 서울특별시 도시·주거환경정비기본계획(주거환경정비사업 부문)' 변경안을 내놨다. 시민들은 오는 13일부터 공람할 수 있다. 앞서 시는 지난 1~2월 신속한...,
주택 공급,"금호건설,‘에코델타시티 아테라’견본주택 개관 임박…1025가구 공급",https://biz.heraldcorp.com/article/10445022?ref=naver,"민간참여형 공공분양주택사업을 통해공급되는 ‘에코델타시티 아테라’는 지하 2층~지상 16층, 16개 동, 전용면적 59·84㎡ 총 1025가구로 조성된다. 부산 에코델타시티 내 희소가치가 높은 전용 59㎡ 및 선호도 높은 전용 84㎡ 구성으로공급에 나서는 것이 특징이다. 에코델타시티 내 전체공급물량 중에서...",
주택 공급,"영천시, 매입임대주택 공급·운영 업무협약 체결",http://www.shinailbo.co.kr/news/articleView.html?idxno=2022562,"경북 영천시는 지난 17일 시청 영상회의실에서 경상북도개발공사와 지역밀착형 매입임대주택 공급및 운영과 관련한 업무협약(MOU)을 체결했다고 18일 밝혔다. 이날 업무협약식에는 최기문 시장, 이재혁 경북개발공사 사장, 이춘우 경북도의회 의회운영위원장, 김종욱 영천시의회 부의장 등 관계자 15여명이...",
주택 공급,[멀어지는 내집마련] 공급 한파 온다... 내년 서울 입주 물량 '반토막',https://www.ajunews.com/view/20250326085417549,"아주경제=김윤섭 기자 angks678@ajunews.com 서울 아파트 일대 [사진=연합뉴스] ""집값, 분양가는 계속 오르는데 앞으로주택 공급은 부족하다고 하니 내집 마련의 꿈이 갈수록 멀어지는 것 같아요.”(30대 직장인 김모씨) 건설경기 침체로 향후주택공급우려가 갈수록 커지면서 무주택 실수요자들의 내집...",
주택 공급,[주택정책 원점부터 다시 짜자]<해법3> 3기신도시+교통인프라 적기 공급,https://www.dnews.co.kr/uhtml/view.jsp?idxno=202503251052468740494,"문재인 정부 당시 집값이 폭등하자 시장에서는 신규주택 공급을 해법으로 꼽았으나, 다주택자 투기 수요가 원인이라며 징벌적 세제 등 규제만 양산했다. 그래도 집값이 잡히지 않자 백기를 들고 3기 신도시 건설을 발표했다. 정부는 3기 신도시 건설 계획 발표당시 입주 시기에 대해 2025∼2026년을 목표로...",
주택 공급,"LH, 오는 28일 토지 주택 공급계획 설명회",https://www.webeconomy.co.kr/news/article.html?no=1160360,"한국토지주택공사(LH)는 오는 28일 경기 성남시 소재 LH 경기남부지역본부 1층 대강당에서 ‘2025년 토지․주택 공급계획 설명회‘를 개최한다고 24일 밝혔다. 토지․주택 공급계획 설명회는 올해 LH의 연간 토지․주택 공급물량과 공급 시기 등을 한눈에 파악할 수 있는 자리로, 매년 기업 고객과 개인...",
주택 공급,주택 공급 시급한데…토허제 확대 이어 또 매입임대 꺼낸 국토부,http://news.mt.co.kr/mtview.php?no=2025031912105187613,서울 도심 내주택공급문제는 시급한 상황이다. 한국부동산원 등에 따르면 서울 공동주택 입주 예정 물량은 올해 4만6710가구에서 내년 2만4462가구로 2만 가구 이상 줄어들 전망이다. 이에 정부는 우선 서울 도심 내 핵심 공급수단인 정비사업 속도를 높이기 위해 재건축·재개발 관련 법률 제개정을 국회와 적극...,
주택 공급,LH “2025년 분양·임대주택 8.8만가구 입주자 모집…신속 주택공급에 총력”,http://www.segye.com/newsView/20250306508732?OutUrl=naver,"이한준 LH 사장은 “민간의주택공급위축과 고물가 장기화로 인한 주거비 상승, 주거불안 우려를 해소할 수 있도록 충분하고 신속한주택공급에 총력을 다하고 있다”며 “무주택 서민의 주거 안정과 내 집 마련을 위해 차질 없이주택공급을 이어갈 것”이라고 말했다. 구체적인주택공급...",
주택 공급,"서울시, 투기세력 단속·주택 공급… '주택시장 안정'에 총력",http://www.segye.com/newsView/20250314505449?OutUrl=naver,매일 시장 모니터링…현장점검반 불법행위 단속 올해 서울 시내 아파트 입주물량 4만7000호 서울시가 주택시장 안정을 위해 투기세력을 단속하고주택공급에 나선다. 서울시는 최근 일 단위로 거래 및 가격 동향을 파악하는 등 시장 상황을 모니터링하고 있다고 14일 밝혔다. 지난주부터 강남 3구를...,
주택 공급,"LH, 올해 분양주택 2만4천가구 공급…수도권 80%",https://biz.sbs.co.kr/article_hub/20000221284?division=NAVER,"올해 공급되는 건설 임대주택 유형으로는 영구임대 1천100가구, 국민임대 1천200가구, 행복주택 3천200가구, 통합공공임대 1천100가구 등이 있습니다. 구체적인주택공급계획은 LH청약플러스(https://apply.lh.or.kr)에서 확인할 수 있습니다.",
주택 공급,수도권 주택 공급 부족 심화… ’두산위브더제니스 평내호평역 N49’ 주목,http://www.wowtv.co.kr/NewsCenter/News/Read?articleId=A202503190468&t=NN,"최근 부동산 시장이공급부족 심화라는 새로운 국면을 맞이하고 있다. 분양평가 전문회사 리얼하우스의 자료에 따르면, 2월 전국 민영 아파트 분양 물량은 3,704세대로 전년 동월 대비 1/5 수준으로 급감했다. 이는 2020년 이후 2월 평균 분양 물량의 1/3 수준에 불과한 수치다. 분양 물량 감소뿐만 아니라...",
주택 공급,"정부 ""서울·수도권 주택 공급 차질없이…가계대출 관리도 만전""",http://news.mt.co.kr/mtview.php?no=2025031317252397262,정부가 주택가격 안정을 위해 서울·수도권주택공급계획을 차질없이 이행하는 한편 가계대출 관리에 만전을 기한다. 시장교란 행위 방지를 위해 주택 시장 상황을 철저히 모니터링하면서 불법행위 단속을 강화한다. 정부는 김범석 기획재정부 제1차관과 진현환 국토교통부 제1차관 공동 주재로 '제13차 부동산...,
주택 공급,"LH, 분양·임대주택 8만8000가구 공급",https://www.hankyung.com/article/2025030675361,무주택 서민과 청년의 내 집 마련과 주거 안정을 도우면서 민간에서 부진한주택 공급을 공공에서 주도한다는 계획이다. LH는 지난해(5275가구)보다 4배 이상 늘어난 총 2만4000가구의 분양주택과 6만4000가구 규모의 임대주택을 공급한다고 6일 밝혔다. 분양주택은 유형별로 신혼희망타운 7000가구와...,
주택 공급,"토지주택공사, 파주운정3 민간 사전청약 취소 필지 일괄공급 시행",https://www.businesspost.co.kr/BP?command=article_view&num=387061,"이번 토지공급에는 기존 사전청약 당첨자들에게 사전청약 당첨 취소분과 동일하거나 유사한 면접으로주택을공급하는 조건으로 진행된다. 현재 각 해당 블록의 기존 사전청약자 가운데 지위 유지를 희망하는 세대는 546세대(주상복합3 281세대, 주상복합4 265세대)에 달한다. 이번에공급되는 주복 3,4...",
주택 공급,"제주도, 올해 매입형 공공임대주택 280호 공급",https://www.yna.co.kr/view/AKR20250305063400056?input=1195m,"5일 제주도에 따르면 도와 제주도개발공사는 올해 매입형 공공임대주택 공급을 위해 국비, 기금, 도비 등 총 671억원을 투입해 지난해 보다 100호 늘어난 280호를 공급할 계획이다. 매입임대주택 사업은 취약계층 주거 안정을 위해 신축 주택을 매입하거나 기존 주택을 매입해 개보수한 뒤 저소득 청년...",
주택 공급,"[기획]<2> 지주택, 주택공급ㆍ서민주거안정 카드 되려면",https://www.dnews.co.kr/uhtml/view.jsp?idxno=202503071110590890224,"그럼에도, 투기수요를 차단하고 실수요자 중심의주택공급이 가능한 지주택사업은 전국 각지에서 진행 중이다. 서울에만 118곳의 지주택조합(추진위 포함)이 움직이고 있으며, 경기권에서 용인 13곳, 성남 7곳 등 120여 곳에 달하는 것으로 추산되고 있다. 업계는 서울지역 지주택조합이 추진하는 공급가구수가...",
주택 공급,"KB금융 ""올해 주택시장, 물량보다 선호 지역 공급 중요""",https://www.apnews.kr/news/articleView.html?idxno=3032464,"강민석 KB경영연구소 박사는 ""올해 역시 주택가격 상승과 하락 요인이 공존하는 혼조세가 이어질 것""이라며, ""무엇보다 정부의 가계부채 관리 방안과주택공급등의 정책이 시장 흐름을 결정할 변수가 될 것""이라고 진단했다. 한편, KB금융은 KB국민은행이 1986년부터 발표하고 있는 주간‧월간...",
주택 공급,"올해 신축매입임대주택 4만가구 착공…국토부 ""공급에 속도 낼 것""",https://www.yna.co.kr/view/AKR20250305078600003?input=1195m,"정부는 도심 내 신속한주택 공급과 비(非)아파트 시장 정상화를 위해 작년과 올해 2년간 신축 매입임대주택 11만가구(약정 기준)를 공급하기로 했다. 정부는 지난해 총 3만8천531가구에 대한 신축 매입임대주택 공급약정을 맺었으며, 올해 이 물량을 전부 착공시킨다는 계획이다. 지난해 약정 물량의 88...",
주택 공급,토허제 번복에 바닥 친 정책 신뢰 … 주택 공급·미분양 해소 다 꼬일라,https://biz.newdaily.co.kr/site/data/html/2025/03/20/2025032000090.html,"특히 이번 토허제 번복으로 부동산정책에 대한 시장 및 관련업계 신뢰도가 곤두박질치면서주택 공급, 미분양 해소 등 시장안정화 방안 동력도 떨어질 수 있다는 분석이 나온다. 20일 관련업계에 따르면 정부는 서울 '강남3구(강남·서초·송파)'와 용산구 전체를 6개월간 토허제로 묶는 한편 신축매입약정...",
주택 공급,서울시 투기세력 의심 지역 집중 점검…주택 공급 총력,http://news.lghellovision.net/news/articleView.html?idxno=500078,"이와 별개로 올해 신축 아파트 4만 7천 호, 내년에는 2만 4천 호를 추가공급해주택시장 안정을 유도하겠다는 계획입니다. 또 정비 사업 착공 구역 62곳 사업이 지연되지 않도록 관리하는 한편, 아직 착공하지 않은 사업장도 관리해 2027년까지 9만 호가 차질 없이 공사를 시작할 수 있도록 한다는 방침입니다.",
주택 공급,"""임대료 30% 싸게 공급""…서울 신혼부부 안심주택, 방화동 등 3곳 추진[집슐랭]",https://www.sedaily.com/NewsView/2GQ6FTXNR5,"신혼부부 안심주택은 신혼부부 주거 안정을 통해 출산율을 높이고자 서울시가 새롭게 마련한 임대주택 공급모델이다. 결혼 7년 이내인 신혼부부와 결혼 예정인 예비 신혼부부를 대상으로 하며, 사업 대상지는 역세권 350ｍ 또는 간선도로변 50ｍ 이내의 대중교통 중심지다. '임대 70%＋분양 30%' 혼합형으로...",
주택 공급,영등포 서울지방병무청 역세권에 장기전세주택 322가구 공급,http://news.mt.co.kr/mtview.php?no=2025031308231668311,"노후·불량 건축물이 밀집해 열악한 주거환경을 개선하기 위해주택공급확대와 공간구조 재편이 추진되고 있다. 지구단위계획 결정을 통해 대상지에 지하 4층~지상 42층, 총 1228가구 공동주택이 들어서는데 이중 322가구는 장기전세주택 물량이다. 또 대상지 동측 여의대방로 47길과 여의대방로 43나길을...",
재건축 완화,도심 주택 공급 시급한데…국회 문턱 못 넘는 재건축 대책,https://news.tvchosun.com/site/data/html_dir/2025/03/29/2025032990143.html,"재건축조합 관계자 ""(조합원들은) 이제 곧 신속하게 되겠거니 이제 그렇게 생각을 하죠. 그런데 실제로는 진행되는 게 더디니까 답답해들 하시죠."" 국회에서 공전하고 있는 부동산 대책은 이뿐만이 아닙니다. 3년 전 정부가 내놓은 취득세 중과완화법안은 야당 반대로 지난 국회에서 폐기됐고, 아직 재발의 되지...",
재건축 완화,"부산 남구, 준공업·준주거 건축물 높이 완화 추진",https://www.yna.co.kr/view/AKR20250328099500051?input=1195m,"올해 안에 주민 의견 청취와 구 건축위원회 심의를 거쳐 용역을 마치고, 내년 초완화하는 것을 목표로 한다. 남구는 재개발·재건축, 도로 개설 등 각종 개발사업으로 변화하는 도시환경에 맞춰 새로운 높이 기준이 필요하다는 입장이다. 남구 관계자는 ""용역을 통해 합리적 범위에서 관리 계획을 수립하고 도시...",
재건축 완화,강북 재건축 대어 '미미삼' 재건축 '시동' [현장],http://www.inews24.com/view/1828378,50%로완화돼 미미삼 아파트도 요건을 충족했다. 정비계획 입안 제안 요청 후 정비계획안이 확정되면 정비계획 및 정비구역 지정 절차를 밟는다. 이와 맞물려 재준위는 정비구역 지정 전에재건축추진위원회 설립 준비도 병행할 계획이다. 오는 6월 시행하는 '재건축패스트트랙법'에 따라 정비구역 지정...,
재건축 완화,공급 절벽 눈앞인데 ‘재건축법’은 공전만 [취재수첩],https://www.mk.co.kr/article/11269824,"이를 위해 정부가 발의한 ‘재건축법’은 정비사업 절차 간소화, 용적률 제한완화등을 통해재건축사업성을 높여 신축 공급을 촉진하는 내용을 담았다. 줄도산 위기인 건설 업계에도 숨통을 틔워줄 수 있다. 그러나 야당이 “서울·수도권 지역에만 특혜로 작용할 수 있다”며 반대 입장을 고수해...",
재건축 완화,조합 설립 앞둔 '한강뷰' 여의도 삼부아파트…시동 거는 재건축,https://www.news1.kr/realestate/general/5735532,"3㎡) 정도 이득을 보는 것에 불과하다""며 ""향후 한강 조망권으로 인한 가치 차이를 고려한다면 함께 통합방식의재건축을 진행하는 것이 주민들의 이익을 극대화하는 길""이라고 주장했다.완화된 기준에 탄력받은 조합 설립…""이익을 위해 노력"" 5월부터 개정된 도시 및 주거환경정비법이 적용돼 조합설립을...",
재건축 완화,"망우1구역·중곡아파트, 공공재건축 통해 사업성 ↑",https://www.hankyung.com/article/202503286139i,"공재건축은 열악한 사업여건, 주민 갈등 등으로 사업 진행이 어려운재건축구역에 공공이 참여하여 용적률완화등의 혜택을 통해 사업성 개선, 인허가 절차 지원을 통해 속도감 있는 사업추진, 투명성이 강화되는 정비사업이다. 망우1구역과 중곡아파트도 노후도가 높으나 사업성이 낮아 사업추진이 정체된...",
재건축 완화,한강변 정비사업 암초 '공공기여 10%룰' 이달부터 완화,http://www.fnnews.com/news/202503261834114520,서울시가 신속통합기획을 포함한재건축·재개발 정비사업에서 그동안 한강변에 일률적으로 10%를 적용하던 기부채납 등 의무 공공기여 비율을 구역에 따라완화한다. 도시규제지역 종상향시 공공기여 비율도완화하는 등 사업성 향상을 통해 공공임대주택을 포함한 주택공급 확대에 나선다는 계획이다. 26일...,
재건축 완화,'얼죽신' 이어 '얼죽재' 왔다는데…재건축 아파트 전망은 ?,http://www.m-i.kr/news/articleView.html?idxno=1221891,"정부의재건축규제완화기대감이 시장에 반영되며, 준공 30년 초과 아파트의 가격이 상승하는 등 수요자 움직임에 변화가 감지되고 있다. 정부가 아파트 공급부족을 해결하기 위해재건축아파트 안전진단완화등의 제도 카드를 내밀자 향후재건축추진이 용이하게 될 것이란 기대감이 확산되고 있다....",
재건축 완화,"현대·롯데 컨소시엄, 1.7조 망미주공 재건축 시공권 확보",https://www.nocutnews.co.kr/news/6313319?utm_source=naver&utm_medium=article&utm_campaign=20250325100831,핵심요약 부산 두 번째 규모 대형 정비사업 본궤도 진입 두 차례 유찰 끝에 조건완화로 시공사 확정 '센텀스카이' 단지명 제안…2032년 입주 목표 광안4구역도 HDC현산 단독 수주로 사업 속도 부산 연제구 연산5구역(망미주공아파트)재건축사업이 현대건설과 롯데건설 컨소시엄의 시공사 선정으로 본격...,
재건축 완화,"금호두산, 1900가구 재건축 본격 추진…종상향 통해 사업성 극대화",https://biz.heraldcorp.com/article/10448688?ref=naver,"그러나 최근 정부와 서울시의 정비사업 규제완화기조에 따라재건축으로 선회했다. 준비위는 이날 설명회에서재건축추진 관련 단지 현황과 사업 추진 계획, 질의응답(Q&A) 등을 진행했다. 준비위는 서울시의 정비사업 분야 규제철폐안 관련 실행계획을 담은 ‘2030 서울특별시 도시·주거환경정비기본계획...",
재건축 완화,"""공공기여·상가 부담 완화""…주택공급 탄력",https://www.hankyung.com/article/2025031950491,이 부담이 줄어들면재건축·재개발 사업성이 크게 향상될 가능성이 크다. 서울시가 ‘규제 철폐 1호’로 제시한 상업·준주거지역의 비주거 비율완화도 즉시 시행한다. 연면적의 20% 이상인 상업지역 상가 등 비주거 비율은 10% 이상으로완화된다. 준주거지역은 용적률의 10% 이상을 비주거 비율로 채우도록 한...,
재건축 완화,"소규모 건축, 용적률 300%까지 완화…""오류동 첫선""",https://www.hankyung.com/article/2025031795271,또 소규모재건축가능 사업지 2620곳의 용적률이 최대 50%완화되면 사업지별 비례율(개발이익률·재건축후 자산가치를 종전 자산가치로 나눈 비율)이 평균 30% 높아지고 전용면적 59㎡ 주택 9가구가 늘어나는 효과가 있을 것으로 추산했다. 자율주택정비사업은 개소별 10가구(전용 30㎡)가 증가할...,
재건축 완화,"공공기여 부담 한도 70% 이내로 완화…국토부, 지자체에 가이드라인 배포",https://biz.heraldcorp.com/article/10449160?ref=naver,"이 가이드라인은 지구단위계획구역 또는 공간혁신구역 지정으로 건축물 용도, 건축제한(건폐율, 용적률) 등이완화되는 경우에 한해서만 적용된다. 재개발·재건축사업 등 지구단위계획을 별도로 수립하지 않고, 다른 절차에 따라 함께 처리되는 의제 사업은 국토계획법상 공공기여를 적용하지 않기 때문에...",
재건축 완화,"""강남 마지막 금싸라기""…일원역 인근 저층 단지 재건축 속도",https://www.hankyung.com/article/2025031950551,재건축으로 아파트 층수를 높일 수 있다는 뜻이다. 고도 제한은 기존 75m(13층 이하)에서 층수 제한 없는 75m로완화했다. 이들 단지는 15~25층으로 탈바꿈할 것으로 전망된다. 1993년 준공된 가람·상록수아파트는 용적률이 109%로 낮은 편이어서재건축사업성이 좋은 것으로 평가받는다. 상록수아파트 뒤편에...,
재건축 완화,5월부터 조합설립 동의요건 완화… 지역 정비사업 활기 띨까,https://www.cctoday.co.kr/news/articleView.html?idxno=2209837,규정완화가 실시된다.여기에 '재건축·재개발 촉진 특례법' 제정 등 통한 추가 규제완화등도 기대되는 만큼 지역에서도 정부의 규제완화가 지역 정비사업의 활기로 이어질지 주목된다.12일 국토교통부(이하 국토부)와 한국부동산원은 코레일 대전본사에서 '주민과 소통하는 정비사업 정책설명회'를 진행했다....,
재건축 완화,[문제적 규제④] 재건축 시계 빨라지는데…제자리 걷는 리모델링,http://www.shinailbo.co.kr/news/articleView.html?idxno=2027496,"<편집자 주> 최근 몇 년 규제 개선이 대거 이뤄진재건축과 달리 리모델링 분야는 제자리걸음을 하고 있다. 사업성 향상을 위한 수직 증축 도입 후 여러... ◇ ""안전 도외시 아냐…합리적 제도 필요"" 리모델링 규제완화를 위한 움직임은 지난 21대 국회에서도 있었다. 그러나 발의된 법안들은 모두 본회의 문턱을...",
재건축 완화,남산 하얀집 '탑맨션' 재건축 나선다,http://www.smedaily.co.kr/news/articleView.html?idxno=321027,"남산 경관지역에 주거전용 1종 지역으로 그동안재건축대신 리모델링이 논의됐으나, 최근 높이 제한, 용적율, 종상향 등의재건축규제완화에 따라 소규모 주택정비법에 의한재건축을 빠르게 추진하고 있다. 탑맨션은 이 지역에 몰려있는 재벌가들의 고급주택들보다 더 높은 위치에 있고, 탁 트인 한강 전망과...",
재건축 완화,"중랑구, 망우1구역 공공재건축 정비계획변경안 고시",https://www.newsis.com/view/NISX20250321_0003107795,서울 중랑구(구청장 류경기)는 망우1구역 공공재건축정비계획변경안이 지난 20일 최종 확정·고시됐다고 21일 밝혔다. 망우1구역 공공재건축은 지난해... 사업성 보정계수 2.0을 적용받아 기존 정비계획 대비 사업성이 개선되면서 조합원 재정적 부담이완화됐다고 구는 설명했다. 공영주차장·공공청사·공공...,
재건축 완화,대치 미도 최고 50층 3914세대로… 재건축 정비계획 결정,https://www.kmib.co.kr/article/view.asp?arcid=1742107612&code=11131400&cp=nv,서울시는 14일 제2차 도시계획위원회 신속통합기획 정비사업 등 수권분과위원회에서 ‘대치미도아파트재건축사업 정비계획 결정 및 정비구역... 시는 이밖에 입간판 제작에 비철금속보다 저렴한 금속을 사용할 수 있도록 규제를완화해 소상공인의 부담을 덜어준다. 또 특수 차량을 도입해 침대형 휠체어...,
재건축 완화,분당 양지마을 재건축 ‘방관’ 논란…제 역할 안하는 ‘성남시’,https://www.kyeonggi.com/article/20250324580354,"1기 신도시재건축선도지구로 지정된 분당 양지마을이 내홍을 겪는 가운데(경기일보 21일자 8면, 22일자 10면) 성남시가재건축동의서 검토 과정에서... 이상’으로완화됐다. 이 과정에서 시는 기준 변경 사실을 주민에게 별도로 고지하지 않았다. 기존 기준으로 받은 동의서를 그대로 유효한 것으로...",
재건축 완화,‘옛 뉴타운’ 재건축·재개발때 이 규제 사라진다,https://www.mk.co.kr/article/11267738,"서울시, 재정비촉진계획 수립기준 18년만에 개편 공공기여 의무 기준 폐지 비주거비율도완화나서 서울시가 옛 뉴타운(재정비촉진사업) 재개발·재건축에서 공공기여 의무 기준을 폐지하는 등 사업성을 대폭 높인다. 19일 시는 재정비촉진사업 사업성 개선을 위해 재정비촉진지구 내 공공기여 의무 기준을...",
재건축 완화,"광명시, 재개발·재건축 아파트 인동간격 기준 완화",https://www.news1.kr/local/gyeonggi/5719509,경기 광명시가 재개발·재건축등 주택정비사업의 아파트 인동간격(隣棟間隔) 기준을완화했다고 14일 밝혔다. 시에 따르면 '광명시 건축조례'를 개정하고 건축물이나 구조물 사이의 거리(간격)를 규정하는 인동간격 기준을완화했다. 구체적으로완화된 기준을 적용받는 건축물은 채광창 등이 있는...,
재건축 완화,서울시의 소규모 재건축 용적률 한시적 완화… 실효성은 의문,https://www.newscj.com/news/articleView.html?idxno=3246603,"이번완화대상은 대규모 재개발·재건축이 아닌 ▲부지 1만㎡ 미만의 소규모재건축▲부지 5천㎡ 미만의 소규모 재개발 ▲36세대 미만의 자율주택정비사업 등이다. 그러나 이러한 사업들은 본래 높은 분담금과 낮은 비례율 문제로 인해 활성화되지 못했던 곳이 많다. 특히, 기존의 노후 주택을 개량하거나...",
재건축 완화,"광명시, 재개발·재건축 126가구 매입해 신혼부부·청년 등에 임대",https://view.asiae.co.kr/article/2025032010080542647,"이번 공급 물량은재건축·재개발 과정에서 조합이 용적률완화인센티브를 조건으로 제공한 주택을 표준건축비 기준 가격에 매입해 이를 임대주택으로 공급하는 것이다. 매입자금은 시가 광명도시공사에 출자한 150억원이 재원이다. 박승원 광명시장은 ""젊은 세대의 주거 부담을 낮추고 안정적인...",
재건축 완화,"금호두산, 1900가구 초대형 재건축 본격 추진",https://www.dnews.co.kr/uhtml/view.jsp?idxno=202503230933538240166,리모델링 접고재건축으로…주민설명회 첫 개최 3호선 금호역 초역세권 등 “종상향 조건 충족” 서울 성동구 금호동 금호두산 아파트가재건축... 최근 정부와 서울시의 정비사업 규제완화기조에 따라 금호두산은 정책 수혜단지로 부상했다. 준비위는 서울시의 정비사업 분야 규제철폐안 관련...,
재건축 완화,"[인터뷰] 김성철 부산재개발협회장 ""부산 건설경기 심각, 규제완화 요청""",http://www.hg-times.com/news/articleView.html?idxno=270676,"그중 공사비를 줄이고 사업성을 높일 수 있는 방법 중 하나가 규제완화다. 용적률과 재개발ㆍ재건축관련 공공기여 비율 등이 대표적이다. 본지와의 인터뷰에서 김성철 부산재개발협회장은 ""최근 부산 건설경기가 심각한 상황인데도 부산시는 오히려 규제들을 추가해 많은 현장들이 어려움을 겪고 있다""며 ""이에...",
재건축 완화,"[헬로 이슈토크] 11단지 재건축 확정, 목동 재건축 속도 내나?",http://news.lghellovision.net/news/articleView.html?idxno=500730,"탄력받는 목동재건축시장…규제완화효과? 이재국/ 엄격했던 '안전진단' 기준완화로 부담 줄어 정비구역 지정 전 조합설립추진위 구성 가능 신속통합 기획 통해 기존 약 2년 걸리던 심의를 6개월로 단축 2-1. 상반기내 14개 단지 정비 계획 공람 마무리 가능할까? 이재국/ ""정비구역 지정 이후에도 넘어야할 산...",
재건축 완화,군포 4.2 보궐선거 후보 3인 모두 재건축∙재개발 전면에 내세워,http://www.mediagunpo.co.kr/19508,"노후계획도시 정비 및 지원에 관한 특별법은 개별 주택단지들을 통합 정비하기 위해 특별정비구역을 지정하고재건축안전진단 면제 또는완화, 용적률 제한완화같은 인센티브를 제공하는 대신 그로 인한 초과 이익을 여러 형태의 공공기여로 환수하는 것이 골자다. 그밖에 성복임 후보는...",
재건축 완화,"재건축 조합직접설립, 상가분할·동의율 완화 '있으나마나'",http://www.arunews.com/news/articleView.html?idxno=48017,"하지만 대부분의재건축단지들이 정비구역 지정 전에 이미 상가 쪼개기에 나선다는 점을 감안하면 사실상완화조치를 적용 받을 수 없는 것이 현실이다. 결국 목동6단지의 경우 추진준비위와 상가 소유주간의 갈등이 해소됐지만, 다른 단지에서는 상가 동의 문제로 인해 조합설립이 불가능한 상황이 발생할 수...",
재건축 완화,"광명시, 재개발·재건축 아파트 간격 기준 완화 (B tv 한빛뉴스)",http://ch1.skbroadband.com/content/view?parent_no=24&content_no=59&p_no=179308,"광명시가 재개발·재건축등 주택정비사업에서 아파트 건축물 사이에 띄워야 하는 거리인 '인동간격' 기준을완화했다고 밝혔습니다. 이에따라 채광창 등이 있는 벽면으로부터 직각 방향으로 건축물 높이의 0.8배를 띄워야 했던 기준에서, 앞으로는 0.5배로완화된 기준을 적용받습니다. 광명시는 아파트 간격...",
재건축 완화,“여보 집값 오른대” 내집마련 상반기가 적기…재건축보다 신축이 유망 [부동산360],https://biz.heraldcorp.com/article/10442385?ref=naver,꾸준히 선호도가 높았던재건축보다는 신축 아파트가 유망하다는 의견도 제시됐다. 최근 계속된 공사비 갈등과 높은 추가 분담금 등으로재건축... 이 외에도 ▷주택 공급 부족 ▷국내외 경기 개선 ▷정부의 규제완화정책 ▷분양가 상승 등이 가격을 끌어올릴 것으로 봤다. 반대로 주택 매매가격이 하락할...,
재건축 완화,'쪼개기'에 발목 잡힌 재건축…상가 동의율 낮추면 빨라질까,https://news.tf.co.kr/read/economy/2189127.htm,또 동별(복리시설 포함) 소유자의 2분의 1 이상 동의를 받던 것을 복리시설(상가)에 대해서는 소유자의 3분의 1 이상으로완화된다. 현행법상 상가 전체를 하나의 동으로 본다. 이에 따라 업계에서는 조합설립 기간이 대폭 줄어들 것으로 기대하고 있다. 그동안재건축사업에서 주택 입주권을 획득하거나 상가...,
재건축 완화,오류동 소규모 재건축 현장 찾은 오세훈,https://www.news1.kr/photos/7183603,오세훈 서울시장이 17일 서울 구로구 오류동 소규모재건축현장을 둘러보고 있다. 서울시는 올해 5월부터 소규모 건축물의 용적률을 한시적으로완화하는 '규제철폐안 33호'를 적용할 방침이다. 첫 번째 적용 대상지는 서울 구로구 오류동 소규모재건축현장(화랑주택)이다. 이를 통해 서울시는 향후...,
재건축 완화,"오세훈, '소규모건축 용적률 한시완화' 첫 적용 오류동 재건축 현장 방문",http://www.lawissue.co.kr/view.php?ud=202503171631084438b3279dfb36_12,"오세훈 서울시장이 17일 소규모 건축물 용적률을 한시적으로완화하는 규제철폐안이 처음 적용되는 구로구 오류동 화랑주택재건축현장을 방문했다. 앞서 서울시는 지난 달 25일 제2·3종 일반주거지역의 소규모 건축물 용적률을 2종 200→250%, 3종 250→300%로 3년 동안완화하는 규제철폐안 33호를 발표한 바...",
재건축 완화,"민주 ""유산취득세는 부자 감세…집수리 하려는데 재건축 발표한 꼴""",https://www.newsis.com/view/NISX20250312_0003096520,"그는 ""지금 현장에서는 상속세 때문에 살던 집을 팔아야 하는 중산층들이 있다""며 ""정부는 중산층 세 부담완화를 위한 민주당의 배우자공제 10억원... 비유하자면 여당은 집수리를 하려고 하는 데 정부가 불쑥재건축계획을 발표한 꼴""이라고 주장했다. 안 의원은 ""정부여당 간에 서로 양립할 수 없는 대안을 두고...",
재건축 완화,"준주거지역, 아파트로 100% 지어도 OK…재건축 사업성 높인다[집슐랭]",https://www.sedaily.com/NewsView/2GQ8A0SPVI,"서울시는 비주거 기준완화로재건축·재개발 사업성이 높아질 것으로 전망하고 있다. 서울시는 13일 도시·건축공동위원회 결과 준주거·상업지역 비주거 기준 폐지, 용적률 체계 개편 등 제도 변화 반영을 위한 '도시관리계획 결정변경안'을 수정 가결했다고 밝혔다. 이는 오세훈 서울시장이 지난 1월 건설...",
재건축 완화,곳곳에서 갭투기… 강남서 토지거래허가제 완화하자 벌어진 일,https://www.thescoop.co.kr/news/articleView.html?idxno=305260,"서울시가 토지거래허가제를완화한 후 강남 3구를 중심으로 갭투기로 의심할 만한 거래가 가파르게 늘었다는 얘기다. ■ 토지거래허가 영향 분석 = 당초 서울에선 ▲대치ㆍ삼성ㆍ청담ㆍ잠실 등 국제교류복합지구 일대, ▲압구정ㆍ여의도ㆍ목동ㆍ성수 등 주요재건축단지...",
재건축 완화,"대우효령아파트, 예비안전진단 통과… 재건축 대열 합류",http://www.arunews.com/news/articleView.html?idxno=48018,"이 위원장은 ""올해부터 여러재건축 완화방안이 시행되는 만큼 최적의 진행방향을 검토해 추진해 나갈 것""이라며 ""가능하면 추진위원회 구성을 먼저 마친 뒤 정비계획 수립, 구역 지정 등 입안제안과 재건축진단을 동시에 준비하는 투트랙 전략도 검토 중이다""고 밝혔다 대우효령은 지하철2호선 방배역...",
재건축 완화,“재건축과 역차별”…재개발사업 무산ㆍ장기 지연 일쑤,https://www.dnews.co.kr/uhtml/view.jsp?idxno=202503181403248110552,"이후 2017년 법이 개정되면서 동의율이 모두 75% 이상으로 낮춰졌다가 지난 1월 법이 다시 개정되면서재건축만 70%로완화됐다. 재개발 사업이재건축보다 주택 공급을 원활하게 하는 가구 멸실 효과가 적고 사회 기반시설 개선이라는 공익적 효과가 더 큰데도, 재개발 조합 설립 동의 요건을그대로 둔 것은...",
재건축 완화,"중랑구, 망우1구역 공공재건축 정비계획변경(안) 고시",http://www.breaknews.com/1102825,"중랑구(구청장 류경기)가 추진하는 망우1구역 공공재건축정비계획변경(안)이 지난 20일 최종 확정·고시됐다.... 또한, 사업성 보정계수 2.0을 적용받아 기존 정비계획 대비 사업성이 크게 개선되면서 조합원의 재정적 부담이완화...",
재건축 완화,[주택공급 시스템 이대로 괜찮나]<1>재건축 선도지구ㆍ3기 신도시 등 속도내야,https://www.dnews.co.kr/uhtml/view.jsp?idxno=202503251045394260488,"업계 “규제완화ㆍ금융지원 등 시장 정상화방안 시급” “부동산시장 위축기에는 공공부문에서 더 적극적으로 나서야 원활한 주택공급과 함께... 정부의 공급확대 방안은 1기 신도시재건축선도지구 지정, 서울 서리풀 등 그리벨트 해제, 도심 내 공급확대를 위한재건축ㆍ재개발사업 규제개선, 3기 신도시 등...",
재건축 완화,"광명시, 건축조례 개정… 재개발·재건축 인동간격 기준 완화",https://sports.donga.com/region/article/all/20250315/131211882/1,"●광명시, 주택정비사업 인동간격완화… 0.8배→0.5배 광명시(시장 박승원)가 ‘광명시 건축조례’를 개정해 재개발·재건축등 주택정비사업에서 아파트 건축물 사이의 인동간격 기준을완화했다고 15일 밝혔다. ●인동간격 기준완화인동간격(隣棟間隔)은 건축물 사이의 거리를 의미한다. 광명시 건축조례...",
재건축 완화,준서울 광명 하안주공 재건축 '탄력',https://www.mk.co.kr/article/11268044,대부분 단지가 15층 높이의 중고층이라 기존 용적률로는 사업성이 떨어져재건축이 어렵다고 판단한 것으로 해석된다. 용적률과 높이 규제가완화되면 하안주공 아파트들은 기존보다 약 6000가구 늘어난 약 2만8000가구 규모 주거 단지로 변신하게 된다. 최고 높이 기준은 130ｍ로 제시됐다. 보통 아파트...,
재건축 완화,'오락가락' 부동산 정책…35일 만에 규제완화 없던 일로,http://www.metroseoul.co.kr/article/20250319500379,"말을 뒤집은 것은 물론 이전보다 지정 구역은 광범위하게 확대됐으며, 개발호재나재건축등 특정사유 없이 모든 아파트를 대상으로 했다. 전문가들은 비규제 지역으로의 풍선효과를 유발하고, 실수요자의 서울 내집마련을 더 어렵게 만드는 부작용을 초래할 것으로 우려했다. ◆ 광범위한 토허제 지정…추가도...",
재건축 완화,홍준표 “종부세 폐지하고 재산세 현실화해야…재건축부담금도 폐지하자”,https://biz.heraldcorp.com/article/10444583?ref=naver,"또 “부동산 거래도 좀 활발하게 할 수 있게 양도소득세를완화하고,재건축부담금은 다 폐지해야 한다”고 하기도 했다. 그는 “내 집에서 평생 사는데 30~40년이 되면 낡아진다. 내 집을 헐어서 좋은 집을 짓겠다는데재건축부담금을 내라”냐며 “(오래된 집에서) 여태 고생한 것도 억울한테 초과이익을 왜...",
재건축 완화,목동 신시가지 재건축 ‘속도’…공사비·인허가 등 ‘걸림돌’,https://www.ekn.kr/web/view.php?key=20250318024147499,"그러나 윤석열 정부가 노후계획도시법을 제정하고, 서울시가 도시정비법을완화하면서 목동재건축사업에 속도가 붙었다. 여기에 '똘똘한 한 채' 선호가 겹치며 목동 신시가지 일대 아파트 가격는 호가가 치솟고 신고가가 잇따르고 있다. 입지가 뛰어나다 알려진 7단지의 경우 121㎡(36평) 매물이 기존...",
재건축 완화,‘얼죽신’ 가고 ‘얼죽재(얼어 죽어도 재건축)’ 온다[집슐랭],https://www.sedaily.com/NewsView/2GQ8Q5FHGV,윤지해 부동산R114 수석연구원은 “재건축사업 규제가완화하면서 입지가 우수하고 사업성이 담보되는 구축 단지 위주로 수요가 집중될 수밖에 없을 것”이라며 “신축 공급이 한정적이어서 당분간 구축 아파트 가격은 신축 단지 가격과 연동되며 상승세가 이어질 것”이라고 전망했다.,
재건축 완화,"서울시, '도시정비 기본계획' 손본다…재개발·재건축 규제철폐 지원",https://www.newsis.com/view/NISX20250312_0003095316,재개발 ▲재건축▲주거환경개선사업의 기본방향을 제시하는 정비사업 부문 최상위 법정계획이다. 이번 변경안은 앞서 시가 지난 1~2월 속도감 있는 정비사업 추진을 위해 발표한 규제철폐안들을 담기 위한 것이다. 구체적으로 ▲도시규제지역에 대한 정비사업 공공기여 비율 추가완화(3호) ▲정비사업...,
재건축 완화,"여의도 재건축도 ‘잰걸음’, 분쟁 끝내고 속도 내는 주요 단지들",https://biz.chosun.com/real_estate/real_estate_general/2025/03/16/P3RJT5YCIJAGBLLIBX6QRIT63M/?utm_source=naver&utm_medium=original&utm_campaign=biz,일부 단지들은 규제완화에 맞춰 상업시설 최소화하고 주택 비중 높이는 방안을 검토 중이다. 실제로 여의도 광장아파트 1·2동재건축조합은재건축시 주택 비중을 최대 100%까지 높이는 방안을 검토 중인 것으로 알려졌다.재건축기대감이 커지면서 여의도 부동산 시장에 수요가 몰려 매물 감소현상이...,
재건축 완화,"보폭 넓히는 與잠룡… MB 만난 안철수, 재건축 찾은 오세훈, 조계사 방문 한동훈",https://www.seoul.co.kr/news/politics/2025/03/18/20250318009004?wlog_tag3=naver,오류동 화랑주택은 서울시가 지난달 제2·3종 일반주거지역의 소형 건축물 용적률을 3년 동안완화하는 내용의 규제 철폐안을 처음으로 적용한 현장이다. 오 시장은 “소규모 재개발 주택 사업이 활성화되면 적은 비용으로재건축·재개발을 해 불황을 이겨 낼 수 있다”고 강조했다. 김 장관은 건설업계 노사...,
재건축 완화,광진구 중곡동 신향빌라 재건축 속도,https://www.rcast.co.kr/news/articleView.html?idxno=27311,"신향빌라는 1986년도에 준공돼 낡고 노후된 주택지로 꼽혔왔다. 이번 결정은 시가 주택공급 확대와 주택시장 안정화를 목표로 시행한 2종 7층 규제완화정책이 적용된재건축사업 첫 사례다. <저작권자 리얼캐스트, 무단 전재 및 재배포 금지>",
재건축 완화,"서울시, 광진구 재개발·재건축 속도…한강 변 49층 대단지 조성",https://www.news1.kr/realestate/general/5720328,"신향빌라는 '2종 7층 규제완화정책'이 적용된 첫 번째재건축사업 사례다. 1986년도에 준공돼 노후화된 신향빌라의재건축사업이 한층 탄력을 받을 것으로 기대된다. 최진석 서울시 주택실장은 ""주거환경이 열악한 노후 주택가 일대에 양질의 주택공급을 공급할 수 있어 주거환경 개선 효과가 기대된다...",
재건축 완화,"서울시, 재개발·재건축 규제 완화… 정비사업 속도 낸다",https://www.newscj.com/news/articleView.html?idxno=3244739,"서울시가 재개발·재건축사업의 속도를 높이기 위해 관련 규제를완화한다고 12일 밝혔다. 시는 '2030 서울특별시 도시·주거환경정비 기본계획' 변경안을 마련해, 13일부터 시민 공람을 시작한다. 이번 변경안에는 높이제한 지역의 공공기여 부담완화, 입체공원 도입, 역세권 준주거지역 상향 등의 내용이...",
재건축 완화,"""재건축 비리 직접 수사할게""…서울시 '특사경 수사' 확대 건의",https://www.news1.kr/realestate/general/5717150,정부가재건축규제를완화하는 추세인 만큼재건축·재개발 조합 문제 등 관련 비리가 늘어날 가능성이 높아 수사권 확대를 제안한 것이다. 13일 서울시에 따르면 2월 말 부동산 특사경 공무원들이 민간재건축·재개발 관련 비리를 감시하고 수사할 수 있도록 사법경찰 직무법 개정을 건의했다. 현재 서울시...,
재건축 완화,"국토장관 “빈집이 문제인 시대, 도심 재건축 활성화 필요”",https://www.munhwa.com/news/view.html?no=2025031101039910274006,"전문건설공제조합 강연…""부동산 생산·투자·소비구조 변해야"" 그린벨트 활용·도시 밀도 규제완화필요성 강조 박상우 국토교통부 장관은 빈집이... 그는 ""인구 문제 등을 고려했을 때 우리도 결국 일본처럼 ‘콤팩트 시티(compact city)’로 가야 한다""며 ""이를 위해 도심재건축을 활성화하고, 높이·용도·밀도...",
재건축 완화,[주택정책 원점부터 다시 짜자]<해법1>다주택자 규제 완화로 유동성ㆍ수요 분산해야,https://www.dnews.co.kr/uhtml/view.jsp?idxno=202503250947047440447,재건축입주권 외 1주택을 보유한 조합원은 3주택자에 해당하는 세금 폭탄을 맞았다. 시장 전문가들은 다주택자에 대한 세부담완화가 서울 쏠림 현상과 동시에 지방 아파트 미분양 해결의 실질적 대책이라 보고 있다. 지방수요 창출을 위해 취득세 중과세율을 12%에서 2주택 기준 1~3% 수준으로완화하고...,
재건축 완화,"광명시, 재개발·재건축 등 아파트 간격 기준 완화",http://www.shinailbo.co.kr/news/articleView.html?idxno=2020747,"경기 광명시가 ‘광명시 건축조례’를 개정해 재개발·재건축등 주택정비사업에서 아파트 건축물 사이에 띄워야 하는 인동간격 기준을완화했다고 16일 밝혔다. 인동간격(隣棟間隔)은 건축물이나 구조물 사이의 거리(간격)를 의미하며, 건축법과 지방자치단체 조례로 기준이 정해져 있다. 인동간격을...",
재건축 완화,"[속보] 재건축·재개발에 ""50억 저리융자로 초기사업비 부담 완화""",https://www.news1.kr/realestate/general/5723811,,
재건축 완화,"광명시, 재개발·재건축 아파트 간격 기준 완화",http://www.joygm.com/news/articleView.html?idxno=214175,"광명지역신문=서인숙 기자> 광명시가 '광명시 건축조례'를 개정해 재개발·재건축등 주택정비사업에서 아파트 건축물 사이에 띄워야 하는 인동간격 기준을완화했다고 14일 밝혔다. 인동간격(隣棟間隔)은 건축물이나 구조물 사이의 거리(간격)를 의미하며, 건축법과 지방자치단체 조례로 기준이 정해져 있다....",
재건축 완화,"삼성물산, 재건축 조합장에 경고…""허위 사실 유포, 심각한 명예훼손""",https://www.newspim.com/news/view/20250320000129,"잠실우성1·2·3차재건축조합은 삼성물산 참여를 유도하기 위해 책임준공확약완화와 공사비 인상 요건 등을 조정했으나, 삼성물산이 실제 입찰에는 나서지 않으면서 조합원 사이 잡음이 일기도 했다. 삼성물산 관계자는 ""두 단지 모두 2차 입찰 참여를 확실히 정하지 않았지만 계속 검토할 것""이라고 말했다.",
재건축 완화,전주 하가 재개발지역 용적률·고도 대폭 완화…주민이익 최대 반영할 듯,http://www.domin.co.kr/news/articleView.html?idxno=1507260,"전주시 도심지역의 용적률 및 고도제한이 대폭완화되면서 시민들의 개인재산권 행사 등도 높아질 것으로 보인다. 특히, 용적률 상향 적용으로 기존... 당시 하가지구는 과거 고도제한에 묶인 재개발·재건축지역으로 도시계획위원회 심의를 거쳐 최대 18층까지 건립이 추진될 계획이었다. 전주시의...",
재건축 완화,"망우1구역, 공공재건축 정비계획 변경",http://www.arunews.com/news/articleView.html?idxno=47981,"시는 망우1구역 공공재건축사업 정비계획 결정(변경) 및 정비구역 지정(변경), 지구단위계획(구역) 결정 및 지형도면을 지난 20일 고시했다. 구에... 특히 사업성 보정계수 2.0을 적용받아 기존 정비계획 대비 사업성이 개선되면서 조합원의 재정적 부담이완화됐다. 이에 따라 추정비례율은 128.22%로...",
재건축 완화,"대치미도, 최고 50층 3914가구로 재건축",https://www.seoul.co.kr/news/economy/estate/2025/03/17/20250317019003?wlog_tag3=naver,단지 중앙에 선형 공원을 조성해 한강으로 연결되는 녹지 보행축을 마련한다. 아울러 시는 광진구 중곡동 신향빌라재건축사업 정비계획을 변경했다. 최고 층수를 12층 이하에서 20층 이하로완화했다. 이 밖에 성북구 종암동 3-10번지 일대는 최고 37층 이하 694가구(임대 102가구 포함)로 재개발된다.,
재건축 완화,'얼죽신 기다리다 얼어죽네'···신축 포기하고 재건축 구축 몰리는 수요,https://www.womaneconomy.co.kr/news/articleView.html?idxno=232397,서울시는 지난해 9월 '2030 도시·주거환경정비 기본계획 고시'를 통해 서울에서 1종 일반 주거지역 용적률을 최고 150%에서 200%로 상향하고 준공업지역은 법정 최대 용적률인 400%까지완화했다. 재개발·재건축관련 공공기여 비율은 10%로 고정해 사업성 하락을 막았다. 올해는 토지거래허가구역 해제까지...,
재건축 완화,"[구석구석 재개발] HDC현산, 비수도권 재건축 선별 수주 전략…부산·원주서 총 8565억원 규모 수주",http://www.wikileaks-kr.org/news/articleView.html?idxno=165769,편집자 주 도시정비 규제완화로 1기 신도시와 노후 계획도시를 비롯한 단지들의재건축재개발 시계가 빨라졌다. [구석구석 재개발]에서는 전국의 주요 재개발 지역과 건설사들의 수주와 도시정비 전략에 대해 알아본다. HDC현대산업개발이 부산과 강원도에서 선별적재건축사업 수주 활동을 펼치고 있다....,
재건축 완화,"준주거지역, 아파트로 100% 지어도 OK…재건축 사업성 높인다[집슐랭]",https://www.sedaily.com/NewsView/2GQ8Q5K6H1,"서울시는 비주거 기준완화로재건축·재개발 사업성이 높아질 것으로 전망하고 있다. 서울시는 13일 도시·건축공동위원회 결과 준주거·상업지역 비주거 기준 폐지, 용적률 체계 개편 등 제도 변화 반영을 위한 '도시관리계획 결정변경안'을 수정 가결했다고 밝혔다. 이는 오세훈 서울시장이 지난 1월 건설...",
재건축 완화,중곡동 신향빌라 재건축 정비계획 변경안 수정가결…용적률 완화,http://news.mt.co.kr/mtview.php?no=2025031610354950339,이번 결정은 시가 주택공급 확대와 주택시장 안정화를 목표로 시행한 '2종 7층 규제완화정책'이 적용된 첫 번째재건축사업 사례다. 1986년도에 준공돼 노후된 신향빌라의재건축사업이 한층 탄력을 받을 것으로 기대된다는 설명이다.,
재건축 완화,"[아유경제_재건축] '서초ㆍ강남 도심 속 리조트!' 강남원효성빌라 재건축 ""시공자 찾아요""",http://www.areyou.co.kr/news/articleView.html?idxno=88196,- 원활한 사업을 위해 현재 해결해야 할 과제가 있다면/ 우리 사업의 성공적인 추진을 위해서는 정부ㆍ서울시 차원에서 우리 같은 작은 단지의재건축사업 추진에 대해 더 많은 관심을 보여주고 규제를완화해 주는 것이 중요하다. 대규모 단지들에 비해 작은 단지들은 규모의 경제로 인해 공사비를 포함해...,
재건축 완화,"[인사이드 스토리]""재건축 늦어진 게 우리 때문?""…래미안의 경고",http://news.bizwatch.co.kr/article/real_estate/2025/03/21/0003,"지난 13일 개포주공 6·7단지재건축조합에 삼성물산이 보낸 공문 하나가 도착했어요. 성공적인 사업을 기원한다는 인사말로 시작된 공문은 ""조합원에게... 삼성물산을 수주 현장에 끌어들이려고 했던 조합이 3.3㎡당 공사비를 기존 880만원에서 920만원으로 높이고 책임준공 조건을완화해 새롭게 입찰 공고를...",
재건축 완화,"부산 재건축 최대어 동래럭키, 추진위 출범으로 돛 달았다",http://www.kookje.co.kr/news2011/asp/newsbody.asp?code=0200&key=20250307.22002001666,"2020년 예비 안전진단에 한 차례 탈락했지만, 2023년 초 정부가재건축안전진단 기준을완화하면서 혜택을 받았다. 아파트는 1983년 준공됐고 18개 동 1536세대, 상가 125세대로 구성됐다. 아파트와 상가 중복 소유 등이 발생하면서 총 소유자는 1613명으로 집계됐다. 위원회는 오는 11일 소유자설명회 개최를...",
재건축 완화,"""재건축, 시켜줄 때 하자""…활로 찾는 '高 용적률' 아파트들 [집슐랭]",https://www.sedaily.com/NewsView/2GQ38QCMT8,정비 업계의 한 관계자는 “입지가 좋은 곳에 위치한 아파트는 현재 용적률이 높고 일반분양 물량이 적어도재건축후 가치 상승을 그나마 기대할 수 있다”며 “그렇지 않은 아파트는 여러완화책에도 불구하고재건축엄두를 내기 어려운 것이 현실”이라고 지적했다. *‘집슐랭 연재’ 구독을 하시면...,
재건축 완화,"""무조건 면제"" vs ""41% 기여땐 완화""…1기 신도시 재건축 안전진단 어떻게 되나",http://www.housingherald.co.kr/news/articleView.html?idxno=49760,▲재건축안전진단 면제?완화?…알쏭달쏭 일선 현장에서재건축안전진단에 대한 논란이 발생하는 이유는 국토부 등 유관기관들이 안전진단에 대한 명확한 기준 정립 및 관련 내용 발표를 하지 않고 있기 때문이다. 그러다보니 현장에서는 무수한 추정만 횡행되고 있다. 대다수의 1기 신도시재건축...,
재건축 완화,"취임 1년 한승구 건설협회 회장 ""PF 정상화·규제 완화·공사비 확보 총력""",https://biz.newdaily.co.kr/site/data/html/2025/03/04/2025030400186.html,"아울러재건축·재개발 규제완화및 신도시 개발을 통한 주택공급시장 활성화에도 주력할 방침이다. 건설현장 안전시공 및 품질강화를 목표로 공사원가 산정체계 및 표준품셈 현실화, 발주제도 개선에도 나선다. 안정적인 경영환경 풍토가 조성될 수 있도록 합리적 안전제도 운영, 건전한 노사관계 확립도...",
재건축 완화,“한강변 더블유(W)는 부의 가치…재건축은 ‘여기’ 주목”,https://biz.heraldcorp.com/article/10443749?ref=naver,"박 회장은 이날 정비사업 핵심 투자전략, 서울재건축핵심 단지의 사업성 등을 소개했다. 17일 서울 강남구의 선릉더모임센터에서 한국 부동산전문가 클럽 2회 포럼이 열리고 있다. 김희량 기자 그는 “최근 토지거래허가제 이후 집값 변화에 대해 저는 규제완화효과보다 자산 대물림을 위한 (예정된)...",
재건축 완화,"광명시, 재개발·재건축 등 아파트 간격 기준 완화",http://www.breaknews.com/1100413,광명시가 ‘광명시 건축조례’를 개정해 재개발·재건축등 주택정비사업에서 아파트 건축물 사이에 띄워야 하는 인동간격 기준을완화했다고 14일 밝혔다. 인동간격(隣棟間隔)은 건축물이나 구조물 사이의 거리(간격)를 의미하며...,
재건축 완화,재건축·재개발 특례법 국회서 또 제자리…주택 공급 차질 우려,https://www.kgnews.co.kr/news/article.html?no=834709,"서울·수도권 중심의 특혜 이유로 반대재건축초과이익 환수제·관련 법안도 진척 없어 침체된 건설경기를 살리고, 2~3년 뒤 원활한 주택 공급을 위해재건축·재개발 규제완화가 절실하지만 관련 특례법이 국회 문턱을 넘지 못하고 있다. 공급 확대를 기대했던 정부와 정비사업 조합, 건설업계 모두 답답한...",
재건축 완화,‘공급 절벽’ 공포 커지는데... 국회에 잠든 재건축 법안,http://www.segyebiz.com/newsView/20250316506802?OutUrl=naver,"촉진법)은재건축및 재개발사업의 절차를 간소화하고, 신속한 추진을 지원해 도심 내 주택공급을 확대하고자 하는 법안이다. 주요 절차를 동시에 처리할 수 있도록 해 소요 시간을 최대 3년까지 단축할 수 있다. 용적률 상한 규제를완화해 사업성을 확대하는 내용도 담고 있다. 여당은 지난 12일...",
재건축 완화,"상속세개편 당정 '엇박자'…""집수리 하려는데 재건축 발표한 꼴""",http://www.joseilbo.com/news/news_read.php?uid=538628&class=32&grp=,"불쑥재건축계획을 발표한 꼴""이라며 이같이 지적했다. 안 의원은 ""유산취득세 도입은 75년간 유지해온 상속세 제도의 기본 틀을 전면 개편하는 것... 국민의힘이 주장한 배우자 상속세 폐지안에 대해 이재명 민주당 대표가 수용함에 따라 여야 간에 상속세 부담완화방안에 대한 의견 접근이 이뤄지는...",
재건축 완화,리모델링 준비하다 재건축 선회…매몰비용 어쩌나[똑똑한 부동산],http://www.edaily.co.kr/news/newspath.asp?newsid=01895846642101352,"(사진=뉴스1) 그러나 리모델링 사업이 늦어지면서 아파트의 건축연한이 30년을 넘어서게 됐고, 최근재건축사업에 대한 규제완화로재건축사업에 비해 리모델링 사업의 이점이 사라졌다. 그러면서재건축사업을 추진하기 위한 움직임이 강해졌고, 결국 리모델링 해산 수순까지 이어지고 있는 모양새다. 그런데...",
재건축 완화,"""집수리 하려는데 재건축 발표?""…'유산취득세' 들고나온 정부 왜?",http://news.mt.co.kr/mtview.php?no=2025031209504033723,하지만 탄핵정국 속 조기대선 가능성에 여야가 중산층 표심 공략을 위한 상속세 부담완화논의에 속도를 내자 부랴부랴 유산취득세 도입을 발표했단... 당장 '집수리를 하려고 하는데 불쑥재건축계획을 발표한 것'이냐는 게 야당 반응이다. 더불어민주당은 현재 국회에서 여야 간 기존 유산세를 전제로 한 공제...,
재건축 완화,與 “미분양 사태 해결 위해 DSR 대출규제 과감히 완화해야”,https://biz.chosun.com/policy/politics/2025/03/11/7ZSIDVBIRRHDZMRP3FKCZNNSDM/?utm_source=naver&utm_medium=original&utm_campaign=biz,미봉책 불과” 국민의힘은 11일 “비수도권 미분양 사태 해결을 위해 총부채원리금상환비율(DRS) 대출규제를 과감히완화할 때라고 보고 있다”고... 상법개정안 ▲과도한재건축·재개발 규제 ▲금리 산정까지 법제화하는 은행법 추진에 대한 우려를 전했다. 그는 “재정지출을 통해 국가경제를 견인해...,
재건축 완화,"[단독] 산본 재건축 선도지구 비례율 110% 상회, 사업 '순항' 예고",https://www.news1.kr/realestate/general/5712362,"임영학 11구역 통합재건축준비위원회 위원장은 ""주민들 반응이 긍정적""이라며 ""노후도시특별법에 따른 용적률 상향과 규제완화가 더해지면 사업성이 한층 좋아질 것""이라고 말했다. 산본 선도지구는 이달 중 주민 임시대표단을 구성하고, LH를 예비사업시행자로 지정하기 위한 동의 절차에 돌입한다....",
재건축 완화,영등포구 재건축사업 현황과 실태 점검…34개 단지 가속페달,http://www.housingherald.co.kr/news/articleView.html?idxno=49769,'신길건영아파트'와 '신길우성1차아파트'는 2022년 정밀안전진단 결과 D등급을 받았으나 2023년 1월 안전진단 기준이완화됨에 따라 1월과 2월에재건축을 확정지었다. 통합재건축이 논의되던 두 단지는 이해관계를 좁히지 못하고 결국 개별재건축을 진행한다. 신길우성1차는 지난해 9월 주민제안형...,
재건축 완화,"박성연 서울시의원, ""광장동 삼성1차아파트""...소규모 재건축 용적율 300% 한시적 완화적용",http://www.fntoday.co.kr/news/articleView.html?idxno=347553,"여기에 2024년 12월 기준 광진구에는 서울시 소규모재건축용적률완화대상으로 광장동 삼성1차아파트, 유천빌라, 성화연립 등이 있다. 박성연 의원은 서울시 정무부시장 및 지역 주민들과 함께 회의를 열고, 광진구 내 소규모재건축사업 추진 현황을 점검하는 한편, 여러 차례 주민들의 의견을 직접 청취하는...",
재건축 완화,5월부터 재건축 조합설립동의율 75→70％로 완화,https://www.dnews.co.kr/uhtml/view.jsp?idxno=202503181031157290496,지난 1월 31일 개정된 도시 및 주거환경정비법에 따라 5월1일부터재건축의 조합설립동의 요건이완화되는 것이다. 개정안에 따르면 주택단지의 전체 구분소유자의 100분의 70 이상 및 토지면적의 100분의 70 이상의 토지소유자의 동의를 받아 조합설립인가를 받을 수 있다. 재개발이나 소규모 정비사업보다...,
재건축 완화,"신탁방식 재건축 단지들, 조합방식으로 선회 '러시'",https://www.newsway.co.kr/news/view?ud=2025031811450207619,반면 서울시가 재개발·재건축패스트트랙 도입 및 규제완화기조를 보이며 조합방식의재건축추진을 용이하게 만들고 있다. 이에 조합방식의 사업 추진이 활발해지고 신탁방식의 필요성이 상대적으로 감소하고 있다. 특히 신탁방식은 인허가 과정에서 신탁사의 결정권이 조합원들의 의견을 충분히 반영하지...,
재건축 완화,1.7조 잠실우성 재건축 시공사 선정 유찰…삼성물산 최종 불참,https://www.hankyung.com/article/2025030415916,조합이 조건을완화하자 삼성물산이 단지 인근에 래미안 광고를 걸며 수주 의지를 드러내며 GS건설과 삼성물산 2파전이 예상됐다. 특히 2015년 서초무지개재건축(서초그랑자이) 이후 양사가 10년 만에 수주전에서 맞붙게 된다는 점에 주목받았다. 입찰 제안서를 준비하던 삼성물산은 결국 참여하지...,
재건축 완화,"與,""건설업 위기 'DSR 대출 규제' 완화 나선다!""",https://www.gukjenews.com/news/articleView.html?idxno=3221165,"김 의장은 반도체,재건축·재개발, 핀테크, 원격 의료 등 다양한 분야에서 규제를완화해 민간 기업이 창조와 성장의 길을 갈 수 있도록 정치권과 정부가 나서야 한다고 강조했다. 국민의힘은 이러한 규제완화법안과 정책을 적극 추진할 것을 약속하며, 민주당에도 협조를 요청했다. 김 의장은 ""국민의힘은...",
재건축 완화,재건축 안전진단 요청하면 지자체는 30일 이내 실시계획 통보,http://www.housingherald.co.kr/news/articleView.html?idxno=49762,"▲조합설립 동별 동의요건완화…재건축사업성 강화 정비사업 조합설립을 위한 동별 동의요건도완화된다. 도시정비법 개정안에서는 상가 등 구분소유자가 많아질수록 조합설립 동의 확보가 어려워지는 문제를 해결하기 위해,재건축조합설립 요건을 기존 '과반수 동의'에서 '1/3 이상 동의'로완화했다. 해당...",
재건축 완화,아파트 입주절벽 닥쳤는데 … 공급 늘릴 재건축·리츠법은 국회 공회전,https://www.mk.co.kr/article/11264272,재건축·재개발 특례법은 정비사업 초기에 수립하는 기본계획과 정비구역 지정을 동시에 처리하고 조합 설립 후 시업시행인가와 관리처분인가도 함께 진행할 수 있도록 한다. 또 3년간 한시적으로 역세권 용적률을 법정 상한보다 최대 1.3배까지완화할 수 있도록 하는 내용도 담았다. 14일 정비사업 관계자는...,
재건축 완화,재건축도 초고층 경쟁…공급 증가 속 인프라 과제,https://www.viva100.com/article/20250317501345,"구조적으로재건축이 어렵고, 유지보수 비용이 급증하게 된다. 이는 이후 단지의 슬럼화를 야기한다. 이러한 문제 해결을 위해 정부와 지자체의 지원 역할도 중요하다는 지적이 나온다. 초고층 개발이 진행되는 지역에서는 도로 확장과 대중교통 인프라 확충이 필수적이다. 공사비 부담을완화하기 위한 금융...",
재건축 완화,부산 재건축 대어 '동래럭키 아파트' 재건축추진위 출범,http://news.lghellovision.net/news/articleView.html?idxno=499362,동래럭키는 2020년 예비 안전진단에서 한 차례 탈락하고 2023년 초재건축안전진단 기준이완화된 이후 용역을 진행해 E등급을 받아재건축이 가능해졌습니다. 동래럭키는 1983년에 준공돼 18개 동 1536세대로 구성돼 있습니다. 추진위는재건축조합을 설립한 이후 내년 초 시공사를 선정하고 2029년...,
재건축 완화,재건축 사업 속도 더 빨라진다…'억대' 부담금은 변수 [안장원의 부동산 노트],https://www.joongang.co.kr/article/25319653,규제완화로재건축·재개발 활기 여의도·압구정에선 올해 시공사 선정 '패스트트랙' 도입으로 절차 단순화 부담금 폐지법 국회 문턱 못 넘어 서울 양천구 목동 일대 목동신시가지 아파트 14개 단지가재건축본궤도에 오르고 있다. 14단지가 지난 6일재건축밑그림인 정비계획을 확정했다. 3100가구를 허물고...,
재건축 완화,섣부른 규제 완화가 불러온 토허제 확대...도돌이표 대출 조이기까지,http://www.updownnews.co.kr/news/articleView.html?idxno=311809,"경기 둔화 장기화 속에 주택시장의 파급효과를 간과한 채 무리하게 서두른 규제완화가 7배 넘는 규제 강화로 돌아온 셈이다. 19일 서울 송파구 한... 이번 조치로 서울 내 토허구역은 강남·서초구 자연녹지지역(26.69㎢), 주요재건축·재개발 단지(4.58㎢), 모아타운·인근지역 도로(11.89㎢)를 포함해 총 163.96...",
재건축 완화,"신축 아파트 7500만원 오를 때, 재건축 3억 뛰었다",https://www.moneys.co.kr/article/2025030413241060700,"정부가재건축인·허가 지원 등 규제완화를 추진하며 투자 수익에 대한 기대가 커진 반면 신축 아파트는 실수요가 감소하면서 가격이 약세를 보이고 있다. 김효선 NH농협은행 WM사업부 All100자문센터 부동산수석전문위원은 ""재건축에 대한 기대로 투자 자금이 몰리면서 나타나는 현상""이라며 ""가격...",
재건축 완화,"사업성 탄탄·토허제 해제 기대…목동 재건축, 앞다퉈 ‘속도 업’",https://www.dailian.co.kr/news/view/1470533/?sc=Naver,현재 목동신시가지 1~14단지 모두 안전진단을 통과해재건축을 본격 추진 중이다. 정부가 안전진단 규제를완화하면서 대거 수혜를 입은 셈이다. 이 중 10개 단지가 연달아 정비계획안을 공개했다. 양천구는 정비계획안이 공개되지 않은 나머지 4개 단지(1·2·3·11단지)에 대해서도 상반기 주민 공람을 실시할...,
재건축 완화,자신감 삼성 vs 절실한 현대… 강남 최대 재건축 개포주공6·7단지 격돌,http://theviewers.co.kr/View.aspx?No=3568557,"정비업계는 이번 수주전의 승자가 강남권 주요재건축사업에서 우위를 점할 가능성이 크며, 정부의재건축규제완화및 용적률 상향이 시장 활성화에 긍정적인 영향을 미칠 것으로 전망하고 있다. ■ 삼성물산, ‘래미안’ 브랜드와 시공력 앞세운 전략 삼성물산은 강남권 주요재건축사업 수주에...",
재건축 완화,재개발·재건축 신속통합기획 도입 4년…뭐가 문제인가,http://www.housingherald.co.kr/news/articleView.html?idxno=49772,"그러나 신통기획 자문방식은재건축단지에만 적용하고 재개발은 기존의 기획방식으로 유지되면서 반쪽짜리 제도보완이라는 지적이 나왔다. 서울시는... 수천억원 규모의 기반시설을 떠넘기거나 기피시설을 강요하면서도, 이에 따른 임대주택 비율완화등과 같은 당근책에는 인색하다는 것이 추진단체들의...",
재건축 완화,"중곡동 신향빌라, 재건축 사업성 개선",http://www.arunews.com/news/articleView.html?idxno=47967,"시 관계자는 ""이번 결정은 2종7층 규제완화정책이 적용된 첫 번째재건축사례""라면서 ""낡고 노후한 신향빌라의재건축사업이 한층 탄력을 받을 것으로 기대된다""고 밝혔다. 한편 신향빌라는 지하철 7호선 중곡역을 걸어서 이용할 수 있어 대중교통 이용이 편리하다. 학군도 우수한데 용곡초, 중광초...",
재건축 완화,정상영업 목적 재건축상가 동의율 완화 제외,http://www.housingherald.co.kr/news/articleView.html?idxno=49763,"상위법인 도시정비법 개정 내용이 규제완화에 방점을 찍었지만, 시행령에서는 해당 규제들의 부작용을 최소화하기 위해 자율에 맡기는 것보다 세부... 상가 동의율완화는 모든 상가에 대해 일괄적으로 적용하는 대안도 제시됐지만, 주택 분양 목적이 아닌 선의의 피해자를 구제하기 위해 실제 지분쪼개기가...",
양도세 완화,"증권가, 해외주식 양도세 관련 서비스 확대",https://www.viva100.com/article/20250324501243,최근 NH투자증권과 키움증권은 해외주식양도세관련 서비스를 강화하며 투자자들의 세금 부담완화와 신고 편의성 증진에 나섰다. NH투자증권은 24일 업계 최초로 ‘해외주식양도세절세전략 고객선택권’ 서비스를 출시했다. 이 서비스는 해외주식양도세산정방식을 고객이 직접 선택할 수 있도록 하는...,
양도세 완화,공익사업으로 수용되는 토지 양도세 감면 효과는?,https://www.dnews.co.kr/uhtml/view.jsp?idxno=202503271025408770873,"업계 관계자는 “일각에서는 토지를 비자발적으로 내놓게 되는 토지주 등에양도세를 전액 감면, 신속한 사업추진에 힘을 보태야 한다는 의견이 많았다”며 “세제헤텍이 다소 강화되면서 정부와 지자체가 추진하는 공공택지개발사업이나 국가산단조성사업과 관련한 보상절차 등의 어려움이 한층완화될 수...",
양도세 완화,與 “지방 주택 사면 다주택 중과세 폐지… 부동산 양극화 완화”,https://www.seoul.co.kr/news/politics/2025/03/19/20250319006002?wlog_tag3=naver,문재인 정부 때 시작된 다주택자양도세중과 정책을 정면으로 뒤집겠다는 것이다. 최근 국민의힘은 잇달아 지역 건설 경기 부양책을 강조하고 있다. 앞서 김상훈 정책위의장은 지난 11일 비수도권 미분양 사태 해결을 위한 총부채원리금상환비율(DSR) 대출 규제완화를 언급했다. 이를 두고는 지역 민심 잡기용...,
양도세 완화,"""양도세·취득세 등 다주택자 중과세 폐지, 지방미분양 해소 도움될 것""",http://news.mt.co.kr/mtview.php?no=2025031813555790701,"함영진 우리은행 부동산리서치 랩장은 ""구체적인 내용이 나오지 않아 효과를 제대로 예측할 순 없다""면서도 ""기타 지방과 지방 광역시에양도세와 종부세 등 과세 전체를완화한다면, 주택 구매 수요 유입으로 지방 미분양 해소에 도움이 될 것""이라고 말했다. 김인만 김인만부동산경제연구소장은 ""지방...",
양도세 완화,"與, 지방 집에는 다주택 중과 폐지…""양도세·종부세·취득세 모두 적용""",http://news.mt.co.kr/mtview.php?no=2025031811171853244,"양극화를완화할 수 있을 것""이라고 밝혔다. 국민의힘은 해당 세제혜택을 양도소득세와 종부세, 취득세 등에 적용할 계획이다. 당초 정부는 종부세와 취득세에 대해서 지방 주택 추가 매수시 세제혜택을 주는 방안을 마련했는데양도세에 대해서도 확대 적용하기로 한 것이다. 또 해당 세제혜택은 서울과 수도권을...",
양도세 완화,"지방 미분양, 빌라는 초토화…""양도세 감면 등 특단 稅혜택 필요""",https://www.hankyung.com/article/2025031951481,"그러나 업계에서는 실질적인 공급 확대 대책과 함께 세제 혜택 제공, 대출 금리완화등이 시급하다는 지적이 나온다. 19일 국토교통부와 서울시는... 기업구조조정 리츠(CR리츠)는 사업성을 확보할 수 있도록 취득세 중과 배제, 종합부동산세 합산 배제와 함께 자금조달 부담완화를 위한 주택도시보증공사...",
양도세 완화,‘똘똘한 한채’ 시대 끝날까…與 종부세 완화 추진 핵심은 ‘다주택 차별 해소’,https://www.mk.co.kr/article/11260353,우병탁 신한은행 프리미어 패스파인더 전문위원은 “3주택자 이상부터 적용되는 종부세 중과 폐지가 시장에 큰 영향을 미칠 것으로는 전망되지 않는다”며 “취득세와양도세에 대한완화정책이 같이 나와야 효과를 거둘 수 있을 것”이라고 말했다.,
양도세 완화,"임광현 “배우자 상속세 완화, 합리적이지만 충분한 여론수렴 필요”",https://biz.heraldcorp.com/article/10444323?ref=naver,"상속공제완화는 합리적인 제도지만, 결코 졸속으로 추진할 사안이 아니다”라고 강조했다. 임 의원은 이날 오후 국회 소통관에서 기자회견을 열고... 만약 배우자가 상속받은 자산을양도세없이 차익을 실현했을 때 그 자산 차익에 대한 과세 기회를 잃어버릴 수 있다”라고 지적했다. 또 “일단 배우자에게...",
양도세 완화,[주택정책 원점부터 다시 짜자]<해법1>다주택자 규제 완화로 유동성ㆍ수요 분산해야,https://www.dnews.co.kr/uhtml/view.jsp?idxno=202503250947047440447,지방수요 창출을 위해 취득세 중과세율을 12%에서 2주택 기준 1~3% 수준으로완화하고 3주택도 절반(6%)으로 줄여야 한다는 지적이다.양도세또한 중과세율을 폐지하고 기본세율을 적용해야 한다는 설명이다. 종합부동산세제 측면에서도 3주택 이상 중과세율은 일반세율 수준으로 낮춰야 한다는 지적이다....,
양도세 완화,與 지방에 추가 주택 구입시 중과세 폐지 추진…“부동산 양극화 완화 기대”,https://www.kwnews.co.kr/page/view/2025031818430847731,"그는 ""종부세율 인상,양도세·취득세 중과, 공시가 인상 등 다주택자에 대한 문재인 정권의 무차별적인 조세 폭격은 부동산 탈레반이라고 불릴 만큼... 그러면서 ""이를 통해 현재 똘똘한 한 채로 몰리는 수요를 지방으로 돌리고 수도권과 지방의 부동산 양극화를완화할 수 있을 것""이라며 ""부동산 시장 정상화를...",
양도세 완화,"與, 정부에 ""비수도권 DSR 완화·세제 개편"" 촉구",https://www.sedaily.com/NewsView/2GQ7DVYE17,앞서 여당은 지난달에도 비수도권 미분양 문제 해소를 위해 DSR 대출 규제를 한시적으로완화하는 방안을 정부에 요청했다. 하지만 김병환 금융위원장은 “실효성 측면에서 과연 지방 미분양 아파트를 DSR 규제 때문에 못 사고 있느냐”며 반대했다. 정부는 취득세·양도세감면 등 세제 혜택에도 부정적인...,
양도세 완화,공익사업 토지 양도세 완화…공전협 5년 투쟁 성과,http://www.wowtv.co.kr/NewsCenter/News/Read?articleId=A202503040359&t=NN,3기 신도시를 비롯해 전국의 공공주택지구 원주민들로 구성된 공전협은 3기 신도시 정책이 추진된 이후 줄곧양도세 완화를 지속적으로 요구해왔다. 집값 안정이라는 공익적 이유로 개발이 추진되며 수십년간 거주했던 지역을 떠나야 하는 상황에서 양도세까지 부담해야 하는 것은 불합리하다는 주장이다.,
양도세 완화,"서울시, 오피스텔 발코니 창호 설치 허용...규제 완화 지속",https://www.rcast.co.kr/news/articleView.html?idxno=27336,"물론 지난해 규제완화이후, 추가 규제완화가 이뤄지긴 했지만 투자 목적의 수요가 많은 오피스텔 시장의 특성상 투자자들이 더 유입되기 위해서는 세금 문제를 해결해 줘야 한다고 주장한다. 업계 관계자는 ""오피스텔을 팔 때 중과세로 인해양도세부담이 커진다. 또한 개인 이외에도 법인 취득세 감면 등...",
양도세 완화,"공익사업 토지 양도세 완화...강준현 대표발의, 조특법 개정안 본회의 통과",https://www.ajunews.com/view/20250228124841805,"토지 소유자가 공익사업을 위해 토지를 매각할 경우, 한 해동안 받는양도세감면 한도가 기존 1억원에서 2억원으로 늘어났다. 5년 동안 받을 수 있는 한도도 2억원에서 3억원으로 증가했다. 장기적으로 공익사업 대상 토지를 매각하는 경우에 세제 혜택이 더 커진다는 게 강 의원실의 설명이다. 강준현...",
양도세 완화,“무주택자 미분양 소화 힘든데 취득세·양도세 세제 완화 빠져” [지방 미분양 대책],https://biz.heraldcorp.com/article/10423607?ref=naver,"앞서 정부는 글로벌 금융위기로 전국 미분양 아파트가 쌓이자 2009년양도세감면, 취득·등록세 50% 감면 등 세제완화대책을 시행한 바 있는데 이번 대책에선 포함되지 않았다. 윤지해 부동산R114 수석연구원은 “현재 (지방 상황은) 세제 혜택만으로도 주택매수 주체가 움직일 거라고 확신할 수 없는 상황인데...",
양도세 완화,"건설업계 ""양도세 감면·DSR 완화 빠져…파격 대책 필요""",https://www.hankyung.com/article/2025021964501,또 해당 주택을 5년 이내 매각하면양도세를 100% 감면해 달라고 했다. 하지만 정부가 이날 발표한 대책에는 이런 방안이 담기지 않았다. 오는 7월 도입되는 대출 규제인 ‘스트레스 총부채원리금상환비율(DSR) 3단계’완화요구도 빠지자 건설업계는 아쉬움을 숨기지 않았다. 건설업계 관계자들은 “빠르게...,
양도세 완화,"악성 미분양 '11년 만에 최대'…""DSR 완화보단 양도세 감면 필요""",https://www.news1.kr/realestate/general/5679791,"전문가들은양도세전액 면제 등의 강력한 대책이 아닌 이상 지방 미분양 문제 해결이 쉽지 않을 것으로 전망했다. 다주택자에 대한양도세중과가... 이 자리에서 김상훈 국민의힘 정책위의장은 ""비수도권 준공 미분양 사태에 대해 DSR(총부채원리금상환비율) 대출 규제의 한시적완화를 금융위원회와...",
양도세 완화,대주주 양도세 완화 효과 연말 매도 폭탄 사라졌다,https://www.mk.co.kr/article/11204143,작년 요건 10억→50억 늘리자 대주주 지정날 주식처분 줄어 5거래일 전까진 매수 더 많아 매년 연말양도세회피 기한마다 쏟아졌던 개인투자자의 매물... 올해는 정부가 지난해 말 대주주 판단 요건을 종목별 10억원에서 50억원으로 올린 데다 증시까지 부진하며 '큰손'들의양도세회피 물량이 줄어든...,
양도세 완화,"""지방 악성 미분양 여전, 양도세 면제 등 필요"" [설 이후 부동산]",https://www.news1.kr/realestate/general/5673462,미분양 물량 해소를 위해 세제완화와양도세면제 등의 지원책이 필요한 상황이다. 관련 업계에선 지방 대출규제 개선을 꼽고 있다. 건설업계는 미분양이 심각한 수도권 외 지역부터 상향된 2단계 총부채원리금상황비율(DSR) 적용을 단계적으로완화해달라고 요청했다. 당국이 은행권에 당부한 가계대출...,
양도세 완화,미분양주택 12년래 최대…지방 미분양 세부담 완화 확대되나,http://www.edaily.co.kr/news/newspath.asp?newsid=01784326642071176,이어 “악성 미분양 주택뿐 아니라 일반 미분양 주택에 대해서도 세금부담을완화하고 과거처럼양도세5년 감면이 필요하다”며 “수요 측면에선 DSR 대신 총부채상환비율(DTI)만 적용하는 것이 낫다”고 덧붙였다. 분양가 낮추는 등 건설사 자구책도 필요 2008년 이후 미분양 주택 해소 대책에선...,
양도세 완화,中 부동산 살리기 총력전…내달부터 취득세·양도세 대폭 완화,https://www.mk.co.kr/article/11172116,"베이징市, 세제 개편안 발표 2년 이상 보유땐양도세면제 140㎡ 이하는 취득세 1%로 중국 정부가 침체에 빠진 부동산 시장을 살리기 위해 주택 거래 때 붙는 세금을 대폭완화하기로 했다. 19일 중국 관영 신화통신은 베이징시가 전날 ‘일반주택 기준 폐지에 관한 사항 통지’를 발표하고 내달 1일부터 부동산...",
양도세 완화,[2025 경제정책방향] 올해 공공분양 10만가구...다주택자 양도세 중과 유예 연장,https://www.ajunews.com/view/20250102123102724,"조정 대상 지역에서 주택을 양도하는 다주택자에 해당하는 것으로,양도세부담을완화해 주택 거래를 촉진하려는 조치다. 비수도권 저가 주택 세제 혜택도 강화한다. 종합부동산세(종부세) 1가구 1주택자 특례를 적용할 주택 범위를 확대하는 것이 핵심이다. 현재 1주택 세대가 비수도권(광역시...",
양도세 완화,“미분양 주택 세제 완화·공사비 현실화”…건설경기 부양 남은 카드는?,https://www.etoday.co.kr/news/view/2445733,전문가는 미분양 해결을 위해 취득세와양도세 완화등 대규모 세제 완화안이 나와야 한다고 지적했다. 최황수 건국대 부동산대학원 겸임교수는 “2009년 미분양 주택 문제 해결을 위해 미분양 주택 매수 때 취득세 인하 등 파격적인 조치가 나왔다”며 “당시 세제 완화 조치 이후에도 미분양 문제가 단시간...,
양도세 완화,비수도권 미분양 DSR 한시완화 추진,https://www.sedaily.com/NewsView/2GOU8XC1LE,투자 수요를 끌어올리기 위해서는 취득세·양도세 완화등의 조치가 뒤따라야 한다”고 밝혔다. 서진형 광운대 부동산법무학과 교수는 “지방은 DSR이 적용되지 않은 정책대출을 활용해 집을 구매하는 수요가 많아 미분양 해소에 큰 도움이 되지 못할 것”이라며 “세제 혜택 등 추가적인 대책이 필요하나...,
양도세 완화,"강준현 의원, '공익사업용 토지 양도세 완화' 조특법 개정안 재발의",https://www.taxtimes.co.kr/news/article.html?no=266596,공익사업용 토지양도세를완화하는 내용의 조특법 개정안이 재발의됐다. 강준현 의원(더불어민주당)은 지난달 26일 공익사업용으로 토지 등을 양도한 후 발생한 소득에 매기는 양도소득세를완화하는 내용의 조세특례제한법 개정안을 임기만료로 폐기된 21대 국회에 이어 22대 국회에서 다시...,
양도세 완화,“바람 잘 날이 없네”…‘비수도권 DSR 한시 완화’ 미분양 해소에 도움?,https://www.mk.co.kr/article/11232827,與 비수도권 건설경기 회복 차원 DSR 적용 한시완화정부에 요구 ”양도세면제 등 과감한 정책이 더욱 시급“ 국민의힘이 비수도권 미분양 주택 구입을 위한 대출에서 총부채원리금상환비율(DSR) 적용을 한시적으로완화하는 방안을 정부에 요구했지만 업계의 반응은 냉담하다. 무조건적인 규제완화보다는...,
양도세 완화,"안춘엽 한일종합중기 대표, 건설기계협회장 연임",http://mcnews.co.kr/83798,"안 회장은 취임사를 통해 “제10대 회장 임기 중 건설기계매매에 따른양도세 완화, 협회의 완전한 재정적 안정, 연식·연령제한 완화, 협회 시도회 예산지원 확대 등을 추진하는 소기의 성과를 얻었다”며, ”앞으로도 건설기계 월 가동시간 완화, 검사주기 연장, 협회의 검사기관 집행부 참여...",
양도세 완화,당정 'DSR 완화' 주문…금융위 신중한 이유는,https://www.kbanker.co.kr/news/articleView.html?idxno=218430,"이어 ""탄핵 정국이라 내수진작이 위축돼 있어 DSR 규제완화와 함께 취득세·양도세감면 조치까지 이뤄진다면 일부 효과가 있을 수 있다""며 ""다만 여소야대 정국에서 합의가 쉽지는 않을 것""이라고 설명했다. 한편 오는 7월부터 '스트레스 DSR 3단계'가 시행되면 대출 문턱이 더욱 높아질 전망이다. 한 금융권...",
양도세 완화,"100억 한 채는 괜찮고...""너무 억울하다"" 40년간 변하지 않은 이것 [부동산 아토즈]",http://www.fnnews.com/news/202503281432139879,"취득세·종부세는 물론양도세가 중과세 되는 것이 대표적인 예이다. 2주택 이상을 다주택자로 보는 기준은 벌써 40여년째 이어져 오고 있다. ""세금 더... 갈수록 커지는 양극화 해소를 위해서는 다주택자 규제완화가 필요하다는 것이 전문가들의 지적이다. 벌써 40년...'다주택자=2주택 이상' 다주택자 중과세...",
양도세 완화,"구리시, 경기도에 ""공익 수용 토지 양도세 전액 면제 바람직""",https://www.newsis.com/view/NISX20241112_0002955980,구리시 관계자는 “공익사업에 한해 양도소득세를 전액 면제하는 방안과 함께 공익사업용 토지양도세를완화하는 내용의 조세특례제한법 제77조 개정안이 국회를 통과할 수 있도록 다른 시·군에도 협조를 요청했다”며 “시민들의 재산권을 보호할 수 있는 공정하고 합당한 보상 체계가 마련되기를...,
양도세 완화,3년째 유예만 했는데…소식없는 다주택자 양도세 중과 완화,https://www.sedaily.com/NewsView/2DCUHSU880,31일 기획재정부 관계자는 서울경제신문과의 통화에서 “3년째 ‘한시 유예’인양도세중과는 현재 시행령을 통해 적용 시점을 미뤄둔 상태”라며... 재산 보유·거래에 대한 규제완화가 자칫 투자 심리를 자극할 수 있다는 논리다. 국회 기획재정위원회 관계자는 “여야 양쪽에서 부동산 세제를완화하자는...,
양도세 완화,미분양주택 해소·임대주택공급 활성화 위한 '양도세 감면' 추진,http://www.joseilbo.com/news/news_read.php?uid=527884&class=7&grp=,"이번 법안에는 장기 임대주택 공급을 확대하고, 비수도권 미분양 주택 문제를완화하기 위한양도세감면 내용이 담겼다. 개정안에 따르면, 20년 장기민간임대주택을 건설해 임대하려는 자에게 거주자가 해당 임대주택 부지로 사용될 토지를 양도하는 경우, 매도자의양도세가 감면된다. 이는 임대주택을...",
양도세 완화,“공급까지 시간 걸려 단기 효과 없어” “다주택자 양도세 완화 빠져서 한계”,https://www.seoul.co.kr/news/economy/estate/2024/08/09/20240809003002?wlog_tag3=naver,대표는 “비아파트는 규제를완화한다고 해도 실수요를 끌어들이기 힘들다”고 했다. 다주택자에 대한 양도소득세완화가 필요하다는 주장도 나온다. 서 교수는 “신규 공급에는 한계가 있기 때문에 매물이 나오도록 다주택자양도세감면 조치 등을 해야 하는데 이번 대책에 빠졌다”고 지적했다.,
양도세 완화,"""건설기계 업계 발전 위해 모든 힘 쏟을 것"" 대한건설기계협회 안춘엽 회장 연임",http://www.domin.co.kr/news/articleView.html?idxno=1507831,"안 회장은 취임사를 통해 ""제10대 회장 임기 중 건설기계매매에 따른양도세 완화, 협회의 완전한 재정적 안정, 연식·연령제한 완화, 시도회 예산지원 확대 등 미력하나마 최선을 다한 결과 소기의 성과를 얻었다""며, ""앞으로도 건설기계 월 가동시간 완화, 검사주기 연장, 협회의 검사기관 집행부 참여...",
양도세 완화,[열린송현] 유연한 주택 대출 규제 필요하다,https://www.sedaily.com/NewsView/2GQDB56C6Z,이외에도 정책발표 후 실행되지 못하고 있던 취득세율 인하와 지방 미분양주택의양도세 완화등이 함께 진행되면 현재의 위기상황을 타개하는 데 도움이 될 수 있을 것으로 보인다. 우리는 지난 수십 년간의 경험을 통해 주택시장에서 발생한 수요와 공급의 불일치는 다음 시기까지 부정적 영향을 미친다는...,
양도세 완화,[따져보니] 지방 부동산 침체…해결 방법은?,https://news.tvchosun.com/site/data/html_dir/2025/03/18/2025031890271.html,"네 현행법상 부동산을 취득할 때 조정지역 2주택 이상이면 취득세가 대폭 늘어나고 한시적으로완화되어 있긴 하지만양도세부담도 커지는데요. 국민의힘은 오늘 주택보유자가 지방에 추가로 주택을 산다고 하면 이 다주택자 중과세를 폐지하자고 했습니다. 함영진 / 우리은행 부동산리서치랩장 ""어느 선까지...",
양도세 완화,"""지방 미분양 해소 위해 양도세 면제하고 청약 제도 개선해야""",https://www.hankyung.com/article/2024090476961,"한 대형 건설사 분양담당자는 “정부는 여전히 부동산 시장이 과열이라고만 생각하는데, 수도권과 지방의 사정이 다르다는 점을 인정해야 한다”며 “양도세 완화등은 시장 침체 상황에서 추가 재정 투입 없이 시장 심리를 회복시킬 수 있는 방안”이라고 했다. 이날 간담회에선 청약 제도 개선 요구도 나왔다....",
양도세 완화,양도세 감면 등 다주택자 규제 완화...'더샵 신부 센트라' 주목,http://news.heraldcorp.com/view.php?ud=20240507050581,"하지만 윤석열 정부 출범 이후 다주택자양도세중과완화조치가 발표되면서 조정지역 내의 집을 팔아도 기본세율만 부과되고 있다. 앞서 윤대통령은 국민과 함께하는 민생 토론회 마무리 발언에서 ""'(재산이) 있는 사람들한테 더 세금을 뜯어내야지' 이렇게 생각하기 쉬운데 그게 사실은 중산층과 서민을...",
양도세 완화,포항 최초 조식서비스 '하이엔드 아파트'… 힐스테이트 더샵 상생공원 1단지 4월 1일 1순위 접수,https://www.idaegu.com/news/articleView.html?idxno=632824,"포항지역 한 분양전문가는 ""여당이 최근 다주택자 중과세 폐지를 추진하겠다고 밝힌 데 이어 대출 규제와양도세 완화에 대한 필요성도 함께 제기되고 기대가 커지면서 좋은 위치, 합리적인 분양가에 나오는 지방 분양시장에도 긍정적인 에너지가 올라오고 있다""라고 밝혔다. 더구나 포항 도심에서...",
양도세 완화,"'DSR 완화·양도세 5년 면제'…대구시, 미분양 해소 팔 걷다",https://www.idaegu.co.kr/news/articleView.html?idxno=465789,"대구광역시는 미분양 주택 문제를 해소하기 위해 DSR완화, 양도소득세 5년 면제 등 중앙과 차별화된 특단의 대책을 마련하기로 했다. 기존 공급물량 제한... 주요 정책 요구 사항으로는 △지방 미분양 주택 매입시 취득세 및 양도소득세 감면 등 세제완화△DSR완화및 주택담보대출 정책금리 지원 등 금융지원...",
양도세 완화,서울은 누르고 지방은 띄우고…혼돈의 부동산 시장[부릿지],http://news.mt.co.kr/mtview.php?no=2025032716355378557,"금융당국이 얼마 전까지만 해도 금리인하를 주문하고 대출 규제를 일부완화하는 모습이 보였는데 사실상 다시 대출을 죄면서 혼란이 커지고 있습니다.... 취득세와양도세감면이 포함되지 않아 아쉽다는 말이 나왔는데, 이번 정책은 그 점을 파고듭니다. 주택 매매에 들어갈 비용들을 줄여주는 것이라 전문가들...",
양도세 완화,'세컨드홈' 종부세 9억→12억 적용…양도세도 완화,https://www.news1.kr/articles/5384231,종부세·양도세의 경우 오는 9월 종부세 과세특례 신청 기한 이전 법 개정을 목표로 조세특례제한법 개정안을 이달 중 발의할 예정이다. 재산세는 오는... 관광단지 필수 시설은 기존 3종류 이상 구비에서 공공편익과 관광숙박시설 등 2종류 이상 구비로완화한다. 사업 후보지 역시 자자체 전수 조사 수요에...,
양도세 완화,"강준현 의원, 공익사업용 토지 양도에 대한 양도세 완화 2법 발의",http://www.chungnamilbo.co.kr/news/articleView.html?idxno=753273,국회 기획재정위원회 소속 더불어민주당 강준현 의원(세종을)이 19일 공익사업용으로 토지 등을 양도한 데서 발생한 소득에 대한양도세규정을완화하는 조세특례제한법과 소득세법 등 2법을 대표발의했다. 조세특례제한법 개정안은 현행법상 공익사업용 토지 등에 대한양도세감면 비율을 현행보다 10%씩 더...,
양도세 완화,"강준현 의원, 공익사업용 토지 양도세 완화 2법 발의",http://www.ccnnews.co.kr/news/articleView.html?idxno=322822,"국회 기획재정위원회 소속 강준현 의원(더불어민주당, 세종을)이 19일(금) 공익사업용으로 토지 등을 양도한 데서 발생한 소득에 대한양도세규정을완화하는 '조세특례제한법'과 '소득세법' 2법을 대표로 발의했다. 국회 기획재정위원회 소속 강준현 의원(더불어민주당, 세종을) 조세특례제한법 개정안은...",
양도세 완화,"강준현 의원 , 공익사업용 토지 양도세 완화 2 법 발의",http://www.breaknews.com/1010926,"국회 기획재정위원회 소속 강준현 의원 ( 더불어민주당 , 세종을 ) 이 19 일 공익사업용으로 토지 등을 양도한 데서 발생한 소득에 대한양도세규정을완화하는 ‘ 조세특례제한법 ’ 과 ‘ 소득세법 ’ 2 법을 대표발의했다고 밝혔다....",
양도세 완화,"강준현 의원, 공익사업용 토지 양도에 대한 양도세 완화 2법 발의",http://www.newsworker.co.kr/news/articleView.html?idxno=315938,"국회 기획재정위원회 소속 강준현 의원(더불어민주당, 세종을)이 19일(금) 공익사업용으로 토지 등을 양도한 데서 발생한 소득에 대한양도세규정을완화하는 '조세특례제한법'과 '소득세법' 2법을 대표발의했다. 조세특례제한법 개정안은 현행법상 공익사업용 토지 등에 대한양도세감면 비율을 현행보다 10%씩...",
양도세 완화,양도세 완화 후 대기자금 1년6개월만 ‘최대’…개미 이차전지 몰렸다,https://www.etoday.co.kr/news/view/2317880,증권가에선 정부가양도세 완화에 이어 금투세 폐지도 추진하면서 대기성 자금이 더 늘어날 가능성도 제기된다. 일각에선 증시에 미칠 영향에 대해 긍정적일 거란 분석이 나온다. 다만 도입에 시간이 걸리는 만큼 시차가 발생할 거란 예측도 나온다. 허재환 유진투자증권 애널리스트는 “세금을 깎아...,
양도세 완화,[코리아 디스카운트 해소-②] 주식 양도세 완화 효과 있었나,https://www.news2day.co.kr/article/20240104500003,"정부, 코리아 디스카운트 해소 차원의 주식양도세 완화이행 정책 효과 선반영돼 크지 않지만, 개인 이차전지에 수급 몰려 연말 대주주 물량 회피로 하락했다면, 요건 완화로 상승 마감 갑진년(甲辰年) 첫 거래일을 맞아 국내 증시도 첫걸음을 뗐다. 코스피지수는 2,700선을 육박해 시작은 좋았다. 많은...",
양도세 완화,대주주 양도세 완화 효과 '이차전지'로 쏠렸다…개미 집중매수,https://www.yna.co.kr/view/AKR20231229141900002?input=1195m,"정부의양도세 완화로 연말 세금 회피성 물량에 대한 우려가 사라지자 개인 투자자 비중이 높은 이차전지 중심으로 매수세가 몰린 것으로 보인다. 김지산 키움증권 리서치센터장은 ""통상 연말에는 양도세를 회피하려는 물량이 집중돼 일시적으로 매도세가 확대되고는 했는데, 작년에는양도세 완화로 수급...",
양도세 완화,에코프로 등 2차전지주 대주주 양도세 완화 수혜 톡톡,https://biz.sbs.co.kr/article_hub/20000150919?division=NAVER,"증권가는 정부의양도세 완화로 연말 세금 회피성 물량에 대한 우려가 사라지면서, 개인 투자자 비중이 높은 2차전지주 중심으로 매수세가 몰린 것으로 보고 있습니다. 앞서 정부는 지난해 21일 양도세를 부과하는 대주주 기준을 기존 10억 원 이상에서 50억 원 이상으로 완화하겠다고 발표했습니다. 이는...",
양도세 완화,복수의결권·성과조건부주식 실효성 확보…요건 완화·세제 혜택 필요 [복수의결권 300일],https://www.etoday.co.kr/news/view/2398562,"업계는 내년부터 적용될 과세이연뿐 아니라양도세부과 자체를완화하는 방안도 기대하고 있다. 과세이연 특례가 소급적용이 되지 않는 점도 문제다. 콜로세움코퍼레이션은 복수의결권주식 발행 1호 기업으로 축하를 받았지만, 오히려 발 빠르게 움직여 손해를 보게 됐다. 박진수 콜로세움코퍼레이션...",
양도세 완화,포항최초 조식서비스 하이엔드아파트 '힐스테이트 더샵 상생공원 1단지' 4월 1일 1순위 접수,https://www.startuptoday.co.kr/news/articleView.html?idxno=423843,"지역의 한 분양전문가는, ""여당이 최근 다주택자 중과세 폐지를 추진하겠다고 밝힌 데 이어 대출 규제와양도세 완화에 대한 필요성도 함께 제기되고 기대가 커지면서 좋은 위치, 합리적인 분양가에 나오는 지방 분양시장에도 긍정적인 에너지가 올라오고 있다""라고 밝혔다. 더구나, 포항시 내에서도...",
양도세 완화,[이기자의 친절한 금융] 대주주 양도세 기준 완화… 갑진년 달라지는 증시제도,http://moneys.mt.co.kr/news/mwView.php?no=2023122718532661833,"50억원 이상을 보유한 사람은 4000명으로 정부 예고대로 대주주 기준이완화되면양도세과세 인원은 70% 감소할 전망이다. 대주주 기준을 보유 금액 10억원에서 50억원으로 올리면 대주주는 1만3368명에서 4161명으로 9207명(68.9%) 줄어든다. '깜깜이 배당' 해결, 배당기준일 주주총회 이전→이후 변경 내년에는...",
양도세 완화,"60대 자산가 ""대주주 양도세 기준 50억으로 완화됐다는데"" [세무 재테크 Q&A]",http://www.fnnews.com/news/202401281820241296,일단 대주주 양도소득세 과세대상 기준이완화된 게 크다. 지난해 말 기준 주식 보유액이 50억원 미만이라면 올해부턴 양도차익에 대한 세금을 내지... KB증권에 따르면 주식양도세과세시 대주주를 판단하는 주식 시가총액 기준을 기존 10억원에서 50억원으로 높이는 내용의 소득세법 시행령이 이달 1일부터...,
양도세 완화,공매도 금지·양도세 완화·금투세 폐지…총선 앞두고 '개인 투자자 표심' 잡기,https://www.hankyung.com/article/2024010274531,"법제처 심사, 국무회의 의결, 공포·시행 등 절차를 단 6일 만에 마무리지었다. 윤 대통령이 공매도 금지와양도세 완화에 이어 이번엔 금투세 폐지와 상법 개정을 약속하자 개미들은 환호했다. 반면 자본시장 정책이 면밀한 분석과 논의 없이 지나치게 인기영합주의로 흘러가는 데 대한 우려도 나온다.",
양도세 완화,"세수펑크 58조인데…주식 양도세 완화, 또다시 '부자감세'",http://www.newstomato.com/ReadNews.aspx?no=1213806&inflow=N,주식양도세과세완화'국무회의 통과' 해당 개정안은 오는 28일 공포 예정으로 올해 말 기준 종목당 주식보유액이 50억원 미만이면 내년도 주식 양도분부터 과세하지 않습니다. 현재 상장주식은 직전 사업연도 종료일 현재 종목당 일정 지분율(코스피 1%·코스닥 2%·코넥스 4%) 또는 종목당 10억원 이상을...,
양도세 완화,[2024 바뀔 증시제도] 대주주 양도세 완화·조각투자 장내거래,https://news.einfomax.co.kr/news/articleView.html?idxno=4292606,"50억원 이상을 보유한 사람은 4천명으로, 정부 예고대로 대주주 기준이완화되면양도세과세 인원은 70% 감소할 전망이다. 대주주 기준을 보유 금액 10억원에서 50억원으로 올리면, 대주주는 1만3천368명에서 4천161명으로 9천207명(68.9%) 줄어든다. 이는 종목별 주식 보유액을 집계한 것으로 동일인이 2개 종목...",
양도세 완화,"[현장에서] 양도세 완화, 정부는 왜 엇박자로 시장에 혼란을 주나",https://www.ajunews.com/view/20231226143435298,"양도세 완화신호탄은 국민의힘 원내대표를 지낸 권성동 의원이 쏘아 올렸다. 그는 지난 7일 자신의 SNS에 주식양도세 기준 완화는 ""부자감세가 아니라 민생수호""라며 ""투자자의 불안감을 해소하고 장기투자의 비전을 꿈꿀 수 있도록 제도를 개선해야 합니다""라고 주장했다. 권 의원은 윤핵관(윤석열 대통령...",
양도세 완화,"민주당 ""주식양도세 기준 완화, 극소수에만 혜택""",http://www.edaily.co.kr/news/newspath.asp?newsid=01843366635842456,이 정책위의장은 “주식양도세 완화는 사실상 윤석열 대통령의 직접적 요구에서 추진됐다는 사실이 언론을 통해 밝혀졌다”면서 “이번 과세대상에서 제외되는 9000여명의 거액 자산가를 위해 20여년간 진행되어 왔던 과세 정상화 및 형평성 제고 노력이 일거에 깨지게 된 것”이라고 말했다. 민주당 내...,
양도세 완화,금리 인하 예고에 주식 양도세 완화…기대감 속 ‘빚투’ 증가?,https://www.dailian.co.kr/news/view/1310372/?sc=Naver,연준의 피벗(Pivot·통화정책 전환)으로 증시에 훈풍이 불 것이라는 기대감이 작용하고 있는 상황으로 국내에서도 앞서 지난달 공매도 전면 금지 조치에 이어 이달에는 주식양도세기준완화가 발표되는 등 투자 심리 개선에 기여하고 있다. 기획재정부는 지난 21일 상장주식양도세과세 대주주 기준을...,
양도세 완화,주식 양도세 완화에 투자자 ‘환호’…남겨진 불씨 셋[최훈길의뒷담화],http://www.edaily.co.kr/news/newspath.asp?newsid=01226726635842456,"오늘은 ‘주식양도세 완화’ 키워드로 뒷담화를 준비했습니다. 내년도 주식 양도소득세 부과 여부, 수준을 결정하는 주식 보유 기준일이 오늘(26일)입니다. 그동안 대주주들이 갖고 있는 주식을 연말에 팔아버리기 때문에 매도 물량이 쏟아져 주가 충격이 컸습니다. 그런데 이번에는 주식 양도세가...",
양도세 완화,尹 정부 느닷없는 양도세 기준 완화로 9천명 주식부자 감세 혜택,https://www.pressian.com/pages/articles/2023122511083311824?utm_source=naver&utm_medium=search,전날 정부가 대주주양도세기준완화방안이 담긴 소득세법 시행령 개정안을 느닷없이 입법예고하면서 당초양도세기준 유지 입장을 갑자기 틀었기 때문이다. 이에 기재위 소속 민주당 의원들은 시행령 개정안이 입법예고된 지난 21일 기자회견을 열어 이번 시행령 개정은 기존 여야 합의를 무시한...,
양도세 완화,대주주 양도세 기준 완화에 경제부총리 교체 꼬였다,https://www.joongang.co.kr/article/25217233,인사 보고서 채택의 걸림돌로 떠오른 ‘대주주양도세기준완화’는 윤석열 대통령의 후보자 시절 공약이었다. 하지만 여야는 지난해 5000만원이 넘는 투자소득에 무조건 과세하는 금융투자소득세 시행 시기를 2년 연기하는 조건으로 기준을 그대로 유지하기로 합의했다. 기준을 바꾸려면 금투세 시행 시기를...,
양도세 완화,양도세 기준 완화로 양도세 대상 급감…‘50억원’으로 상향시 70%↓,https://www.busan.com/view/busan/view.php?code=2023122407342586751,"대주주양도세기준완화는 윤 대통령의 후보자 시절 공약이었지만, 아직까지 시행되지 못했다. 이런 가운데 최 후보자가 그동안의 여야 합의를 무시하고, 지난 19일 국회 인사청문회에서 사실상 대주주양도세기준완화방침을 공식화했고, 기재부는 이틀 뒤 예고 없이 시행령 개정을 밀어붙였다....",
양도세 완화,[주간증시전망]연말 증시 상승 탄력 제한적…양도세 완화로 변동성 줄어,https://view.asiae.co.kr/article/2023122415504372132,"대주주양도세기준완화로 예년보다 연말 변동성은 다소완화될 것으로 전망된다. 김영환 NH투자증권 연구원은 ""일반적으로 한 해의 마지막 주는 주식시장의 변동성이 커지는 시기이나 올해 마지막 주의 변동성은 과거 대비 감소할 가능성이 있다""면서 ""배당절차 개선(일부 기업들의 배당기산일 변경)...",
양도세 완화,"'양도세 완화' 산타 선물에 환호하는 개미, 예탁금·신용거래 '껑충'",https://www.news1.kr/articles/5270028,"다만 대주주양도세 완화이슈가 주가에 선반영돼 증시에 큰 영향을 주지 않을 것이란 시각도 있다. 윤석열 대통령이 지난해 대선 당시 '주식 양도세 폐지'를 공약으로 내건 만큼 시장에선 정부 발표 이전부터 양도세 규제 기준 완화에 대한 기대감이 감돌았다. 최유준 신한투자증권 연구원은 ""양도세 완화...",
양도세 완화,'주식 양도세 완화' 강행에 최상목 부총리 임명동의안 '삐걱',https://www.newscj.com/news/articleView.html?idxno=3093760,최 후보자의 발목을 잡은 것은 대주주 양대주주양도세기준완화관련 소득세법 시행령 개정안 입법예고에서다. 소득세법 시행령 개정안에는 상장주식양도세를 내야 하는 대주주 기준을 종목당 '10억원 이상'에서 '50억원 이상'으로 상향하는 내용이 담겼다. 지금까지는 유가증권시장에 상장된 회사 지분율이 1...,
양도세 완화,"[비즈토크<하>] '연말 연초 랠기 기대' 주식 양도세 완화…""수혜주는?""",http://news.tf.co.kr/read/economy/2063647.htm,"한국앤컴퍼니 '형제의 난'…조현범 우세, 조현식 행보는 ☞<상>편에 이어 ◆ 주식양도세기준완화에 개미들 '환호'…수혜주 살펴보니 -다음은 금융권 소식인데요, 어떤 이슈가 증권가를 달궜나요? -이번 주 주식시장에서 뜨거웠던 이슈는 단연 '주식 양도소득세 기준완화'입니다.양도세가 부과되는...",
양도세 완화,'주식 양도세 완화' 입법 예고…왜 연말 앞두고 이뤄졌나 [오형주의 정읽남],https://www.hankyung.com/article/202312226331i,정부가양도세 완화를 추진한다는 보도는 이미 11월 초부터 나왔다. 하지만 실제 시행령 개정은 연말을 코앞에 둔 이달 19일 이후에서야 급물살을 탔다. 이 같은 결과가 나오기까지 대통령실과 기획재정부 등 관계부처에서는양도세 완화추진을 놓고 치열한 ‘물밑 논의’가 오갔다. '개미' 요구로 시작된...,
양도세 완화,[사설]공매도 금지 이어 주식 양도세 완화… 無원칙 ‘개미 포퓰리즘’,https://www.donga.com/news/Opinion/article/all/20231222/122750504/1,정부가 주식양도세기준을완화한 건 결국 연말 큰손들의 매물 폭탄을 줄여 증시를 부양하겠다는 계산이 깔린 셈이다. 그런데 정부는 불과 열흘 전만 해도 대주주 기준완화에 부정적이었다. 추경호 부총리 겸 기획재정부 장관은 12일에도 “구체적으로 검토하고 있지 않다”고 했다. 하지만 대통령실과...,
양도세 완화,"개미 달래는 주식양도세 완화?…전문가들 ""증시 영향 없는 부자감세""",http://www.inews24.com/view/1668593,"올해 연말 증시는 이미 대주주양도세 완화이슈가 시장에 선반영되기도 했고, 양도세 회피 물량 때문에 증시에 변동성이 큰 적도 없다고 지적했다. 금융투자업계 관계자는 ""대주주 요건을 완화한다고 해도 증시는 영향이 없을 것""이라며 ""지금까지도 영향이 그다지 있진 않았다""고 말했다. 이어 ""이를 빌미로...",
양도세 완화,"대주주 양도세 완화, 시장은 '쾌재'…뒤통수 맞은 野 ‘우왕좌왕’",https://www.sedaily.com/NewsView/29YLYF5LFX,이날 개인은 코스피(243억 원)·코스닥(856억 원) 시장에서 총 1099억 원을 사들이며 정부의양도세 완화결정에 매수로 화답했다. 시장은 ‘큰손’ 투자자들의 연말 매물 폭탄 우려에서 벗어났다고 평가했다. 2000년에는 대주주 양도세 부과 기준이 종목당 100억 원이었지만 2013년 50억 원→2016년 25억 원→2018년...,
양도세 완화,금리 인하 기대감·대주주 양도세 완화 조짐…코스피 마무리 지점은,http://www.hansbiz.co.kr/news/articleView.html?idxno=674414,"최근 국내 증시에 영향을 미치고 있는 요인으론 내년 금리 인하 기대감과 대주주양도세 완화움직임 등이다. 우선 금리 인하 기대감의 경우, 12월 미국 연방공개시장위원회)FOMC) 이후 본격적으로 반영되기 시작했다. 금융투자업계에 따르면, 미 연준은 현지시간으로 지난 13일 열린 12월 연방 FOMC 정례회의...",
양도세 완화,‘10억→50억’ 주식 양도세 완화…연말 개미 매매동향 ‘주목’,https://www.dailian.co.kr/news/view/1309289/?sc=Naver,조준기 SK증권 연구원은 “국내 증시 입장에서 주식양도세과세 대상 기준완화는 꽤나 중요한 포인트로 작용할 가능성이 높다”며 “무산됐을 경우 실망감 요소로 작용할 수 있었을 것”이라고 진단했다. 나정환 NH투자증권 연구원은 “1월에 수급 이슈가 해소된 이후 개인 투자자의 인공지능(AI) 산업...,
양도세 완화,[주식양도소득세 대주주기준완화] 연말 물량 털기 사라지고 증시 안정화 오나,https://www.ajunews.com/view/20231221154636344,"앞서 지난 12일 정부세종청사 간담회에서 추경호 부총리 겸 기획재정부 장관은 대주주양도세기준완화방안 질문에 “구체적으로 검토하고 있지 않다”고 답했다. 이는 정부 차원에서 공식 검토하지 않고 있다는 의미로 해석됐기 때문에, 이번 시행령 개정 자체가 투자자와 시장에 혼선을 줬다는 비판이...",
양도세 완화,대주주 양도세 완화 수혜주는 ‘이차전지’…개인 러브콜 집중,http://www.betanews.net:8080/article/1456114.html,정부의양도세 완화로 연말 세금 회피성 물량에 대한 우려가 사라지자 개인 투자자 비중이 높은 이차전지 중심으로 매수세가 몰린 것으로 보인다. 다만 일각에서는 공매도 금지에다양도세 완화까지 더해지면서 개인 수급이 2차전지로 과도하게 쏠린 상황을 우려하는 목소리도 나온다. 최근 증권가는...,
양도세 완화,[동영상] 주식부자 감세? 주식양도세 완화 과정 모음,http://www.joseilbo.com/news/news_read.php?uid=505951&class=10&grp=,23.12.21 대주주 주식 양도소득세(양도세) 부과 기준완화방침에 대한 관심이 뜨겁습니다. 시행령만 개정하면 되기 때문에 대통령실에서 결심만 하면 국회를 거치지 않고 빠른 시일 내에 시행될 수 있습니다. 올해 대주주 기준 확정 '데드라인'은 이달 26일. 기획재정부는 21일 주식 양도소득세가 부과되는 대주주...,
양도세 완화,"주식 양도세 기준 50억 원으로 상향...""연말 변동성 완화 조치""",https://www.ytn.co.kr/_ln/0102_202312211446001863,"이 제도가 주식양도세기준완화의 실효성을 떨어뜨린다며완화혹은 폐지를 거론하는 목소리와 세수 펑크 상황에서 총선 포퓰리즘이라는 비판이 함께 나오고 있어, 논란이 이어질 것으로 보입니다. 최상목 부총리 겸 기획재정부 장관 후보자는 인사청문회 답변서에서 ""내년 중 대내외 시장 여건을 고려해...",
양도세 완화,대주주 양도세 기준 10억→50억 완화…연내 개정 마무리(종합),http://www.newsis.com/view/?id=NISX20231221_0002566671&cID=10401&pID=10400,"이에 따라 정부는 대주주양도세부과 기준완화와 관련해 '검토한 바 없다', '다양한 의견을 청취 중이다'라고 선을 그어왔으나 야당과 협의 없이 이같이 단독 결정한 것이다. 기재부 관계자는 ""연말에 세 부담 때문에 그걸 회피하려고 주식을 파는 현상 있었고 단순히 대주주의양도세대상인...",
양도세 완화,'대주주 양도세' 완화에…연말 증시 수급 교란 줄어들 듯(종합),https://www.yna.co.kr/view/AKR20231221086351002?input=1195m,그러나 대주주양도세 완화는 이미 한 달여 전부터 예고됐던 사안으로 증시에 큰 영향을 미치진 않을 것으로 보인다. 덤덤한 증시…코스피 8주째 상승에 '숨고르기' 8주 연속 상승 흐름을 이어온 코스피와 코스닥지수는 21일 오전양도세 완화방침이 발표된 직후 오히려 낙폭을 키웠다 줄이는 등 변동성을...,
양도세 완화,대주주 양도세 기준 50억원으로 완화…소액 투자자 보호·증시 안정 도움될까,https://www.pinpointnews.co.kr/news/articleView.html?idxno=233590,"추경호 부총리 겸 기획재정부 장관은 지난 12일 기자간담회에서 고액 투자자에 대한양도세기준완화를 현재 구체적으로 검토하지 않는다고 입장을 밝힌 바 있다. 최근 최상목 부총리 겸 기획재정부 장관 후보자도 지난 19일 주식 양도소득세를 묻는 질의에 ""대내외 경제 여건을 고려해 종합적으로 결정할...",
양도세 완화,양도세 요건 완화에 코스닥 개미 '사자'…코스피 2600선 턱걸이[시황종합],https://www.news1.kr/articles/5268695,"코스닥을 중심으로 개인 순매수 유입은 확대됐으나, 이미양도세 완화이슈가 주가에 선반영됐다는 인식이 큰 가운데 글로벌증시 동조화로 차익실현 매물이 출회됐기 때문이다. 코스피는 2600선을 겨우 지켜냈다. 21일 한국거래소에 따르면 코스피는 전날 대비 14.28p(0.55%) 하락한 2600.02로...",
양도세 완화,뒷북친 주식 양도세 완화…23년만 결정에도 시장 무응답,https://biz.newdaily.co.kr/site/data/html/2023/12/21/2023122100307.html,매년말 양도세 부과는 시장 화두였지만 올해 유독양도세 완화에 대한 결정을 놓고 시장 혼란이 지속됐기 때문이다. 양도세 10억원 기준을 피하려면 12월 마지막 거래일의 2거래일 전까지 주식을 매도해야 한다. 주식 매매 계약 체결 2영업일 뒤에 최종 결제가 이뤄져서다. 오는 25일이 연휴임을 감안하면...,
양도세 완화,에코프로비엠 시총 10위 진입 “4% 부족했다” …대주주 양도세 완화에도 하락,https://www.mk.co.kr/article/10903982,증권가에서는양도세 완화에 대한 기대감이 선반영되면서 시행이 발표됐음에도 주가 상승으로 연결되지 못했다고 보고 있다. 또한 최근 2차전지주의 수급이 개인 중심으로만 발생하지 않았던 점도 영향을 미쳤다는 분석이 나왔다. 김승현 유안타증권 리서치센터장은 “최근에는 개인 중심으로만...,
양도세 완화,"대주주 양도세, 10억→50억 완화…대통령실 “시장왜곡 방지”",http://news.heraldcorp.com/view.php?ud=20231221000092,여야가 예산안 합의를 한만큼 시행령 개정 발표 후 국무회의까지 일사천리로 돼 올해 말부터양도세 완화가 적용될 전망이다. 일각에서는 대주주양도세 완화를 두고 부자 감세라는 비판이 나온다. 하지만 실제 상장주식을 수십억원을 보유한 개인투자자가 극소수라는 점에서 긍정적 효과가 더 크다는 게...,
양도세 완화,"'대주주 양도세 완화부터'…2024년 주식시장, 작년과 다른 점은?",http://news.tf.co.kr/read/economy/2065599.htm,"대주주양도세기준완화로 개인들의 연말 매도 공세가 큰 폭으로 줄게 됐다. 다만 대주주의 종목 지분율이 일정 수준(코스피 1%, 코스닥 2%, 코넥스 4%)을 넘지 않아야 하는 건 현행법과 동일하다. ◆ 미술품부터 부동산까지…조각투자 장내 투자 가능해진다 올해부터는 실물자산 조각투자 상품의 장내 투자도...",
양도세 완화,"대주주 양도세 완화 후폭풍…野 ""시행령 통치"" 강력 반발",http://www.sisajournal.com/news/articleView.html?idxno=279408,"앞서 지난 19일 최상목 경제부총리 겸 기재부 장관 후보자는 인사청문회에서 주식양도세 완화를 시사하기도 했다. 기재부 측은 ""이번 조치는 고금리 환경 지속, 대내외 불확실성 증대 등 자본시장 상황을 고려하고, 과세대상 기준회피를 위한 연말 주식매도에 따른 시장 변동성을 완화하기 위한 조치""라고...",
양도세 완화,대주주 양도세 규제 완화···기준 10억에서 50억으로,https://www.womaneconomy.co.kr/news/articleView.html?idxno=220347,정부가 증시 하락으로 인한 개인 투자자의 피해를 막기 위해 대주주양도세규제를완화하겠다고 밝혔다. 연말만 되면 대주주 지정에 따른 고율의 세금을 피하고자 고액 투자자들이 주식을 매도하면서 증시가 하락하는 일이 빈번하게 벌어지자 정부가 주식 양도소득세 부과 대상인 대주주 기준을 현행...,
양도세 완화,대주주 양도세 기준 완화…증시에 미치는 영향은?,http://www.newsis.com/view/?id=NISX20231221_0002566670&cID=15001&pID=15000,"하지만양도세 완화가 확정되면서 증권가에서는 시장이 이를 불확실성 해소 요인으로 받아들여 수급에 변동이 있을 수 있다는 시각이다. 김지현 키움증권 연구원은 ""대주주 양도세 요건이 완화되면 코스닥과 신규 상장주에는 쏠림 현상이 나타날 수도 있다""며 ""배당기준일 이전에 최종 결정이 나왔기 때문에...",
양도세 완화,"""주식 양도세 완화""에 '사자' 돌아선 개미들…외인 '팔자'에 코스피 하락",https://www.news1.kr/articles/5268298,"최유준 수석연구원은 ""양도세 완화소식에 개인 수급은 유입됐다""면서도 ""코스피는 글로벌 증시 동조화에 하락했고, 양도세 기준 완화 이슈가 주가에 선반영 됐다는 인식에 내림세가 이어졌다""고 설명했다. 기획재정부는 주식 양도소득세 부과 대상인 대주주 기준을 현행 종목당...",
양도세 완화,"주식양도세 기준 4년 만에 완화…""50억원 이상 보유자만 과세""",https://news.mtn.co.kr/news-detail/2023122116445227991,"주식 양도소득세 대주주 기준이, 2020년 이후 4년 만에완화됩니다. 주식양도세가 부과되는 종목당 보유금액 기준이 50억원까지 높아지면서, 과세 대상자는 크게 줄어들 것으로 보이는데요. 정부는 시장 변동성을완화하기 위한 결정이라는 입장입니다. 김현정 기자의 보도입니다. 앞으로는 종목당 보유 금액이...",
양도세 완화,"양도세 완화, 실거주 의무 폐지…尹정부 2기 경제팀 첫 시험대",http://www.sisajournal.com/news/articleView.html?idxno=279410,"2기 경제팀 키워드는 '역동 경제' '규제 완화' 첫 카드,양도세 완화실거주 의무 폐지는 국회 통과 '불발' 윤석열 정부 2기 내각에 대한 인사청문회 정국이 진행 중인 가운데, 2기 경제팀의 코드도 윤곽을 드러내고 있다. 경제팀의 수장 격인 최상목 경제부총리 후보자는 직접 윤 정부 경제의 키워드로 '역동경제'를...",
양도세 완화,양도세 완화로 개미들 올해도 막판 주식쇼핑 나서나,http://news.heraldcorp.com/view.php?ud=20231221000309,양도세 완화기조로 전환된 건 23년 여 만이다. 개인 투자자들은 통상 증시 폐장을 앞두고 대거 매도 경향성을 보였지만 올해는 모멘텀을 맞게 됐다. 지난해 순매수세로 전환된 개인 투자자들의 기조가 이어질 가능성이 높아졌다. 21일 한국거래소에 따르면 지난해 증시 폐장 전 5거래일 동안...,
양도세 완화,늦어진 양도세 완화 결정에 혼란 가중…순매도 폭탄 저지는 '글쎄',https://news.einfomax.co.kr/news/articleView.html?idxno=4292303,"매년 연말께 반복되는 매도 물량 '폭탄'을 막기 위해 정부가 대주주양도세 완화기준에 손을 댄다. 금융투자업계에서는 개인투자자 매수 비중이 높은 코스닥시장이 수혜를 볼 것으로 예상했으나,양도세 완화결정이 지분 매각 기일을 얼마 남기지 않고 결정된 만큼 이미 매도 포지션을 취한 투자자가...",
양도세 완화,"대주주 양도세 완화에…""수급 긍정적""vs""총선용 이벤트""",http://www.edaily.co.kr/news/newspath.asp?newsid=03411206635840816,"대주주양도세 완화가 시장에는 호재지만 이미 반영된 측면이 있는 데다, 최근 한 달간 코스피와 코스닥이 각각 3.57%, 5.19% 상승하자 숨 고르기에 들어간 것으로 보인다. 주식 양도세는 연말 기준 주식을 종목당 10억원 이상 보유하고 있거나 지분율이 일정 수준(코스피 1%·코스닥 2%·코넥스 4%)인 법정...",
양도세 완화,대주주 양도세 완화하니 투자자 웃었다…배당락일에도 증시상승,http://news.mt.co.kr/mtview.php?no=2023122715442581613,개인 투자자 비중이 절대다수를 차지하는 코스닥이 상승 출발한 데 이어 장중 상승폭을 키우며 1%대 강세 마감하자 대주주양도세 완화로 인한 상승효과가 나타난 것으로 풀이된다. 이날 코스피는 전 거래일 대비 10.91포인트(0.42%) 오른 2613.50에 코스닥은 전 거래일 대비 11.45포인트(1.35%) 오른 859.79를...,
양도세 완화,"‘대주주 양도세 완화’ 증시 영향…긍정론과 무용론 교차, 결과는?",https://www.viva100.com/main/view.php?key=20231219010005923,"‘대주주양도세 완화’ 증시 영향…긍정론과 무용론 교차, 결과는? 연말이 다가오면서 대주주에게 부과되는 주식 양도소득세 기준을 종목당 10억원에서 50억원으로 상향조정하는 방침을 대통령실 중심으로 정부여당이 구체화하자 투자자들 이목이 집중되고 있다. 양도세가 실제로 완화될 경우 주식시장에는...",
양도세 완화,"정부, 연내 주식양도세 완화 급가속…총선 앞 부자감세",https://www.hani.co.kr/arti/economy/economy_general/1121243.html,지난해 12월 여야 원내대표는 금융투자소득세(주식 등 금융자산 투자에서 발생하는 소득을 통합 과세) 시행을 2년 유예하기로 하면서 주식양도세대주주 요건 유지와 증권거래세 단계적완화에 합의한 바 있다. 여야 원내대표가 이 합의문을 발표하는 자리엔 추경호 부총리 겸 기재부 장관도 함께 있었다. 과세...,
양도세 완화,"코스피, 2600선 돌파하며 마감...美 훈풍·대주주 양도세 완화 이슈 영향",http://www.opinionnews.co.kr/news/articleView.html?idxno=91741,여기에 최근 대주주양도세 완화이슈도 힘을 보탰다. 미국 연방준비제도(Fed)가 12월 연방공개시장위원회(FOMC) 회의 때 금리 인하를 시사한 데 이어 전날 일본은행도 초완화적 통화정책을 유지하면서 국내 증시가 긍정적 영향을 받은 것으로 보인다. 최유준 신한투자증권 연구원은 내년 금리 인하...,
양도세 완화,대주주 양도세 완화 발표 임박…개미들 다시 증시로?,http://www.edaily.co.kr/news/newspath.asp?newsid=01095526635840488,증권가에서는양도세 완화가 국내 증시 수급에 적잖은 영향을 줄 것으로 전망했다. 개인들의 양도세 회피성 매물 출회 여부에 따라 증시 방향성이 결정될 것이라는 설명이다. 최유준 신한투자증권 연구원은 “개정안이 확정되면 올해 말 개인 투자자의 물량 부담은 덜 것”이라며 “다만 개정된 내용이...,
부동산 세제,"오세훈 ""부동산 정책, 거시경제 분석해 좀 더 정교하게""",https://www.newsis.com/view/NISX20250327_0003116022,"신 대변인은 ""그동안 서울시의 주택 사업을 담당하는 인력들은 대부분 주택 공급에 초점을 맞춰 시장 반응 등 수요 측면을 면밀하게 살피는 데는 다소 부족한 면이 있었던 것이 사실""이라며 ""전담 조직에는세제·금융시장 등 거시 경제적 변수를 포함해부동산시장을 종합적으로 분석·예측할 수 있는 주택 시장...",
부동산 세제,"토허제 실책 수습 나선 서울시, 부동산조직 개편 착수…전문성↑",https://www.yna.co.kr/view/AKR20250327116100004?input=1195m,"그러면서 ""이러한 체계를 보완하기 위해 확대·개편하는 전담 조직에는세제·금융시장 등 거시경제적 변수를 포함해부동산시장을 종합적으로 분석·예측할 수 있는 주택시장 전문가를 합류시켜 조직 가동력을 높여나갈 계획""이라고 말했다. 실제 지난달 13일 서울시가 잠실·삼성·대치·청담을 토허구역에서...",
부동산 세제,서울은 누르고 지방은 띄우고…혼돈의 부동산 시장[부릿지],http://news.mt.co.kr/mtview.php?no=2025032716355378557,"머니투데이 건설부동산부 유튜브 채널 '부릿지'가 알찬부동산뉴스를 모아 '한입거리'로 제공해 드리는 코너 '한 입 부리핑'입니다. 이번에 부릿지가... 당시 가장 많이 지적됐던 점이세제혜택 부족입니다. 취득세와 양도세 감면이 포함되지 않아 아쉽다는 말이 나왔는데, 이번 정책은 그 점을 파고듭니다. 주택...",
부동산 세제,"""토허구역 오판 인정"" 서울시, 부동산 전담조직 확대[집슐랭]",https://www.sedaily.com/NewsView/2GQF4WR2NT,이와 관련 신 대변인은 “이러한 체계를 보완하기 위해 확대 개편하는 전담 조직에는세제·금융시장 등 거시 경제적 변수를 포함해부동산시장을 종합적으로 분석·예측할 수 있는 주택시장 전문가를 합류시켜 조직 가동력을 높여나갈 계획”이라고 설명했다. 국토교통부 등 정부부처와의 인사교류도...,
부동산 세제,지방 부동산시장 침체…금융리스크 커진다,https://www.dnews.co.kr/uhtml/view.jsp?idxno=202503271420040070001,"한도 확대 등세제혜택을 부여하는 만큼 지방 지역의 저가 아파트의 매매 수요가 상당할 것으로 내다보고 있다. 정치권은 다주택자에게 적용되는부동산세금 중과분을 지방 주택 매입시에 적용하지 않도록 법안 개정에 나섰다.세제혜택은 양도소득세와 종합부동산세, 취득세 등이 대상이다. 김봉정ㆍ space02@",
부동산 세제,‘똘똘한 한 채’ 끝? 다주택자 중과세 폐지… 지방 부동산 들썩이나,http://www.segye.com/newsView/20250318507621?OutUrl=naver,권 원내대표는 “부동산 세제에 대해 새로운 패러다임의 접근이 필요하다”며 “민간 임대사업자로서 역할을 하는 다주택자의 시장 기능을 수용하고 부동산 자금이 지방으로 유입될 수 있도록 통로를 만들어줘야 한다”고 강조했다. 이어 지방 추가 주택 구입 시 다주택자 중과세 폐지 방안에 대해 “첫 번째...,
부동산 세제,"서울시 토허제 혼선에 ""부동산 시장 분석 조직 신설 등 확대 개편""",https://view.asiae.co.kr/article/2025032714292188084,"시는 ""확대·개편하는 전담 조직에는세제·금융시장 등 거시경제적 변수를 포함해부동산시장을 종합적으로 분석·예측할 수 있는 주택시장 전문가를 합류시켜 조직 가동력을 높여나갈 계획""이라고 설명했다. 정부 부처와의 소통과 기관 인사 교류도 확대하겠다는 계획이다. 시는 ""주택정책 결정과 실행...",
부동산 세제,"수도권, 지방 극과 극 부동산 규제… ‘힐스테이트 두정역’ 수혜 기대",https://biz.heraldcorp.com/article/10452403?ref=naver,업계 관계자는 “수도권 규제가 강화될수록 지방부동산시장으로 수요가 이동할 가능성이 크다”며 “금융 및세제혜택을 모두 받을 수 있는 ‘힐스테이트 두정역’이 실수요자와 투자자들에게 매력적인 선택지가 될 것”이라고 말했다. 선착순 동·호지정 계약은 견본주택에 방문 후 진행 가능하며...,
부동산 세제,"권성동 ""지방주택 추가 구입시 중과세 폐지…부동산 양극화 해소""",https://www.dailian.co.kr/news/view/1473640/?sc=Naver,"권 원내대표는 ""시대 변화에 발맞춰부동산 세제에 대한 새로운 패러다임에 대한 접근이 필요하다""며 ""부동산 자금이 지방으로 유입될 수 있도록 통로를 만들어줘야 한다""고 강조했다. 그는 ""첫 번째 이후의 지방 주택에 입주할 경우 주택 세수를 고려하지 않겠다""며 ""단 이러한 세제 개편이 수도권 주택 가격...",
부동산 세제,3년간 25% ‘뚝’…부산 해운대에 무슨 일이? [감평사의 부동산 현장진단],https://www.mk.co.kr/article/11269918,정부가 지방부동산활성화를 위한세제개편에 나선다는 소식 역시 부산부동산시장에 긍정적인 영향을 줄 수 있다. 부산부동산시장 전망을 둘러싼 전망이 엇갈리는 가운데 흥미로운 점이 하나 있다. 전반적으로 부산 집값은 크게 하락했지만 바다 조망이 가능하면서도 입지가 좋은 아파트 단지...,
부동산 세제,"여 ""비수도권 DSR 규제 완화·한시적 부동산 세제 개편 검토해야""",https://www.newsis.com/view/NISX20250311_0003094068,"이승재 한은진 기자 = 국민의힘은 11일 비수도권 지역의 미분양 사태를 해결하기 위한 총부채원리금상환비율(DSR) 규제 완화와 한시적부동산 세제개편을 검토해야 한다고 정부에 촉구했다. 김상훈 정책위의장은 이날 오전 국회에서 열린 원내대책회의에서 ""최근 건설 산업의 심각한 상황에 비추어 봤을 때...",
부동산 세제,온탕 냉탕 부동산 정책… 강남·용산 갭투자 다시 막는다,http://www.segye.com/newsView/20250319507822?OutUrl=naver,토지거래허가제는 투기 우려가 있는 지역에서 일정 규모 이상의부동산을 거래할 때 관할 지자체장의 허가를 받도록 하는 제도다. 이번 조치로 인해 해당... 정부는 “이번 안정화 조치 이후에도 시장이 불안정하면 금융·세제·정책대출 등 추가 조치를 적극 검토하겠다”고 밝혔다. 집값 과열을 막기 위한...,
부동산 세제,‘부동산 표심이 대선 가른다?’ 與野 감세 전쟁,https://biz.chosun.com/policy/politics/2025/03/18/7WPAVBJCGJGMNCJXL3CNMS4MH4/?utm_source=naver&utm_medium=original&utm_campaign=biz,"권 원내대표는 “부동산 세제는 새로운 패러다임으로 접근해야 한다”면서 “민간 임대사업자로서 역할을 하는 다주택자의 시장 기능을 수용하고, 부동산 자금이 지방으로 유입될 수 있도록 통로를 만들어줘야 한다”고 했다. 상속세 관련, 국민의힘은 배우자가 상속 받는 재산을 법정 상속분과 무관하게 전액...",
부동산 세제,“수도권 묶고 지방 풀지만”…부동산 시장 여전히 ‘불안’,https://www.dailian.co.kr/news/view/1476423/?sc=Naver,"취득세, 종합부동산세, 양도소득세 등 다주택자에 대한세제혜택은 서울 등 수도권 중심의 똘똘한 한 채 현상을 완화시킬 해법으로 꼽혀 왔다. 다만 서울 등 수도권과 그 외 지방간부동산시장이 양극단으로 벌어지면서 더욱 강력한 지역별 맞춤형 대책 마련의 필요성도 높아지고 있다. 지방 주택 시장의...",
부동산 세제,3년간 25% ‘뚝’…부산 해운대에 무슨 일이? [감평사의 부동산 현장진단],https://www.mk.co.kr/article/11269918,정부가 지방부동산활성화를 위한세제개편에 나선다는 소식 역시 부산부동산시장에 긍정적인 영향을 줄 수 있다. 부산부동산시장 전망을 둘러싼 전망이 엇갈리는 가운데 흥미로운 점이 하나 있다. 전반적으로 부산 집값은 크게 하락했지만 바다 조망이 가능하면서도 입지가 좋은 아파트 단지...,
부동산 세제,"경기 유일 '세컨드홈 특례지역' 연천군, 부동산 거래비중 오히려 줄어",https://www.joongboo.com/news/articleView.html?idxno=363688279,"해당 정책은 기존 1주택자가 인구감소지역에서 주택 1채(공시가 4억 이하)를 추가 취득해도 여전히 1주택자로 취급해 종합부동산세, 양도소득세, 재산세 등에서세제혜택을 주는 제도다. 지난해 1월 4일 이후 취득분에 적용됐으며, 당시 경기지역에서는 유일하게 연천군이 특례지역으로 지정됐다. 그러나...",
부동산 세제,부동산 정책 당정 엇박자…냉온탕 오가는 시장 '혼란',https://www.mediapen.com/news/view/999057,권 원내대표는 “부동산 세제에 대해 새로운 패러다임의 접근이 필요하다”며 “민간 임대사업자로서 역할을 하는 다주택자의 시장 기능을 수용하고 부동산 자금이 지방으로 유입될 수 있도록 통로를 만들어줘야 한다”고 강조했다. 국민의힘이 추진하는 다주택자 중과세 폐지 방안은 첫 번째 이후 구입하는...,
부동산 세제,"2년 만에 부동산 규제지역 카드 꺼낸 정부…""풍선효과 우려""",https://www.newsis.com/view/NISX20250319_0003104179,지난 2023년 1·3 대책을 통해 강남 3구와 용산구를 제외한 전 지역을부동산규제지역에서 전면 해제한 이후 2년 3개월 만에 규제지역 추가 지정을 언급한 것이다. 조정대상지역이나 투기과열지구로 지정되면 주택 매매시 대출과세제는 물론 청약을 접수할 때도 각종 규제를 받게 된다. 무주택자가 규제지역에서...,
부동산 세제,"지방은 풀고 수도권은 누른다…극과 극 부동산 정책, 시너지 내나",https://www.news1.kr/realestate/general/5727220,"해당세제혜택은 양도소득세와 종합부동산세, 취득세 등이 대상이다. 거래 과정에서의 문턱을 낮춰 지방으로 수요를 유입하겠다는 취지다. 이와 달리 수도권에선 정반대의 정책이 잇달아 동원되고 있다. 서울과 수도권 다주택자 신규 주택담보대출과 갭투자 관련 조건부 전세대출을 제한하기로 했다. 이는...",
부동산 세제,"[부동산 Knock] 도내 산업단지 40% 노후…""입주기업 리모델링 지원 시급""",http://www.kado.net/news/articleView.html?idxno=1300793,"지난해 11월 강릉 천연물바이오 국가산업단지 61만㎡가 기회발전특구로 지정되면서 입주 기업에세제감면, 재정 지원 등 다양한 혜택이 추가됐다. 새로... 활성화뿐만 아니라, 지역 고용창출 등 다양한 지역경제 활성화 효과를 기대하고 있다""고 말했다. 김덕형 #산업단지 #강원도 #슬레이트 #지자체 #부동산",
부동산 세제,[재산공개] 정정훈 기재부 세제실장 45.9억 신고,https://www.sejungilbo.com/news/articleView.html?idxno=52492,"27일 고위공직자 재산공개대상자의 '2025년 공직자 정기 재산변동사항'을 공직윤리시스템(PETI)과 관보에 공개했다. 정정훈세제실장은 45억9500만원을 신고했다. 이는 종전대비 3억6480만원이 증가한 것으로부동산이 2억, 예금이 1억 이상 증가한 것이 가장 큰 변동사유로 나타났다. [세정일보]",
부동산 세제,"부동산전문가·중개사 ""올해 전국 집값↓""…수도권 전망은 갈려",https://news.sbs.co.kr/news/endPage.do?news_id=N1008022013&plink=ORI&cooper=NAVER,"부동산관련 전문가와 공인중개사들은 대체로 올해 전국 집값이 떨어질 가능성이 큰 것으로 예상했습니다. 하지만 수도권 주택 가격의 경우 전망이... 공인중개사 사이에서는 대출·주택세제·다주택자 관련 규제를 풀어야 한다는 의견이 많았고, 전문가들은 정비사업·주택임대사업자 관련 규제 완화를...",
부동산 세제,"지방 부동산 시장, 회복 조짐 보이나… 대출·세제 혜택 총동원",https://www.dt.co.kr/contents.html?article_no=2025032102109923039001&ref=naver,"정치권에서도 다주택자에 대한부동산 세제중과를 완화하는 움직임을 보이고 있다. 국민의힘은 지방 부동산 활성화를 위해 지방에서 추가로 주택을 구입하는 다주택자에게 양도소득세, 종합부동산세, 취득세 등에 세금 중과를 면제하는 1가구 1주택 특례를 적용할 계획이다. 이는 부동산 투기 수요 억제라는...",
부동산 세제,다주택자 중과세 폐지 추진에 부동산 '큰 손' 원정투자 나서나,http://www.ikld.kr/news/articleView.html?idxno=310283,"현재부동산 세제는 주택 수 기준으로 짜여 있다. 서울과 지방 구분 없이 2주택 이상을 소유하면 취득세, 양도소득세, 종부세(해당 시) 등이 추가로 붙는다. 권 원내대표는 ""첫 번째 이후 주택을 지방에서 구입할 경우 주택 수를 고려하지 않는 방식""이라며 ""현재의 똘똘한 한 채를 지방으로 돌리고 지방 양극화를...",
부동산 세제,"令 안서는 黨, 몸 사리는 政… 부동산 정책 건건이 엇박자",https://www.kmib.co.kr/article/view.asp?arcid=1742462832&code=11121100&cp=nv,국민의힘 관계자는 “이미 한 달 전부터 당정 간부동산 세제개편을 논의해 왔지만 정부가 도무지 안 움직여서 당이 일단 주도권을 잡고 끌고가려는 것”이라고 말했다. 한 경제부처 고위 관계자는 그러나 여권의부동산 세제개편 방안에 대해 “시장에 미칠 파장 등을 고려해 신중하게 판단하겠다”고...,
부동산 세제,與 “지방 주택 사면 다주택 중과세 폐지… 부동산 양극화 완화”,https://www.seoul.co.kr/news/politics/2025/03/19/20250319006002?wlog_tag3=naver,"국민의힘은 지역 간부동산양극화 해소를 위해 서울에 집을 갖고 있더라도 지방에 추가로 집을 사면 다주택자 중과세를 물리지 않겠다고 18일 밝혔다.... 다만 본격적인세제개편에는 시간이 걸릴 것으로 보인다. 권 원내대표는 “당정과 여야 협의, 사회적 공론화 등 충분한 논의를 거쳐 합리적 개편 방안을...",
부동산 세제,"금투협, '부동산투자자문인력' 과정 개설",https://www.ziksir.com/news/articleView.html?idxno=85454,"이 과정은 투자권유 자문 인력 자격 3종(펀드, 증권, 파생상품)을 모두 보유한 자가부동산투자 자문업에 종사하고자 하는 경우 반드시 이수하여야 하는 의무 교육과정으로부동산시장,부동산상품,부동산투자 관련 법규․세제에 대한 기본 지식과부동산가치평가 및부동산투자 자문 관련 실무 지식을...",
부동산 세제,“2억 내릴게요” 잠·삼·대·청 집주인이 달라졌다[부동산360],https://biz.heraldcorp.com/article/10445915?ref=naver,"관련해부동산관련 규제, 금융 등 모든 가용수단을 총동원해 집값 상승 요인을 차단하겠다고 밝혔다. 이날 오전 서울 송파구의 한 아파트 상가 내... 이사할 집을 이미 매입한 상황에서 기존 집을 기한 내 팔아야 ‘일시적 2주택’세제혜택을 받을 수 있기 때문이다. D공인중개업소 관계자는 “62억원에 내놔도...",
부동산 세제,용인 부동산 시장 강세 지속… '용인 에버랜드역 칸타빌' 25일 무순위 청약,https://edu.donga.com/news/articleView.html?idxno=83754,"정부는 반도체 산업 육성을 위해세제지원과 인프라 확충에 속도를 내고 있으며, 삼성전자와 SK하이닉스도 용인에 대규모 투자를 단행하며 반도체... 이와 함께 인구 유입이 활발해지고 있으며, 이에 따른 주거 수요 증가가 용인부동산시장에도 긍정적인 영향을 미치고 있다. 업계에서는 반도체 산업단지...",
부동산 세제,세금 줄이려 해외부동산 구입 … 美빅테크株 투자도 늘려,https://www.mk.co.kr/article/11270243,"이들은 타행, 증권사를 통한 투자,부동산까지 고려하면 전체 자산이 평균 300억원, 많게는 1000억원도 넘어가는 것으로 추정된다. VVIP를 전담하는 PB... 상속 관련 규제 때문에 해외 자산을 늘리는 초고액 자산가가 많고 결과적으로세제가 국부를 유출시키고 있다는 지적이다. 또 다른 변화는 테슬라, 엔비디아...",
부동산 세제,"정부‧서울시, 부동산 시장 들썩이자 '토허구역 해제' 한 달 만에 철회",https://sports.hankooki.com/news/articleView.html?idxno=6892652,"토지거래허가구역 지정 해제와 금리 인하 등에 따라부동산시장이 다시 과열되는 모습을 보이면서 국토교통부를 비롯한 관계부처와 서울시가 주택시장... 이와 함께 정부는 이번 안정화 방안 이후에도 주택시장 불안이 지속적으로 확산될 경우, 금융‧세제‧정책대출 등 다양한 대응방안을 제약 없이 검토해...",
부동산 세제,[단독]다주택 규제 피하려 美·日로… 연 3억~5억달러씩 국외 유출 [해외 부동산에 몰리는 돈],http://www.fnnews.com/news/202503171847016249,"■""다주택자 중과세 부담"" 복잡한 국내부동산세제와 다주택자 관련 규제 등이 해외로 눈을 돌리도록 부추기고 있다는 해석도 나온다. 해외부동산은 주택 수에 합산되지 않아 '다주택자 분류'를 피할 수 있어 양도세 중과를 부여받지 않는다. 재산세와 종합부동산세, 전월세 규제 대상에도 해당되지...",
부동산 세제,"지방 미분양, 빌라는 초토화…""양도세 감면 등 특단 稅혜택 필요""",https://www.hankyung.com/article/2025031951481,"서울부동산시장 간 불균형이 확대될 수 있다고 판단했기 때문이다. 정부는 ‘주택시장 안정화 방안’의 일환으로 지방 건설 경기 활성화 과제도 속도감 있게 추진하겠다고 밝혔다. 그러나 업계에서는 실질적인 공급 확대 대책과 함께세제혜택 제공, 대출 금리 완화 등이 시급하다는 지적이 나온다. 19일...",
부동산 세제,부동산 침체에 공급 ‘뚝’… 분양시장 여전히 찬바람 ‘쌩쌩’,http://www.segye.com/newsView/20250316507690?OutUrl=naver,"부동산R114는 “정부는 미분양 아파트 직접 매입, 금융 혜택 등부동산시장 회복을 위한 건설경기 보완방안을 발표했지만, 매입 물량이 많지 않고세제감면 등의 혜택이 없어 효과가 발휘되기까지는 지켜볼 필요가 있다”며 “더욱이 전국적으로 시장 불안 가능성이 여전한 만큼 (분양) 물량이 집중되는...",
부동산 세제,與 지방에 추가 주택 구입시 중과세 폐지 추진…“부동산 양극화 완화 기대”,https://www.kwnews.co.kr/page/view/2025031818430847731,"권 원내대표는 ""부동산 세제에 대해 새로운 패러다임의 접근이 필요하다""며 ""민간 임대사업자로서 역할을 하는 다주택자의 시장 기능을 수용하고 부동산 자금이 지방으로 유입될 수 있도록 통로를 만들어줘야 한다""고 강조했다. 그러면서 ""이를 통해 현재 똘똘한 한 채로 몰리는 수요를 지방으로 돌리고 수도권과...",
부동산 세제,“원베일리 로열동 9억 낮춰 계약서 썼다” 토허제 묶은 하루 만에 대혼란[부동산360],https://biz.heraldcorp.com/article/10446817?ref=naver,"24일부터는 세입자가 산 집이 언제 팔릴지 몰라, 다주택자들은 ‘일시적 1가구 2주택’ 등세제혜택을 받지 못할 수 있다. 또 전세가 껴있는 물건의 경우... 윤지해부동산R114 수석연구원은 “현재 투기과열지구로 강남·서초·송파·용산이 지정돼있지 않느냐”며 “상징적으로 4개 구를 광범위한 규제로 묶기...",
부동산 세제,중과세 폐지와 추가 세제 혜택… 지방 부동산 구매로 이어질까,https://www.sisaweek.com/news/articleView.html?idxno=223465,"지난 정부에서 실시한부동산대책 중 하나인 다주택자의 취득세와 양도소득세 중과 등세제정책이 오히려 서울부동산집중화를 낳았고, 결국 수도권과 지방 양극화를 만들어 냈다는 것이다. 우선 첫 번째 이후 주택이 지방에 위치할 경우 주택 채수에 고려하지 않는 방식이라고 설명했다. 그리고세제개편이...",
부동산 세제,(12) 상속세제 개편 논의 ①,https://www.lawtimes.co.kr/opinion/206310,"하지만 논란의 대상인부동산 세제나 상속세제는 사실 이런 당면 과제의 해결과 관련이 적습니다. 전체 세수에서 차지하는 비중이 크지 않거든요. 다만 특히 상속세제에 국한하여 말하자면, 대부분의 사람과 직접 관련이 없음에도 많은 관심을 끄는 것은 이 세금이 세제의 공평성과 연결되기 때문입니다. 제...",
부동산 세제,"최민규 서울시의원 “대한민국 국민은 족쇄, 외국인은 특혜인가…불공정한 부동산 시장 바로잡아야”",https://www.seoul.co.kr/news/publicnews/local_govern/smc_movement/2025/03/27/20250327500046?wlog_tag3=naver,이런 허점을 악용하면 외국인은 다주택자로서 세금 부담을 회피하면서도 실거주자와 동일한세제혜택을 받는 구조가 형성될 수 있다. 이런 문제를 방치하면 우리 국민은 더욱 불리한 환경에서 주택을 마련해야 하는 역차별을 겪을 수밖에 없다. 이미 해외 주요국은 외국인의부동산취득을 강력히 규제하고...,
부동산 세제,대출·세제 혜택 총동원에도…지방 악성 미분양 해소 ‘글쎄’,https://www.kukinews.com/article/view/kuk202503240222,"해당세제혜택은 양도소득세와 종합부동산세, 취득세 등에 적용된다. 현재 정부의부동산규제가 적용되지 않는 비조정대상지역에서 2주택자가 주택 1채를 더 사면 취득세 8% 중과가 이뤄진다. 이를 다주택자 중과세를 폐지해 지방에서 세번째 주택을 구매할 때도 일반 취득세율(1~3%)을 적용하자는 것이다....",
부동산 세제,'부동산 펀드 = 대기업 계열사'…공정위의 황당 규제,https://www.hankyung.com/article/2025031824391,"운용사는 투자자 자금을 받아 약속한 자산에 투자할 뿐이지만, 회사형부동산펀드는 법인 형태를 띤다는 이유로 공정거래위원회의 감독 대상이 된다. 싱가포르투자청 등 해외 투자자가세제이점을 감안해 회사형부동산펀드를 선호하는 흐름과 상충해 국내 투자를 가로막는다는 지적이 제기된다.",
부동산 세제,[리셋 코리아] 상속세 경감 넘어 상속세제 전반 개편해야,https://www.joongang.co.kr/article/25322797,"끝으로 이번 논의에서 합의 도달이 가능하다면, 안정적인 기업승계를세제측면에서 적극 지원하는 국제적 흐름을 좇아 우리도 최대주주 할증 과세 폐지는 물론 사업용 자산의 상속에 대한 세금을부동산이나 금융자산 상속보다 크게 낮추어 주는 지혜가 요구된다. ※ 외부 필진 기고는 본지의 편집 방향과...",
부동산 세제,"대신증권, 상속·부동산 등 개정 세법 라이브 세미나 진행",https://www.smarttoday.co.kr/news/articleView.html?idxno=75615,"대신증권은 상속 증여, 자본시장,부동산 세제등 2025년 개정세법에 대해서 대표적인 변경점을 설명하는 '2025년 간추린 개정세법' 라이브 세미나를 오는 20일 오후 4시부터 진행한다고 19일 밝혔다. 이번 세미나는 대신증권 WM컨설팅팀 김현준 책임이 진행자로 나선다. 이 세미나는 ▲상속·증여 ▲자본시장...",
부동산 세제,"대신증권 부동산 리츠에 초대형 IB 잇단 러브콜…""수익성 입증됐다""",https://www.econovill.com/news/articleView.html?idxno=688864,"대신파이낸셜그룹의 서울 주요지역 자산을 담은 '대신밸류리츠'와 도쿄 주요지역부동산을 담은 '대신글로벌리츠'가 상장을 앞두고 준비를 마쳤다.... 이 관계자는 이어 ""세제혜택으로 직투(직접투자)보다 유리한 점이 있다""고 설명했다. 이 상품은 연 6.6%가량 수익률을 목표로 하고 있으며...",
부동산 세제,조기대선 대비 ‘부동산 민심’ 잡기… 與 “지방주택 감세” 野 “공공임대 확대”,https://www.kmib.co.kr/article/view.asp?arcid=1742289883&code=11121100&cp=nv,여권의부동산 세제개편 제안은 0.73% 포인트 차이로 승부가 갈렸던 지난 대선의 복기 성격도 있다. 부동산 정책 실기에 대한 민주당 심판론을 부각해 관련 민심을 환기하려는 의도가 읽힌다. 이양수 사무총장은 최근 민주당이 제안했다가 닷새 만에 철회한 ‘전세계약 10년 보장’ 정책을 언급하면서...,
부동산 세제,'후분양 폭탄'에…대구 '악성 미분양' 급증,https://www.hankyung.com/article/2025031171001,부동산경기 침체 속에 자금 마련 기간까지 짧다 보니 수요자가 섣불리 계약에 나서지 못해 ‘불 꺼진 새 아파트’가 쌓이고 있다. 대구가 후분양에... 업계 관계자는 “지방의 미분양 규모는 정부 발표분보다 훨씬 크다”며 “준공 후 미분양에 대한세제·대출 규제 완화가 절실하다”고 지적했다.,
부동산 세제,"주택업계 ""미분양·고금리로 한계 몰려…세제지원 등 대책 절실""",https://www.yna.co.kr/view/AKR20250312113900003?input=1195m,"부동산장기 침체로 어려움을 겪는 주택 업계가 여당 의원들을 만나 힘든 상황을 토로하고 미분양 문제 등에 대한 대책 마련을 촉구했다. 12일... 정 회장은 ""공사비·인건비 급등, 고금리 기조, 미분양 증가 등으로 주택업계의 위기가 한계까지 내몰린 상황""이라며 ""양도세 감면, 취득세 중과배제 등의세제지원을...",
부동산 세제,[부동산 Knock] 아파트값 구축 뛸때 신축 날았다…시군별 온도차 뚜렷,http://www.kado.net/news/articleView.html?idxno=1299738,"대출 완화·세제개편이 핵심이다. 권성동(강릉) 국민의힘 원내대표는 지난 18일 ""서울과 지방 간의부동산양극화를 해소하는 것이 시급하다""며 비수도권에 추가적인 주택을 구입할 경우 다주택자 중과세를 폐지하는 방안을 제시했다. 김상훈 국민의힘 정책위의장도 ""비수도권 미분양 사태 해결 등을...",
부동산 세제,與 “부동산 DSR 대출 규제 과감히 완화할 때”,https://biz.heraldcorp.com/article/10438474?ref=naver,"김상훈 정책위의장, 정부 적극 대처 주문 “비수도권부동산 세제개편도 검토해야” 김상훈 국민의힘 정책위의장 [연합] [헤럴드경제=김진·김해솔 기자] 김상훈 국민의힘 정책위의장은 11일 “비수도권 미분양 사태 해결 등을 위해서라도 DSR(총부채원리금상환비율) 대출 규제를 과감히 완화할 때가 됐다”고...",
부동산 세제,정치권發 집값 과열…대선용 '세제 완화' 멈칫할까,https://view.asiae.co.kr/article/2025031911535984704,"국민의힘 관계자는 토지허가제 해제와 관련해 ""대선을 생각하다 보니 오 시장이 너무 성급했던 것 같다""고 말했다. 권 원내대표도 전날부동산 세제개편 방안을 내놓으면서 역효과를 방지하기 위해 수도권은 기존 과세 방식을 유지한다고 밝혔다.",
부동산 세제,비수도권 DSR 완화 논쟁… 부동산 시장 양극화 해소 가능할까?,https://www.gokorea.kr/news/articleView.html?idxno=822802,"금융당국은 이러한 완화에 반대의 목소리를 높이고 있으며, 이로 인해부동산 세제개편 논의에는 난항이 예상되고 있다. 지난해 국내 주요 은행을 통해 6대 광역시 주택을 대상으로 한 신규 대출의 평균 DSR이 28.83%로 집계되었다. 이는 금융당국이 설정한 40%의 규제 한도보다 낮은 수치다. 금융당국은 이러한...",
부동산 세제,[부동산 인사이트] 정책 일관성 훼손 심각…3·19 대책 이후 전망,https://www.bizhankook.com/bk/article/29283,"조정대상지역과 투기과열지구는 대출 규제(LTV, DTI),세제강화(양도세, 취득세), 청약 재당첨 제한, 전매제한 등 강력한 규제가 적용된다. 특히... 필명 빠숑으로 유명한 김학렬 스마트튜브부동산조사연구소장은 한국갤럽조사연구소부동산조사본부 팀장을 역임했다. 네이버 블로그 ‘빠숑의 세상 답사기’와...",
부동산 세제,"KB금융 ""부동산 전문가, 올해 집값 하락 예상"" [집슐랭]",https://www.sedaily.com/NewsView/2GQA4F2QYY,"부동산관련 전문가와 공인중개사 등은 올해 전국 집값이 하락할 가능성이 큰 것으로 예상했다. 수도권 집값과 관련해선 전문가와 공인중개사 간의... 공인중개사는 대출·주택세제·다주택자 관련 규제를 풀어야 한다는 의견이 다수였고, 전문가들은 정비사업·주택임대사업자 관련 규제 완화가 필요하다고...",
부동산 세제,세제혜택·금리인하로 다시 열리는 내 집 마련 기회…실수요자 '눈길',https://www.sedaily.com/NewsView/2GQ8RJ63R7,"최근 정부의 금리 인하와 대출 규제 완화,세제혜택 확대로 인해부동산시장이 다시 활기를 띠고 있다. 각종 대출 규제가 새해 들어 하나둘씩 풀린 데다, 결정적으로 기준·시장금리 하락과 함께 대출 금리가 떨어지면서 실수요자들의 내 집 마련 수요가 본격적으로 움직이기 시작했다. 금융권에 따르면, 지난...",
부동산 세제,"농업경영안정 세제 지원 등 연말 종료 '초비상'…""관련법 개정 시급""",https://www.pressian.com/pages/articles/2025032106131331423?utm_source=naver&utm_medium=search,이원택 의원 개정안 대표발의 '주목' 농업경영안정과 도시민의 농촌 유입을 위해 양도소득세와 부차가치세 감면 등의세제지원 등 각종 혜택이 올해... 지방세특례제한법 개정안 역시 한국농수산식품유통공사 등이 농수산물유통에 관한 교육시설에 사용하기 위해 취득하는부동산에 대해 취득세 및 재산세를...,
부동산 세제,[사설] 지방 주택에 중과세 폐지…부동산 양극화 해소책 될 수 있다,https://www.hankyung.com/article/2025031824821,"권성동 국민의힘 원내대표는 어제 “다주택자가 임대사업자 역할을 하고,부동산자금이 지방으로 유입될 것”이라고 정책 취지를 설명했다. 현행... 취득·양도세 등세제지원과 대출 규제(DSR) 완화 등 수요 증대 방안이 빠져 ‘반쪽 대책’이라는 평가를 받았다. 이런 상황에서 지방 주택 양도세 중과...",
부동산 세제,스트레스 DSR 3단계 올해 7월 시행..부동산 시장 대출 규제 및 세제 개편이 변수,http://www.fnnews.com/news/202503180931076151,"세제개편 역시 올해부동산시장의 중요한 변수로 꼽힌다. 종합부동산세 및 양도소득세 개편 논의가 진행 중이며, 일부 완화 조치가 시행될 가능성이 높다. 만약 다주택자에 대한 세금 부담이 조정될 경우, 시장에 매물이 증가하면서 가격 변동성이 커질 수 있다. 이에 따라부동산매매를 고려하는 경우세제...",
부동산 세제,[사설] 여야 감세 경쟁 가열…세제 수술하되 세수 부족 고려해야,https://www.sedaily.com/NewsView/2GQBFSJ0S9,"국민의힘은 18일부동산양극화 해소를 명분으로 지방에 추가로 주택을 구입할 경우 다주택자 중과세를 폐지하겠다고 했다. 이에 더불어민주당은... 하지만 기업의 경쟁력 제고와 세수 확보 등세제개편의 본질적 목표는 실종됐다. 상속세 개혁은 최고세율 인하, 대주주 할증 폐지, 가업 상속 공제 확대 등에...",
부동산 세제,강남3구에 용산까지 '토지거래허가구역' 지정 … 과열 지속땐 '마포·성동'도 넣는다 [3·19 부동산대책],https://biz.newdaily.co.kr/site/data/html/2025/03/19/2025031900145.html,"국토교통부, 서울특별시, 기획재정부, 금융위원회, 한국은행, 금융감독원은 19일 정부서울청사에서 '부동산관계기관 회의'를 열어 이런 내용을 담은... 나아가 이번 방안에도 주택시장 불안이 지속·확산될 경우 금융·세제·정책대출 등 다양한 대응방안을 제약 없이 검토해 특단의 추가조치를 강구할 방침이다....",
부동산 세제,연봉 1억이면 대출 한도 4000만원 감소…부동산 회복에 최대 ‘변수’로 [부동산360],https://biz.heraldcorp.com/article/10442393?ref=naver,"주택세제(71%), 정비사업 규제(63%)가 필요하다는 응답도 많았다.부동산전문가들의 경우 정비사업 규제가 필요하다는 응답이 58%로 가장 많았다. 주택세제와 임대 사업자 규제를 완화해야 한다는 응답도 54%로 높았다. 보고서는 “정부 입장에서는 가계부채가 기준금리 인하 결정에 부담 요인이 되지 않도록...",
부동산 세제,"부동산 시세, 전세가 아파트 매매가",https://www.bntnews.co.kr/article/view/bnt202503180091,"정부의부동산정책은부동산시장에 직접적으로 영향을 준다.세제혜택, 대출 규제, 주택 공급 정책 등이부동산가격에 영향을 줄 수 있다. 지역적 요인과 외부 요인도부동산시장에 영향을 줄 수 있다. 지역의 인프라 개발, 교통 편의성, 학군 등이 주변부동산의 가치에 영향을 미치며, 자연 재해나...",
부동산 세제,“세상에 안 좋은 부동산은 없다”...‘완판맨’ 공개한 분양비법은,https://www.mk.co.kr/article/11263794,"김국기 더큐브 그룹 대표 장기간 미분양 수원현장 등 고객밀착 마케팅으로 완판 “빅데이터통한 수요 분석 계약마무리까지 밀착 관리“ 지방부동산분양 시장이 침체하면서 수도권까지 미분양이 급증하고 있다. 정부가 다양한 정책을 내놓고 있지만, 취득세나 양도소득세 감면 등 업계가 요구하는세제혜택은...",
부동산 세제,"[세무 경제] 청년이 받을 수 있는 최고의 세제 혜택, 창업중소기업 세액감면",http://www.queen.co.kr/news/articleView.html?idxno=429184,"터인데,세제분야에서 할 수 있는 최고의 지원책이 바로 이 '창업중소기업 세액감면' 제도가 아닐까 싶다. 다만 이 제도도 악용하는 일부 인원으로... 공인중개사와 AFPK 자격을 함께 보유하였으며,부동산절세 컨설팅 및 프랜차이즈, 온라인 커머스 업종을 전문으로 다루고 있다.",
부동산 세제,대한민국 부동산 정책…이제 이 여자가 주무른다,https://www.hankyung.com/article/2025030388337,'1·10 대책' 같은 정부부동산대책 수립 때도 주택정책과가 금융·세제정책까지 조율해 최종 결과물을 내놓는다. 그만큼 격무에 시달리는 것으로 알려져 있다. 이 과장은 서울대 건축공학과를 졸업한 뒤 전공과 관련 있는 기술고시가 아닌 행정고시에 합격해 공직에 입문했다. 사무관 때 주택정책과에서 일한...,
부동산 세제,"부평세무서, 중소기업 대상 세제혜택 설명회 개최",https://www.incheonilbo.com/news/articleView.html?idxno=1281772,"이날 손호익 서장은 법인세 신고·납부 안내와 신고내용 확인, 연구인력개발비 사전심사 제도, 법인세 공제감면 컨설팅 제도, 혼인·출산 증여재산공제, 가업승계세제지원,부동산감정평가 확대 등에 대해 직접 설명했다. 손 서장은 ""국세청이 시행 중인 이들 제도가 중소기업 지원으로 이어져 어려운...",
부동산 세제,"광주시, 촘촘한 체납징수…생계형엔 세제 지원",https://view.asiae.co.kr/article/2025031108275976007,"이를 위해 체납자의부동산, 자동차, 금융재산 등 처분 가능한 재산에 압류·공매·매각 등 체납처분을 적극 시행한다. 또 번호판 영치, 공공정보등록... 유예하는세제지원도 병행할 계획이다. 김대정 세정과장은 “납세를 회피하는 체납자에 대해서는 적극적인 징수 활동을 펼치는 한편, 생계형 체납자에...",
부동산 세제,[시론] 미국 부동산 시장 전망과 교훈,https://www.dnews.co.kr/uhtml/view.jsp?idxno=202503052314031430010,"정부는 일관성 있는부동산 세제개편과 대출 규제 완화, 민간 투자 유치 로드맵을 현실성 있게 추진해야 한다. 예를 들어, 리츠 활성화나 외국인 투자 유치에 적극적인 인센티브 등이 있어야 한다. 금리 안정화와 시장 회복은 단순히 기다리는 것이 아니라, 적극적인 정책과 민간의 혁신으로 만들어진다....",
부동산 세제,"광주시, 촘촘한 체납징수 강화…생계형엔 세제 지원",https://www.nocutnews.co.kr/news/6305173?utm_source=naver&utm_medium=article&utm_campaign=20250310111124,"광주시는 이를 위해 체납자의부동산, 자동차, 금융재산 등 처분 가능한 재산에 압류·공매·매각 등 체납처분을 적극적으로 시행한다. 또 번호판 영치... 유예하는세제지원도 병행할 계획이다. 광주시 세정과 관계자는 ""납세를 회피하는 체납자에 대해서는 적극적인 징수 활동을 펼치는 한편 생계형 체납자에...",
부동산 세제,가계대출 ‘지역별 관리’ 추가…강남3구 등 들여다본다 [3·19 부동산대책],https://www.ekn.kr/web/view.php?key=20250319025397870,"금융위원회와 국토교통부, 서울특별시, 기획재정부 등이 19일 정부서울청사에서 열린 '부동산관계기관 회의'에서 발표한 '주택시장 안정화 방안'에는... 정부 관계자는 “이번 안정화 방안 이후에도 주택시장 불안이 지속·확산될 경우 금융·세제·정책대출 등 다양한 대응 방안을 제약 없이 검토해 특단의 추가...",
부동산 세제,"일본 오픈하우스, 부동산 결제에 DOGE·SOL·XRP 도입",https://www.tokenpost.kr/article-230850,"여당 자민당은 현재 암호화폐 투자 수익에 대해 주식과 같은 20%의 분리과세를 적용하는세제개편안도 추진 중이다. 이런 정책적 변화와 함께 오픈하우스 같은 주요 기업들이 앞장서서 암호화폐 결제를 현실화하고 있다는 점은, 일본의부동산시장뿐 아니라 글로벌 고액 자산 시장 전반에 걸쳐 암호화폐...",
부동산 세제,다주택자 세제 개편 기대에 지역 건설업계 반색,http://www.kookje.co.kr/news2011/asp/newsbody.asp?code=0200&key=20250318.99004005290,대한주택건설협회 부산시회 측은 “얼어붙은 지방 주택경기 부양을 위해 다주택자세제개편은 꼭 필요한 대책”이라며 “지방이 고사 위기에 직면한... 정부는 앞서 지난달 19일 지방부동산경기 활성화를 위해 ‘지역 건설경기 보완방안’을 내놨다. 이 방안에는 ▷한국토지주택공사(LH)의 지방 준공 후...,
부동산 세제,"[아유경제_부동산] 아이에스동서, '15.4% 세금 감면' 비과세 배당 도입",http://www.areyou.co.kr/news/articleView.html?idxno=88108,자본준비금을 감액한 자금을 재원으로 배당금을 받는 주주는 지방세 포함 배당소득세 15.4%를 부담하지 않아 일반 현금배당과는 다른세제혜택을 받는다. 안건이 통과되면 자본준비금이 이익잉여금으로 전입돼 배당 재원이 확대된다. 이는 2025년 회계연도 결산배당부터 주주들이 비과세로 배당을 받을 수...,
부동산 세제,"[경기도] 가평군, 접경지역 추가 지정 국비·세제 혜택 확대",http://www.incheontoday.com/news/articleView.html?idxno=264051,"이와 함께 접경지역 내부동산 세제혜택도 주어진다. 기존 1주택자가 가평군에서 공시가격 4억원 이하의 주택을 추가로 구입할 경우, 종합부동산세·양도소득세·재산세·취득세 등의 세금 중과 대상에서 제외된다. 이러한 세제 혜택은 부동산 거래 활성화와 함께 가평군 내 생활 인구 유입을 촉진하는 효과를...",
부동산 세제,"정부 ,'뒤늦게' 강남3구 토지거래허가구역 재지정.용산도 추가 지정 …""부동산 투기 차단""",https://www.ngonews.kr/news/articleView.html?idxno=204080,"서울시의 잘못된 정책 판단으로 강남지역의 토지거래허가구역 해제에 따라 집값이 급등하는 등부동산투기 움직임이 나타나자 정부와 서울시가 강남... 정부는 ""이번 안정화 방안 이후에도 주택시장 불안이 지속·확산한다면 금융·세제·정책대출 등의 대응 방안을 제약 없이 검토해 특단의 추가 조치를...",
부동산 세제,조기 대선 앞두고 부동산 규제 완화 띄우는 與...조심스러운 野,https://www.ajunews.com/view/20250319123843464,"조기 대선을 염두에 두는 것은 아니라고 선을 그었지만, 국민의힘이 돌연부동산 세제개편 방안을 꺼내든 건 조기 대선을 생각한 것이라는 정치권의 분석이 나온다. 민주당의 지난 대선 패배 원인을 문재인 정부의 부동산 정책 실패로 꼽는 이유에서다. 지난해부터 세제개편 방안을 밝힌 것도 대선을 의식한...",
부동산 세제,[데스크 시각] 서울과 지방 부동산 시장에는 다른 핀셋이 필요하다,https://www.etoday.co.kr/news/view/2453015,반면 강남3구 등 이미 다른 시장과 완전히 분리된 시장에 대해서는 별도의 관리세제나 규정을 만들어 관리하고 시장을 자극하는 투기 수요 등에 대해서는 자금출처 파악 등을 통해 압박하는 핀셋 규제를 시행할 필요가 있다. 올해 경기전망도 비관적이다. 국내부동산시장의 후폭풍이 금융업 등 실물경제로...,
부동산 세제,"[증권소식] 작년 증권사 순익 7조 육박/검찰, '부동산 PF 대출비리' 한국투자증권 임직원 불구속기소/롯데글로벌로지스, 기업공개 돌입 등",https://www.asiatime.co.kr/article/20250325500236,"이는 작년 주요 주가지수와 원·달러 환율 상승 등 시장 변동성이 확대되면서 자기매매 손익이 증가하고, 해외주식 거래대금 증가와부동산프로젝트... ◆ 국내 금 현물거래가 여전히 종로로 대표되는 장외시장에 치우친 가운데 장내 시장인 한국거래소(KRX) 금시장을 활성화하기 위해서는세제지원을...",
부동산 세제,[권대중의 부동산 산책]건설사는 미분양주택으로 자금난에 부도 위기,https://www.newsway.co.kr/news/view?ud=2025032016323967760,"그렇지 않아도 건설업 침체 원인은 정치적 불안이 경제침체로 이어지면서부동산경기 침체, 고금리 기조 장기화, 공사비 급등 등 여러 요인이... 그래서 과거 미분양 주택이 많았을 때 당시 정부는세제완화 등 어떤 대책을 내놓았는지 한번 뒤 돌아볼 필요도 있으며 중소 건설사들이 살아날 수 있도록...",
부동산 세제,갈팡질팡 부동산정책…3.19부동산대책 시끌,https://www.rcast.co.kr/news/articleView.html?idxno=27315,"정부와 서울시가 19일 '부동산관계기관 회의'를 통해 '3.19주택시장 안정화 방안(이하 3.19대책)'을 발표했다. 지난 2월 강남권을 중심으로... 조정대상지역, 투기과열지구로 지정이 될 경우 중과세 등세제도 강화되는가 하면 청약의 경우 재당첨제한이 7년(조정대상지역), 10년(투기과열지구) 등으로 강화된다....",
부동산 세제,[사설] 수도권-비수도권 부동산 양극화 해소할 대책 급하다,https://www.busan.com/view/busan/view.php?code=2025031918051234944,"악성 미분양 매입 등 건설사 지원에 방점이 찍혔고, 취득·양도세 등세제지원과 대출 규제 완화 등 수요 증대 방안이 빠졌기 때문이다. 여당이 제안한 지방 주택 양도세 중과 면제는 수도권과 비수도권부동산양극화를 해소할 수 있는 방안이 될 수 있다. 인구 감소로 침체의 늪에 빠진 지방 주택시장을 살릴...",
부동산 세제,"[부동산 인사이트]강남발 집값 ‘불장’에…정부·서울시, 규제 카드 ‘만지작’",https://www.asiatoday.co.kr/view.php?key=20250318010009165,"이들 4곳 외에는 대출,세제, 청약, 거래 등 집을 사고파는 전 과정에 대한 규제가 풀린 상태다. 그런데 조정대상지역으로 묶이면 이런 규제가 부활한다. 예컨대, 종합부동산세(종부세)와 양도소득세가 중과되고, 주택담보대출비율(LTV) 등 대출이 축소된다. 아파트 재당첨 제한 등 청약 규제도 강화된다.하지만...",
부동산 세제,"반쪽 그친 건설경기 정상화 수도권 비규제지역 ""세제·금융지원 절실""",https://www.dt.co.kr/contents.html?article_no=2025030502109923083001&ref=naver,"한부동산전문가는 ""수도권을 배제한 채 지방만 지원하면, 건설사들의 유동성 위기를 근본적으로 해소하기 어렵다""며 ""수도권에도 미분양 해소와 주택 수요 촉진을 위한 금융·세제지원책이 포함되어야부동산시장이 정상화될 수 있다""고 강조했다. 2013년 나왔던 '미분양 주택 구입 시 양도세 면제 혜택...",
부동산 세제,"""건설업 유동성 위기 직면…미분양 매입 확대·세제 대책 필요""",https://www.sedaily.com/NewsView/2GQ4MRTU8T,"아울러 미분양 주택 취득 시 5년간 양도세 한시 감면 및 다주택자에 대한 취득세 중과배제와 지방 준공 후 미분양 주택 취득 시 주택 수 제외 과세특례 기간 연장,부동산프로젝트파이낸싱(PF) 자기자본비율 확충 및 상호금융권 대손충당금 규제 시행 유예 등세제·금융지원 방안을 추가 보완대책으로 제시했다....",
부동산 세제,[국세 칼럼] 백가쟁명식 상속 세제 개편 논의에 대하여,http://www.intn.co.kr/news/articleView.html?idxno=2042548,인한부동산가격의 상승과 물가상승률 등을 반영하지 못하고 있는 낮은 상속공제 한도액 등으로 인해 전세계적으로 상속세를 아예 폐지하거나 저율로 과세하고 있는 흐름과 다르게 상속세 부담이 과도하다는 지적과 함께 상속세제개편에 대한 필요성이 지속적으로 제기되어 왔다. 그동안 거론된 구체적인...,
부동산 세제,강남·용산 토지거래허가구역 재지정…비수도권 '부동산 침체' 대책은 어디에?,https://www.gokorea.kr/news/articleView.html?idxno=822800,"편중된부동산정책에 우려를 나타냈다. 정부의 최근 지역 건설 경기 보완 방안은 지방의 요구를 수용하지 못했다는 평가가 나온다. 이 같은 상황 속에서 금융위원회는 지방의 미분양 문제를 해결하기 위한 거시적 정책의 필요성을 강조했지만, 근본적인 대책 제시는 이루어지지 못했다. 지역 건설업계는 ""세제에...",
부동산 세제,첫 여성 국토부 주택정책과장…정부 부동산 정책 총괄,https://www.munhwa.com/news/view.html?no=2025030401039910128003,‘1·10 대책’ 같은 정부부동산대책 수립 때도 주택정책과가 금융·세제정책까지 조율해 최종 결과물을 내놓는다. 그만큼 격무에 시달리는 것으로 유명한 부서다. 그간 국장급 직위인 국토부 주택정책관을 여성이 맡았던 적은 있으나 여성 주택정책과장은 없었다. 이유리 과장은 서울대 건축공학과를 졸업한...,
부동산 세제,"""세제혜택 늘려 '퇴직금의 연금화' 유도해야""",http://www.edaily.co.kr/news/newspath.asp?newsid=03434166642102008,"일본 가계자산 2200조엔(약 2경 1700조원) 중 절반이 예금, 보험, 원금 보장형 금융자산에 쏠려 있지만세제혜택 등을 통해 이를 유가증권 시장으로... 차이점이 있다면 일본은 유동화가 손쉬운 금융자산이라면 우리나라는 상대적으로 유동화가 어려운부동산에 쏠려 있다는 점이다. 통계청의 ‘2024...",
부동산 세제,“젊은세대로 ‘부의 이전’…세제 패러다임 전환 필요하다”,https://biz.heraldcorp.com/article/10439603?ref=naver,자산 규모 200억원대 제조업체를 경영하고 있는 중소기업 대표인 60대 사업가 B씨는 최근 회사는 물론 강남 아파트 등 50억원 상당의부동산까지 모두... 그러나 지난 2022년 ‘부의 회춘’ 정책으로 각종세제를 정비하고 증여세 면제 제도를 확대했다. 가장 대표적인 제도는 60세 이상 부모가 18세 이상...,
부동산 세제,"[칼럼] 1가구 1주택 정책, 사유재산과 자유로운 부동산 시장 거래 침해",http://www.marketnews.co.kr/news/articleView.html?idxno=71426,"지방부동산 세제지원은 아직 미지근한 수준에 그치고 있다. 정부는 공시가격 2억 원 이하 주택의 취득세에 기본세율을 적용하고, 지방 저가 주택의 종합부동산세 1가구 1주택 특례 기준을 기존 공시가격인 3억 원 이하에서 4억 원 이하로 확대하는 조치를 시행했다. 이러한 세제 지원으로는 큰 효과를 기대하기...",
부동산 세제,"부동산 시세, 전세가 아파트 매매가",https://www.bntnews.co.kr/article/view/bnt202503110103,"정부의부동산정책은부동산시장에 직접적으로 영향을 준다.세제혜택, 대출 규제, 주택 공급 정책 등이부동산가격에 영향을 줄 수 있다. 지역적 요인과 외부 요인도부동산시장에 영향을 줄 수 있다. 지역의 인프라 개발, 교통 편의성, 학군 등이 주변부동산의 가치에 영향을 미치며, 자연 재해나...",
부동산 세제,지방 미분양 대책 효과 낼까 [김경민의 부동산NOW],https://www.mk.co.kr/article/11258261,"미분양 아파트를 매입해 임대사업자로 등록한 뒤 의무임대기간인 10년을 채우면 종합부동산세 합산 배제, 양도소득세 중과 배제 등 각종세제혜택을 받을 수 있다. 또한 지방 준공 후 미분양 주택을 구입할 경우 디딤돌대출 금리를 0.2%포인트 인하한다. 자금난을 겪는 건설사 지원 방안도 내놓았다....",
부동산 세제,'세제 감면' 등 빠진 2·19 대책…'보완책' 시급 [벼랑끝 건설]④,https://www.news1.kr/realestate/general/5706003,"각종세제·금융 혜택이 뒷받침돼야 한다고 입을 모은다. 미분양이 심각했던 2013년 정부가 발표한 5년간 양도 소득세 면제, 취득세 감면 등의 대책을 내놔야 한다는 것이다. 이번 대책에는 정치권이 요구했던 DSR 규제의 한시적 완화도 빠졌다. 김인만부동산경제연구소 소장은 ""건설 경기 불황 문제를 해결할...",
부동산 세제,"주건협 ""2.19 대책 부족…미분양 세제 지원 확대해야"" 정부 건의",https://view.asiae.co.kr/article/2025030616173454290,"대한주택건설협회가 ""2.19 대책에 포함되지 않은세제·금융지원 등 수요진작 방안을 마련해야 주택시장이 정상화할 수 있을 것""이라며 정부에 추가... 그러면서부동산프로젝트 파이낸싱(PF)과 관련해 금융사가 스스로 자기자본 비율을 늘릴 수 있도록 유도하고, 시장이 회복될 때까지 위험가중치 및 충당금...",
부동산 세제,여 “배우자 상속세 폐지” 야 “18억까지 면세”…중도층 표심 잡으려 ‘세제 개편’ 경쟁,https://www.joongang.co.kr/article/25318830,민주당 원내지도부 소속 한 의원은 “서울의부동산가격이 많이 상승했는데 공제는 그대로”라며 “이런 불합리를 바로잡아야 수도권 중도층의 표심이 민주당에 돌아올 수 있다는 지적이 적지 않다”고 했다. 여야는 상대를 향한 비난 수위도 높였다. 권 위원장은 민주당 개편안을 “선동형 가짜 개편안”...,
부동산 세제,"‘합리적 분양가’ 펜타시티 동화아이위시, 세제 혜택 주목",https://biz.chosun.com/real_estate/real_estate_general/2025/03/07/ADQWAZV6YFHARPT4JNIDOC25UA/?utm_source=naver&utm_medium=original&utm_campaign=biz,"2월 28일 준공 승인 획득 양도세, 취득세 중과 대상서 제외 정부가 1월 8일 내놓은부동산대책과 금리 인하 조치로 실수요자들의 내 집 마련 기회가 확대될 전망이다.세제혜택 확대와 금리 인하에 힘입어 실수요자들 사이에서 신규 아파트에 대한 집중도가 높아지고 있다. 정부는 지난 1월 8일 제11차...",
부동산 세제,"경북 첫 국제학교 포항 설립 추진, 부동산 시장 활성화 기대",https://www.apnews.kr/news/articleView.html?idxno=3032223,"특히,부동산대책에 따른세제혜택과 신축 아파트가 결합된 단지들이 실수요자들에게 큰 매력을 제공하고 있다. 이런 가운데 포항 자족신도시인 펜타시티 내 '펜타시티 동화아이위시'는 지난달 28일 준공 승인을 얻은 신축 아파트로, 잔여 세대 계약 시 1가구 1주택 특례 적용으로 양도세 부담이 없다. (117...",
부동산 세제,[기고] 2025년 맞춤형 부동산 절세 요령은?,http://www.segyebiz.com/newsView/20250304514455?OutUrl=naver,"올해 12월 31일까지 시행되며 전용면적 85㎡ 이하, 취득가액 6억원 이하 해당 주택을 최초 매매계약한 이가세제혜택을 받는다.부동산의 매각과 보유 시 내야 하는 양도소득세와 종합부동산세 외에도 지방의 생활인구 확대와 미분양 적체 문제를 해소하기 위한 한시 지원 특별법이 다양하다. 주택 매입과...",
부동산 세제,부동산 침체·정국 불안에 분양시장 '찬바람',http://www.newstomato.com/ReadNews.aspx?no=1256314&inflow=N,"단지별로부동산시장의 양극화 현상이 심화하면서 수요자들의 옥석 가리기는 이어질 것으로 전망됩니다. 고준석 연세대 경영대 상남경영원 교수는 ""서울 강남권 등 알짜 단지에서는 경쟁률이 높은 현상은 지속되고, 지방은 미분양 물량이 늘어날 전망""이라면서 ""취득세·양도세 감면 등세제혜택...",
부동산 세제,"""지방 집 사면 세금 깎아줘""···탄핵 정국 속 부동산 감세 전쟁",https://www.sisajournal-e.com/news/articleView.html?idxno=410323,"여야가 윤석열 대통령 탄핵심판 결과를 앞두고부동산관련 감세 정책을 경쟁적으로 쏟아내고 있다. 국민의힘은 지방 주택 추가 구매 시 취득세... 권 원내대표는 ""이런세제개편이 수도권 주택 가격 상승을 초래하는 역효과를 미연에 방지하기 위해 두 번째부터 보유한 주택이 수도권에 있으면 기존 과세...",
부동산 세제,광주·전남 부동산 전문가 10명 중 8명 “집값 하락 지속”,http://www.kwangju.co.kr/article.php?aid=1742384400781443278,"공인중개사 사이에서는 대출·주택세제·다주택자 관련 규제를 풀어야 한다는 의견이 많았고,부동산전문가들은 정비사업·주택임대사업자 관련 규제 완화를 제시했다. 전문가들은 올해 눈여겨봐야 할 주택시장 이슈로는 ▲주택시장 불안의 핵심 요인으로 지목되는 공급 물량 ▲침체가 지속되고 있는...",
주거복지 정책,"조규홍 장관, 24.9억…복지부 고위 공무원 평균 30.5억원[재산공개]",https://www.newsis.com/view/NISX20250326_0003114097,"올해 상반기 재건축으로 거주지가 멸실 예정임에 따라주거계획으로 신규 거주지를 매입했다고 설명했다. 이밖에 배우자 명의로 경기 과천시에... 정호원복지부 대변인은 8억7796만원, 김혜진 기획조정실장 26억2460만원, 이스란 사회복지정책실장 34억1621만원, 정윤순 보건의료정책실장...",
주거복지 정책,"전북자치도, 전북형 주거복지정책 '반할주택' 공급 본격화",http://www.jeollailbo.com/news/articleView.html?idxno=762985,"27일 도에 따르면 '반할주택'은 '보증금 무이자 지원', '반값 임대료', '내 집 마련 기회' 등 3가지 혜택을 제공하는 전북형주거정책으로 '반할 수밖에 없는 주택'이라는 의미를 담고 있다. 앞서 도는 인구감소 위기 지역 11개 시군을 대상으로 오는 2031년까지 총 500세대 공급하기로 했으며, 지난해 장수군이...",
주거복지 정책,"서울시, 주거 취약가구에 우선 지원 계획 임차료 동결 조건, 세입자 있는 주택도 지원: 최대 1,200만원까지",https://www.cbci.co.kr/news/articleView.html?idxno=493120,"이번 지원 사업은 서울시의주거복지 정책의 일환으로, 노후화된 주거 환경을 개선하여 시민들의 삶의 질을 높이는 데 기여할 것으로 기대된다. 이와 같은 서울시의 적극적인 지원 정책은 주거 취약가구의 안전하고 쾌적한 생활 환경을 보장하는 동시에, 지역 사회의 전반적인 주거 복지를 향상시키는 데...",
주거복지 정책,"용인특례시, 처인노인복지관서 '찾아가는 주거복지상담소' 운영",http://www.econonews.co.kr/news/articleView.html?idxno=381212,"시는주거복지 정책에 대한 정보가 부족한 시민들에게 관련 정보와 맞춤형 상담을 제공하기 위해 '찾아가는 주거복지상담소'를 운영하고 있다. 시는 이날 상담에 참여한 시민 100여 명에게 맞춤형 상담을 통해 시 주거 복지 사업을 안내하고 공공임대주택 입주 정보 등을 제공했다. 또 지역 내 고시원, 옥탑 등에...",
주거복지 정책,"""고령인구 급증 속 거주시설 부족""…중산층, 복지정책 사각지대",https://www.news1.kr/realestate/general/5734673,"신설 △생활지원주거의무 설치 △노인복지주택 건설 및 시설기준 개선 △공공지원 민간임대주택을 활용한 노인복지주택 공급 등을 제안했다. 입주자 측면에선 과세대상 주택수 산정시 노인복지주택 제외와 단기 체류형 운영, 계약철회 규정 도입 등도 개선 사항으로 꼽았다. 연구원은 ""기존 노인복지주택...",
주거복지 정책,"지방자치인재개발원 고위정책과정, 고창군 청년 주거복지 선진지 견학",https://www.joongdo.co.kr/web/view.php?key=20250328010008953,"지방자치인재개발원 제22기 고위정책과정 교육생이 지난 25일 고창군을 방문해 청년주거복지 정책우수사례를 벤치마킹했다. 29일 고창군에 따르면 교육생들은 고창군이 역점적으로 추진 중인 ▲터미널 도시재생 혁신지구 국가시범사업(1777억원), ▲일자리연계형 지원주택사업(410억원) ▲청년매입임대주택...",
주거복지 정책,"광명시, 위기가구·복지사각지대 발굴 안전망 '촘촘'",https://news.tf.co.kr/read/national/2191175.htm,"위기가구에게복지 정책을 알려 지원받을 수 있도록 하고 집배원이 위기가구의 거주 환경 즉, 반복되는 체납 고지서, 장기 적체된 우편물 등 위기... 맞춤형복지서비스를 지원한다. 지난해 8월부터 올해 3월까지 총 8건의 상담이 이뤄졌다. 이 중 5건은 경제·주거·일자리 등 영역별 맞춤형복지서비스...",
주거복지 정책,"""디딤돌소득, K-복지모델로…기존 제도 연계시 효과 극대화""",https://www.yna.co.kr/view/AKR20250324007200004?input=1195m,"높이는복지정책의 패러다임으로 전환할 필요가 있다""며 K-복지모델 비전도 제시했다. 연구팀은 디딤돌소득 대상을 기준 중위소득 ▲ 65% 이하... 이 모델 적용 시 소득하락에 대한 위험과 불안을 배제할 수 있는 특징이 있고 기초생활보장제도의주거급여까지 통합 가능할 것으로 분석됐다. 추가 재정은...",
주거복지 정책,"용인특례시, 처인노인복지관서‘찾아가는 주거복지상담소’운영",https://www.siminilbo.co.kr/news/newsview.php?ncode=1160281862954068,"시는주거복지 정책에 대한 정보가 부족한 시민들에게 관련 정보와 맞춤형 상담을 제공하기 위해 ‘찾아가는 주거복지상담소’를 운영하고 있다. 시는 이날 상담에 참여한 시민 100여 명에게 맞춤형 상담을 통해 시 주거 복지 사업을 안내하고 공공임대주택 입주 정보 등을 제공했다. 또 지역 내 고시원, 옥탑...",
주거복지 정책,"인천시 미추홀구, 긴급복지 의료기관 간담회 개최해",https://www.siminilbo.co.kr/news/newsview.php?ncode=1160289391416370,"구민들에게 신속한 지원이 가능했다.”라며, “앞으로도 지속적인 소통과 협의를 통해 의료 사각지대 없는복지를 실현해 나가겠다.”라고 말했다. 한편, 구는 긴급복지의료지원 사업뿐만 아니라 생계·주거등 위기에 처한 가구를 돕기 위한 다양한복지 정책을 추진하는 등복지안전망 강화에 힘쓰고 있다.",
주거복지 정책,"지방자치인재개발원 교육생, 고창군 찾아 `청년 주거복지' 벤치마킹",http://sjbnews.com/news/news.php?number=845361,"지방자치인재개발원 제22기 고위정책과정 교육생이 지난 25일 고창군을 방문해 청년주거복지 정책우수사례를 벤치마킹했다. 교육생들은 고창군이 역점적으로 추진 중인 터미널 도시재생 혁신지구 국가시범사업(1777억원), 일자리연계형 지원주택사업(410억원), 청년매입임대주택(10억원) 등 의 현장을...",
주거복지 정책,"이택수 경기도의원, 정책연구용역 최종보고회 개최",https://www.seoul.co.kr/news/publicnews/local_govern/kyungki_do/2025/03/26/20250326500164?wlog_tag3=naver,"경기도의회 교육기획위원회 소속 이택수 의원(국민의힘, 고양8)은 25일 경기도고양교육지원청 회의실에서 「경기도 노인주거복지정책연구회(회장 이택수)」의 ‘경기도형 세대통합 커뮤니티 주택 운영 방안 연구’ 최종보고회를 개최하였다. 이번 연구용역은 초고령화 사회 진입을 앞두고 노인들이 시설이나...",
주거복지 정책,"광명시, 복지사각지대 발굴 4대 안전망 본격 가동",http://www.metroseoul.co.kr/article/20250326500731,"위기가구에게복지 정책을 알려 지원을 받을 수 있도록 하고, 더 나아가 집배원이 위기가구의 거주 환경을 살펴보고 반복되는 체납 고지서, 장기 적체된... 맞춤형복지서비스를 지원한다. 지난해 8월부터 올해 3월까지 총 8건의 상담이 이뤄졌으며 이 중 5건은 경제,주거, 일자리 등 영역별 맞춤형복지서비스...",
주거복지 정책,"미추홀구, 긴급복지 의료기관 간담회 개최",http://www.enewstoday.co.kr/news/articleView.html?idxno=2255796,"필요한 구민들에게 신속한 지원이 가능했다""며 ""앞으로도 지속적인 소통과 협의를 통해 의료 사각지대 없는복지를 실현해 나가겠다""고 말했다. 한편, 구는 긴급복지의료지원 사업뿐만 아니라 생계·주거등 위기에 처한 가구를 돕기 위한 다양한복지 정책을 추진하는 등복지안전망 강화에 힘쓰고 있다.",
주거복지 정책,"""대한민국 최고의 복지천국 울주군…촘촘하게 다가가는 주민 맞춤형 정책 더 늘려야죠""",https://www.hankyung.com/article/2025032719821,이순걸 울주군수는 “올해 누구도 소외되지 않는 함께 누리는 행복 울주 실현을 위해 촘촘하게 다가가는 맞춤형복지 정책을 확대 추진하겠다”고... 아우르는복지서비스 지원’을 펼친다. 울주군은 결혼 초기 경제적 부담을 줄이고주거안정을 돕기 위해 신혼부부를 대상으로 주택 매입 전세자금대출...,
주거복지 정책,"디딤돌소득을 'K-복지모델'로… 오세훈 ""빈곤위험층 포괄할 대안""",https://view.asiae.co.kr/article/2025032408320767595,"이날 연구 결과 발표에 앞서 오 시장은 ""빈곤해져야 지원하는 것이 아니라, 빈곤해지기 전 선제적으로 지원해 회복탄력성을 높이는복지정책의 패러다임... 이 모델 적용시 소득하락에 대한 위험과 불안을 배제해 적극적인 사회참여와 자기실현 지원이 가능하고 기초생활보장제도의주거급여까지 통합 가능할...",
주거복지 정책,"가평시설공단 행복나눔봉사단, 주거환경개선 봉사활동 전개",https://www.kmaeil.com/news/articleView.html?idxno=498807,"가평군시설관리공단(이사장 최승수, 이하 공단) 행복나눔봉사단은 지난 26일 지역 내 고난도 사례관리 대상자인 독거노인을 대상으로주거환경개선 봉사활동을 실시했다. 이번 활동은 행복나눔봉사단을 중심으로, 가평군복지정책과, 가평군자원봉사센터, 상면행정복지센터, 상면지역사회보장협의체 등...",
주거복지 정책,인천형 주거정책 ‘천원주택’ 모집에 3681명 몰려,https://news.tf.co.kr/read/national/2187808.htm,"7.36대 1의 경쟁률은 신혼부부 및 신생아 가정을 위한 인천형주거복지 정책에 대한 높은 관심을 입증하는 결과다. ‘천원주택’은 하루 1000원, 월 3만 원의 저렴한 임대료로 신혼부부 등에게 안정적인 주거환경을 제공하는 정책이다. 발표 초기부터 실질적인 주거비 부담 완화 대책으로 주목받았으며, 접수...",
주거복지 정책,세종시 복지 행정에 정교함·전문성 더한다,https://daily.hankooki.com/news/articleView.html?idxno=1194750,"이와 함께 자활사업 지침 개정사항 설명 및 자활사업단 홍보,주거급여 개정사항과 신청 시 유의사항 안내 등 변화된복지 정책을 현장에서 효과적으로 적용할 수 있도록 안내했다. 교육 이후에는 질의응답 시간을 통해 현장에서 마주하는 애로사항을 공유하고 해결책을 모색했다. 이영옥 보건복지국장은...",
주거복지 정책,갈수록 고령화…‘전남형 통합돌봄’ 복지 정책 시동,https://view.asiae.co.kr/article/2025032308520899093,이상심 전남도 보건복지국장은 “앞으로는 전남도 특성을 반영한 기본적 통합돌봄 모형을 구축해 돌봄이 필요한 어르신이 살던 곳에서 건강한 노후를 보내도록 적극적으로 지원하겠다”고 말했다. 전남도는 정부정책방향에 발맞춰 의료·요양·돌봄 등 다양한 서비스를 원스톱으로 받도록 ‘전남형...,
주거복지 정책,"박재용 경기도의원 ""외국인 근로자 복지향상에 힘쓰겠다""",https://www.newscj.com/news/articleView.html?idxno=3249694,"보호와복지증진을 위한 지속적인 노력을 약속했다. 이번 개소식은 외국인 계절근로자들의 열악한주거환경을 개선하고 안정적인 근로 여건을 조성하기... 근로자복지향상을 위한정책적 지원을 아끼지 않겠다""고 강조했다. 또한 과거 외국인 근로자 쉼터를 방문했던 경험을 언급하며, 열악한 생활 여건 속에서...",
주거복지 정책,"[인터뷰] ""촘촘한 복지, '모두가 행복한 서울' 만들 것"" 김영옥 서울시의회 보건복지위원장",https://daily.hankooki.com/news/articleView.html?idxno=1195167,"맞춤형복지정책을 추진한다는 것이다. '서울형 키즈카페, 서울런, 안심소득(서울디딤돌소득)'을 앞서가는 서울형복지사업으로 꼽는 김 위원장은... 침체된 '미가로 먹자골목' 상권을 살리기 위해 서울형 키즈카페 유치와 2종주거지역 용도상향과 관련한 용역도 진행하고 있다. 또한 광진구 정립회관이...",
주거복지 정책,"광명시, 촘촘한 복지사각지대 발굴 안전망 가동",http://www.breaknews.com/1103658,"위기가구에게복지 정책을 알려 지원을 받을 수 있도록 하고, 더 나아가 집배원이 위기가구의 거주 환경을... 맞춤형복지서비스를 지원한다. 지난해 8월부터 올해 3월까지 총 8건의 상담이 이뤄졌으며 이 중 5건은 경제,주거, 일자리...",
주거복지 정책,서울 '약자동행 자치구 지원사업' 선정… 복지정책 효과성↑,http://www.welfarenews.net/news/articleView.html?idxno=109710,장애인신문·웰페어뉴스=박성용 기자 | 서울시가 기존복지정책의 효과성을 높이기 위해 각 자치구와 협력을 강화한다. 26일 서울시는 '2025년도 약자와의... 9사업 ▲느린학습자의 교육공백 해소 위한 자유학기 맞춤형 THE 성장스쿨 ▲자립준비청년의주거환경 개선사업 ▲저소득 장애인 돌봄가족의 건강관리를...,
주거복지 정책,"이혜란 국장 ""제주도민 누구나 편히 누리는 제주형 복지 실천""",https://www.nocutnews.co.kr/news/6311399?utm_source=naver&utm_medium=article&utm_campaign=20250320054832,"현재 제주도가 강조하는복지정책기조는 무엇입니까? ◆이혜란> 제주도의복지수준은 타 지역과 비교했을 때 꾸준히 향상되고 있습니다. 특히... 청소년들의 자립과 교육, 생활지원 등을 제공하고 있고 특히 시설 퇴소자의 안정적인주거지원을 위해서주거정착 지원금을 지원하고 있는데 기존 500만 원에서...",
주거복지 정책,"청양군, 복지업무 담당자 직무 교육 가져",http://www.bzeronews.com/news/articleView.html?idxno=704156,"2025년 선정 기준은 생계급여 32% 이하, 의료급여 40% 이하,주거급여 48% 이하, 교육급여 50% 이하 등이다. 관련 문의는 청양군청복지정책과복지기획팀(940-2071~5)로 하면 된다. 김돈곤 군수는 ""지역 내복지담당자들이정책변화에 신속히 대응하고 군민들에게 보다 신속한복지서비스를 제공할 수 있도록 이번...",
주거복지 정책,시흥시의회 '이주배경청소년 주거·복지정책 연구회' 본격 활동 개시,https://www.newscj.com/news/articleView.html?idxno=3248175,"시흥시의회 의원 연구단체 '시흥시 이주배경청소년주거환경 및복지정책연구회'가 지난 18일 시흥시의회 운영위원회 회의장에서 첫 간담회를 열고 본격적인 연구 활동에 착수했다. 이 연구회는 한지숙 의원과 이건섭 의원이 공동으로 활동하며, 이주배경청소년의주거환경과복지사각지대를 분석해 안정적인...",
주거복지 정책,“베이비부머 은퇴자 쏟아지는데”…노인 위한 복합주거단지 대안될까,https://biz.heraldcorp.com/article/10451823?ref=naver,27일 한국토지주택공사(LH) 산하 LH토지주택연구원이 최근 발간한 ‘한국형 은퇴자 복합주거단지(K-CCRC) 추진을 위한 제도 개선 연구’ 보고서는 고령자복지정책사각지대에 놓인 중위소득·중장년층이 은퇴 후 건강하고 활기찬 삶을 영위할 수 있는 노인복지주택 공급을 활성화하려면 제도적 기반이...,
주거복지 정책,"시흥시의회, 이주배경청소년 주거환경 및 복지정책 연구회 간담회",http://www.breaknews.com/1101949,시흥시의회 의원 연구단체 '시흥시 이주배경청소년주거환경 및복지정책연구회'가 지난 18일 의회운영위원회 회의장에서 올해 첫 간담회를 개최했다. '시흥시 이주배경청소년주거환경 및복지정책연구회'는 한지숙 의원과 이건섭...,
주거복지 정책,"인천형 주거정책, '천원주택(매입임대주택)' 3,681명 몰려...7.36대 1",https://www.getnews.co.kr/news/articleView.html?idxno=811811,"이는 신혼부부 및 신생아 가정을 위한 인천형주거복지 정책에 대한 높은 관심을 입증하는 결과다. '천원주택'은 하루 1000원, 월 3만 원의 저렴한 임대료로 신혼부부 등에게 안정적인 주거환경을 제공하는 정책이다. 발표 초기부터 실질적인 주거비 부담 완화 대책으로 주목받았으며, 접수 첫날부터 628명이...",
주거복지 정책,시흥시의회 의원 연구단체 '시흥시 이주배경청소년 주거환경 및 복지정책 연구회' 활동,http://www.shinailbo.co.kr/news/articleView.html?idxno=2024010,"경기 시흥시의회 의원 연구단체 '시흥시 이주배경청소년주거환경 및복지정책연구회'가 지난 18일 의회운영위원회 회의장에서 올해 첫 간담회를 개최했다고 밝혔다. 20일 시의회에 따르면 '시흥시 이주배경청소년주거환경 및복지정책연구회'는 한지숙 의원과 이건섭 의원이 함께 활동하며, 이주배경청소년의...",
주거복지 정책,"시흥시의회, 기업 애로사항 및 정책 개선방안 논의",http://www.newsroad.co.kr/news/articleView.html?idxno=37163,"■'시흥시 이주배경청소년주거환경 및복지정책연구회' 지난 18일 첫 간담회 개최 '시흥시 이주배경청소년주거환경 및복지정책연구회'는 한지숙 의원과 이건섭 의원이 함께 활동하며, 이주배경청소년의주거환경과복지사각지대를 분석하여 안정적인 정착과 성장 지원 방안을 연구하기 위한 단체이다. 이날...",
주거복지 정책,"무안군, 빈집 리모델링으로 청년 주거지 제공",https://www.nspna.com/news/?mode=view&newsid=745309,"또한 빈집 활용도를 높이고 보다 많은 주민이 혜택을 받을 수 있도록 다양한주거 복지 정책을 지속해서 추진할 예정이다. 김산 군수는 “이번 빈집 재생 사업을 통해 방치된 빈집이 새로운 보금자리로 탈바꿈하여 주거 취약계층의 안정적인 생활을 돕고, 지역공동체 활성화에도 기여할 것으로 기대한다”며...",
주거복지 정책,"논산시, 청년친화도시 조성 위한 '논산형 청년정책'추진",https://news.tf.co.kr/read/national/2186269.htm,"백성현 논산시장은 ""양질의 일자리를 창출하는 것은 청년 인구를 유입하고 인구 및 지역 소멸 대응의 가장 핵심이자 기본""이라며 ""일자리,주거,복지등 맞춤형 청년정책을 적기에 시행하여 우리 청년들이 희망을 갖고 내일을 설계할 수 있도록 촘촘한 시정을 펼칠 것""이라고 밝혔다. 한편 시는 지난달 제2회...",
주거복지 정책,복지업무 실무자 위한 지침서 나왔다,https://www.naeil.com/news/read/541865?ref=naver,"기초생활보장부터 장애인 지원, 아동·청소년 보호, 노인복지와주거지원 등 다양한 분야를 망라했다. 실무자가 현장에서 신속하고 정확하게 서비스를 안내할 수 있도록 구성했다. 성북구는 지난 2009년부터복지지침서를 제작해 17년째 이어오고 있다. 해마다 달라지는정책과 사업을 반영해 동주민센터를...",
주거복지 정책,"""이런 혜택까지?"" 울산 울주군 맞춤형 복지, 인구정책 눈길",https://www.rcast.co.kr/news/articleView.html?idxno=27361,"울주군 신혼부부주거지원 출산에 영향…생애주기 따른 지원 시행 2024년 국토연구원의 '저출산 원인 진단과 부동산정책방향' 보고서에 따르면 주택... 이외에 청소년들에게는 진로직업체험센터 서비스, 상담복지센터를 통한 개인 및 심리검사 등이 지원되며 고령자들에는주거편의 지원(싱크대, 화장실...",
주거복지 정책,"광주 서구, 청년일자리·복지정책 집중한다…49억원 투입",https://www.newsis.com/view/NISX20250312_0003096305,일자리·주거·복지·문화·교육 전반에 걸친 청년정책이 해당된다. 서구는 지역 내 청년 인구가 전체 인구 26%에 달하는 7만4000여명인 점에 청년정책효율성을 높이기로 했다. 서구는 취업난과 고용불안 해소를 위해 ▲청년창업플랫폼 서구스타트업센터 ▲잡카페 청춘발산공작소 ▲명장성공스쿨 운영 및...,
주거복지 정책,"거제시장 재선거 돌입, 후보 마다 정책 제시 다양",https://www.ohmynews.com/NWS_Web/View/at_pg.aspx?CNTN_CD=A0003112002&CMPT_CD=P0010&utm_source=naver&utm_medium=newsearch&utm_campaign=naver_news,"▲ 거제시청 전경 ⓒ 거제시 4·2 재·보궐선거의 공식선거운동이 곧 시작되는 가운데 경남 거제시장을 위해 나선 후보들이 갖가지정책을 제시하며 표심... 이번 공약은 시민들의주거복지향상을 목표로 하며, 특히 노후 단독주택 및 공동주택의 개보수를 지원하는 내용을 포함하고 있다. 변 후보는 ""거제시에는...",
주거복지 정책,"""재개발한다고 없애다니... 성락종합복지관 존치하라""",https://www.ohmynews.com/NWS_Web/View/at_pg.aspx?CNTN_CD=A0003111626&CMPT_CD=P0010&utm_source=naver&utm_medium=newsearch&utm_campaign=naver_news,"없이복지관이 사라진다니 답답한 심정""이라고 아쉬움을 표했다. 그러면서 ""재개발은 단순히 아파트만 새로 짓는 게 아니라주거환경도 개선 하고 우리의... 한편, 기자회견을 마친 이들은 대전시복지정책과에 '대전시민복지권 보장 및 성락종합사회복지관 존치 요구 4600명 서명부'와 '용두동 3구역...",
주거복지 정책,"이창용 ""인기 영합 복지·현금지원, 저출생 근본 문제 해결 못해""(종합)",https://view.asiae.co.kr/article/2025031410293314415,단기적으로 고통을 줄이기 위해 인기 영합적인복지 정책이나 현금 지원과 같은 재정정책을 추진하려는 유혹이 강해질 수 있다는 것이다. 이 총재는... 그는 청년들이 결혼과 출산을 연기하거나 포기하는 근본적인 이유로 '높은 경쟁 압력'과 '고용·주거·양육에 대한 불안'을 꼽았다. 청년들의 경쟁과 불안을...,
주거복지 정책,"포항, 대한민국 복지의정대상 지방정부 부문 특별상 수상",http://www.segye.com/newsView/20250228514212?OutUrl=naver,주거복지센터는 시민들에게 맞춤형 상담으로주거복지와 관련된 정부 및 지자체의정책정보를 제공하는주거복지통합 컨트롤타워다. 특히주거취약계층을 위한주거상향 지원 사업과 주민 교육 등 특화 사업으로 시민체감형주거복지서비스를 제공하고 있다. 시는 경북 최초 3무(無)복지(민간 어린이집...,
주거복지 정책,"대전도시공사, 1인 가구 식생활 복지 강화… 건강한 한 끼 지원",https://www.ccdailynews.com/news/articleView.html?idxno=2331528,"이어 ""주거환경 개선뿐만 아니라 생활복지까지 아우르는정책을 확대해, 입주민들이 더 나은 삶을 누릴 수 있도록 최선을 다하겠다""고 강조했다. 밀팡 나득균 대표는 ""바쁜 일상 속에서 혼자 생활하는 청년과 고령층이 균형 잡힌 영양을 섭취하는 것은 결코 쉽지 않다""며 ""이번 협력으로 입주민들에게 보다...",
주거복지 정책,'임대료 하루 1000원' 유정복 표 주거정책 '천원주택' 인기 뜨거워,https://www.newspim.com/news/view/20250306001063,"천원주택은 신혼부부에게 안정적인 주거와 육아 환경을 제공해 출산율이 높아질 수 있도록 하는 인천형주거복지 정책의 하나다. 유정복 인천시장은 ""천원주택은 단순한 주거 지원을 넘어 신혼부부들이 자녀를 낳고 행복하게 양육할 수 있는 여건을 만들어 줘 출산율이 높아질 수 있도록 하는 출산과 주거...",
주거복지 정책,"담양군, 농어촌 '삶의 질' 지수 전남 1위…지역 맞춤형 복지 눈길",https://www.news1.kr/local/gwangju-jeonnam/5716638,"보건복지부장관 표창을 받았다.복지기동대 사업은 읍·면복지기동대원들이주거환경개선 등을 통해 취약계층의 생활 안정을 지원하여 주민 만족도가... 손순용 위원장은 ""이날 심의에서 지역 맞춤형복지 정책의 실효성을 높이기 위해 지역사회보장 발전 과업에 따른 성과들을 확인하고, 지역 거버넌스 구축과...",
주거복지 정책,"포항시, 시민 맞춤 복지정책으로 대상 수상!",https://sports.donga.com/region/article/all/20250228/131125497/1,"주거복지센터는 시민들에게 맞춤형 상담으로주거복지와 관련된 정부 및 지자체의정책정보를 제공하는주거복지통합 컨트롤타워로 특히,주거취약계층을 위한주거상향 지원 사업과 주민 교육 등 특화 사업으로 시민체감형주거복지서비스를 제공하고 있다. 시는 또한 경북 최초 3무(無)복지(민간...",
주거복지 정책,"광주도시공사, 주거복지협의회 정기총회",https://view.asiae.co.kr/article/2025030709471726591,"협의회는 앞으로도주거복지지방화를 위한정책제언 및 제도개선, 공동연구, 선진사례 검토 등을 통해 지방개발공사의 경쟁력 강화와 상생발전을 도모할 계획이다. 김승남 사장은 “주거복지협의회 회장사로서 막중한 책임감을 갖고,주거복지전문기관으로서 지방개발공사 경쟁력을 한층 더 높일 수...",
주거복지 정책,"""내 집 한채는 있어야""…청년들 빛나는 삶 위해 빚내며 산다",https://www.hankyung.com/article/202503116952i,"가장 필요한정책지원으로는 '주거정책'(45.7%)이 1위를 차지했다. 이어 일자리정책(33.5%),복지·문화정책(14.1%)이 뒤를 이었다. 현재 최우선으로 필요한주거정책으로는 주택구입자금대출이 31.3%로 가장 많았다. 전세자금대출(25.0%), 월세 등주거비지원(20.7%), 공공임대(14.9%)가 뒤를 이었다....",
주거복지 정책,부산시 복지 만족도 상승… 소득·1인 가구 지원은 보완 필요,https://www.kmib.co.kr/article/view.asp?arcid=0027815917&code=61122019&cp=nv,"1인 가구가 가장 필요로 하는복지 정책으로는주거지원정책(25.6%), 질병 및 응급상황 대응정책(21%)이 가장 높은 비중을 차지했다. 시는 이번 조사 결과를 바탕으로 시민들의복지체감도를 높이고, 부족한 부분을 보완하기 위한정책을 추진할 계획이다. 정태기 시 사회복지국장은 “정기적인...",
주거복지 정책,"홍성군, 주거환경개선사업 '발 달린 빗자루' 확대 추진",http://www.newstnt.com/news/articleView.html?idxno=469319,"지난 2월과 3월에는 홍성군복지정책과와 홍성나눔봉사회 봉사자 20여 명이 참여하여 홍성읍 거주 장애인 가구와 홍북읍 거주 중장년 1인 가구의 주택 내외부 청소, 정리 정돈, 폐기물 처리를 진행했다. 특히, 올해는 단순 환경 개선을 넘어주거취약계층의 건강과 안전을 고려한 맞춤형 지원도 강화된다. 노인...",
주거복지 정책,"[장용동의 우리들의 주거복지] 저속노화, 에이징 테크…'스마트하우징'으로 풀어야",https://www.asiatoday.co.kr/view.php?key=20250319010009996,"이를 통해 지역이나 병원 등 관련 기관, 이를 가능케 하는 산업 등으로 확산하여 나가는 구조를 가지는 게 방향성 측면에서 옳다고 본다.때마침 노인가구 및 1인 가구의 급증 영향으로 AI 스마트 하우징(Smart Housing)에 관한 논의가 활발히 진행 중이며 이를 향후주거복지정책에 적극적으로 반영해야 한다는...",
주거복지 정책,"대전 유성구, 청년 친화도시 조성 본격화…일자리·주거·복지 선순환 환경 구축",https://www.pressian.com/pages/articles/2025030413344875186?utm_source=naver&utm_medium=search,제2차 유성구 청년정책기본계획 수립…5대 추진 전략·46개 세부 사업 시행 대전시 유성구(구청장 정용래)가 청년들이 머물고 싶은 도시를 만들기 위해 일자리·주거·복지등 청년정책을 체계적으로 추진한다. 유성구는 제2차 유성구 청년정책기본계획(2025~2029)을 수립하고 지역 실정과 청년들의 요구를...,
주거복지 정책,"포항시, '제1회 대한민국 복지의정대상' 특별상 수상",http://www.inews24.com/view/1819333,"이를 통해 시민들이 정부 및 지자체의주거복지 정책을 효과적으로 이용할 수 있도록 지원하고 있다. 포항시는 경북 최초로 '3무(無)복지'를 시행하며 민간 어린이집 무상보육, 유치원·초·중·고 무상급식, 중·고교 신입생 무상교복 지원을 통해 부모의 교육·보육 부담을 줄이고 있다. 또한, 2017년부터 전국...",
주거복지 정책,"인천형 주거정책‘천원주택’3,681명 몰려...경쟁률 7.36대 1 기록",http://www.breaknews.com/1100741,"인천시에 따르면, 총 500세대 모집에 3,681명이 신청하면서 경쟁률이 7.36대 1을 기록했으며 이는 신혼부부 및 신생아 가정을 위한 인천형주거복지 정책에 대한 높은 관심을 입증하는 결과다. ‘천원주택’은 하루 1,000원, 월 3만 원의...",
주거복지 정책,수원특례시 ‘새빛 복지' 시리즈…‘이달의 좋은 정책’ 선정,http://www.newstomato.com/ReadNews.aspx?no=1255922&inflow=N,수원시는 △‘경제특례시’ 도약을 위한 첨단 기업 유치 △‘철도특례시’ 기반 마련 △디지털 기반 행정 혁신 △돌봄·주거복지확대 등 굵직한정책을 통해 수원시민 삶의 질을 높이고 있습니다. 지난 7일 이 시장은 수원시청 집무실에서 <뉴스토마토> 유튜브 ‘야단법석’ 진행자인 임혜자 K-정책금융연구소...,
주거복지 정책,"전남개발공사, ‘주거복지활동 우수사례’…국토부장관상 수상",https://view.asiae.co.kr/article/2025030411411270883,전남개발공사는 이번 수상은 청년과 신혼부부의 주거 안정을 위한 혁신적인주거복지 정책인 ‘전남형 만원주택’ 사업의 성과를 인정받은 결과라고 설명했다. 전남형 만원주택 사업은 전남도가 인구감소와 지방소멸 위기를 극복하고자 청년 및 신혼부부를 지역에 정착시키기 위해 전남개발공사와 함께...,
주거복지 정책,"군포시 무한돌봄센터, 복지위기가구 발굴 홍보 나서",https://www.newscj.com/news/articleView.html?idxno=3246086,"군포시 무한돌봄센터는복지정책과 희망복지팀에서 운영하는 맞춤형복지서비스로, 생계·의료·교육·주거등 복합적인 어려움을 겪는 가구를 대상으로 공공·민간자원을 연계해 통합사례관리를 지원하고 있다. 2010년부터 운영을 시작해 올해로 15년째 군포시민의복지증진을 위해 활동하고 있다. 이와 함께...",
주거복지 정책,"누구나 행복한 주거복지, 주거환경에 살 권리",http://www.jjn.co.kr/news/articleView.html?idxno=999790,"맞춤형주거복지 정책을 추진하는 이유이다. 저소득층을 위한 주거복지는 주거비 부담을 줄이기 위해서 저소득층을 위한 공공임대주택 공급과 주거비 지원 프로그램을 확대하고 있으며, 특히 공공임대주택은 저렴한 임대료로 안정적인 거주 환경을 제공하면서, 주거비 지원을 통해 추가적인 부담을 줄일 수...",
주거복지 정책,"안도걸 국회의원, 광주 동구·남구…자치분권 정책협의회 열어",http://www.lawissue.co.kr/view.php?ud=20250321115712110292eef753eb_12,(도시재생·복지정책·지역경제 활성화·법제도 개선) 등 해당 지역에 필요한정책들을 점검하고 실질적인 협력방안을 찾았다. 도시재생은 동구의 원도심 활성화 사업과 남구의 사직동·백운광장 도시재생 뉴딜사업 추진 현황을 점검해 주민들의주거환경 개선과 지역 경제 활성화를 위한 지원 대책을 논의했다....,
주거복지 정책,[FOCUS 경기] 민선 8기 ‘성남시 대표 복지정책’ 둘러보기,https://www.kyeongin.com/article/1732640,"공약 사업 중 하나인 시간제보육실인 ‘해님달님 놀이터’는 보건복지부 장관상으로 이어지며 우수한복지 정책능력을 인정받은 케이스다.... 2024년 지어진 ‘희망온빌라’에는 모두 7가구가 있고, 발달장애인 청년들은 이곳에서 자기결정권을 존중받는 자립적인주거생활을 하고 있다. 70세 이상 1인당 연...",
주거복지 정책,"복지국가위원회, 사회복지사의 정치세력화를 말하다",https://www.ohmynews.com/NWS_Web/View/at_pg.aspx?CNTN_CD=A0003108440&CMPT_CD=P0010&utm_source=naver&utm_medium=newsearch&utm_campaign=naver_news,하지만 지금은 홈리스를 위한주거복지도 조금씩 만들어졌습니다. 노무현 정부 시기부터주거취약계층 업무 처리 지침을 통해 홈리스도 공공임대주택 특별공급 대상에 포함되었습니다. 이제는 그정책의 현황을 OECD에 보고해야 할 정도로 제도적 기반이 마련된 상황이고요. 이러한 변화들을 직접 경험하며...,
주거복지 정책,"광주도시공사, 지방개발공사 주거복지협의회 정기총회 개최",https://www.pressian.com/pages/articles/2025030615345167694?utm_source=naver&utm_medium=search,"앞으로도 지방개발공사 협의회는주거복지지방화를 위한정책제언 및 제도개선, 공동연구, 선진사례 검토 등을 통해 지방개발공사의 경쟁력 강화와 상생발전을 도모할 계획이다. 김승남 사장은 ""제4대주거복지협의회 회장사로서 막중한 책임감을 가지고,주거복지전문기관으로서 지방개발공사의...",
주거복지 정책,해남군 '희망클린카'로 취약계층 주거환경 개선 나서,https://www.newscj.com/news/articleView.html?idxno=3245131,"복지정책추진에 주력할 방침이다. 희망클린카 지원은 거주지 읍·면사무소 또는 군청 희망복지팀으로 신청할 수 있다. 해남군 관계자는 ""희망클린카 사업을 통해 취약계층의 생활환경을 개선해 보다 안전하고 건강한 생활을 할 수 있도록 지속적으로 노력하겠다""고 밝혔다. 해남,희망클린카,취약계층,주거환경...",
주거복지 정책,"안양시 '누구나 돌봄' 촘촘한 복지, 9개 기관과 협약",https://www.newsis.com/view/NISX20250306_0003088914,"서비스는 ▲생활 돌봄(신체활동·가사 지원) ▲동행 돌봄(병원·일상 동행) ▲주거안전( 소규모 집수리·청소·방역) ▲일시보호(일정 기간 시설보호) 등... 시민들이 언제나 편리하고 안전한 돌봄서비스를 받을 수 있도록 최선을 다하겠다”며 “촘촘한복지 정책마련에 관련 행정력을 집중하겠다""고 말했다.",
주거복지 정책,"[시론] 인구 감소, 보편복지가 답이다",https://www.incheonilbo.com/news/articleView.html?idxno=1282242,"주거비, 교육비, 의료비 등 양육 비용의 부담으로 젊은 세대는 출산을 꺼리는 경향을 보인다. 따라서 경제적 부담을 완화하는정책이야말로 저출산 문제 해결의 핵심이 되어야 한다. 그러기 위해서는복지의 기본 방식의 전환이 필요한데 세계적인복지발전의 방향은 보편복지와 수당으로의 전환이다....",
주거복지 정책,"천안시, 맞춤형 주거복지 지원 위해 담당자 직무교육 실시",https://www.nocutnews.co.kr/news/6305616?utm_source=naver&utm_medium=article&utm_campaign=20250310054828,"올해 천안시는주거취약계층의 신뢰할 수 있는 임대차 계약을 위한 '주거취약계층 전·월세 안심동행서비스' 신규사업을 실시하며, 천안시주거복지종합지원센터, 읍면동과 강화된 전달체계로주거복지서비스를 확대·지원할 계획이다. 천안시 윤은미복지정책국장은 ""이번 교육이복지업무의 최일선에...",
주거복지 정책,전국 첫 혁신적 주거정책 ‘전남형 만원주택’ …전남개발공사 ‘장관상’ 빛났다,https://www.sedaily.com/NewsView/2GP58JZEK1,전남개발공사가 청년과 신혼부부의 주거 안정을 위한 혁신적인주거복지 정책인 ‘전남형 만원주택’ 사업의 성과를 바탕으로 한국주거복지포럼에서 주관하고 국토교통부가 후원하는 '제11회 주거복지활동 우수사례 공모'에서 대상을 수상하며 국토교통부 장관상을 받았다. 28일 전남개발공사에 따르면 전남형...,
주거복지 정책,"충북도, 청년정책 발굴 간담회 개최",http://www.bzeronews.com/news/articleView.html?idxno=701271,"이번 간담회는 청년들이 필요로 하는 일자리,주거, 문화,복지사업 등정책을 발굴하기 위해 직장인, 청년 창업가, 대학생 등 다양한 청년들의 의견을 수렴하고자 마련되었다. 이날 간담회에 참여한 청년들은 현행정책이 수도권 및 중소도시 직장인 대상정책이 많다고 지적하며, 지역 실정에 맞는 청년 지원의...",
주거복지 정책,"음성군, 사회적 약자 위한 맞춤형 복지 확대",https://cc.newdaily.co.kr/site/data/html/2025/03/10/2025031000013.html,"뉴데일리 양승갑 기자 = 충북 음성군은 10일 사회적 약자가 잘사는 지역 사회를 만들기 위해복지정책을 촘촘히 추진하고 있다고 밝혔다. 저출생... 청년들의주거비 부담을 덜어주기 위해 청년 월세 지원사업도 확대한다. 19~39세 이하 무주택 청년을 대상으로 매월 최대 15만원, 1년 최대 180만원의 주택 월...",
주거복지 정책,"광진구, 주거취약계층 지원 위한 4자 업무협약 체결",https://biz.heraldcorp.com/article/10429736?ref=naver,"지역사회 내주거복지 정책에 관한 관심을 확대하고 정책의 실질적 실행 모델로서 역할을 할 것으로 기대된다. 김경호 광진구청장은 “주거 문제뿐 아니라 주거 취약계층의 건강, 정서 문제 등 복합적인 위기 상황을 해결하기 위한 시작으로 이번 협약을 체결하게 됐다”며 “구민들이 더욱 안정적인 주거...",
주거복지 정책,"임대료 최대 90% 지원…""주택 복지 확대 지역소멸 대응""",https://www.hankookilbo.com/News/Read/A2025030213520003088?did=NA,"화천군은 민선 6기 시작과 함께 도입한복지,정책과주거복지가 어우러진 새복지모델을 제시할 계획이다. 실제 화천군은 지난 11년간 지역출신 대학생 1만716명에게 171억8,996만 원의 등록금과 거주비, 유학비용을 지원했다. 지난해 2월에는 전국 최초로 지방자치단체가 운영하는 온종일 돌좀시설을 건립해...",
주거복지 정책,"무안군, 지역 사각지대 최소화..생활 밀착형 복지서비스 확대",https://www.viva100.com/article/20250313501394,"특히, 복합적이고 다양한 욕구를 가진 고난도(고위험군) 40가구는 전문 통합사례관리사를 통해 냉난방용품 지원,주거환경 정비 등 다양한 영역의... 촘촘한 생활밀착형 통합서비스 제공에 최선을 다하겠다”며, “다양한복지정책을 발굴해 군민 모두가 행복한 희망 무안을 실현해 나가겠다”고 말했다. 무안",
주거복지 정책,"해남군, '희망클린카' 운영 주거 환경 정비 도움",http://www.jnilbo.com/76407787231,"해남군이 스스로주거환경을 정비하기 어려운 위기가구에 청소서비스를 지원한다. 16일 해남군에 따르면 올해 첫 시행되는 ‘희망클린카’ 사업은... 해남군은 매월 2회 이상 희망 클린카를 운영할 방침으로, 생활 속 불편을 해소하는 맞춤형복지정책추진에 최선을 다한다는 계획이다. 희망클린카 지원 신청은...",
주거복지 정책,"전북 장수군, '복지사업 모음집' 제작·배포…사회복지시설 등 안내",https://www.newsis.com/view/NISX20250307_0003090259,"'알쓸장집'은 장수군민들이복지정책을 보다 쉽게 이해하고 활용할 수 있도록 구성된 안내서로, 생애주기별 및 분야별 다양한복지사업 정보를 포함하고... 주요 내용으로는 ▲임신·출산, 영유아, 청소년, 청년, 노년까지의 생애주기별복지서비스 ▲경제적 지원,주거지원, 일자리 지원, 의료지원 등 사회보장...",
주거복지 정책,[탄핵 지연] 윤석열 정부 노동·복지 후퇴…불평등 심화로 민생 위기,http://www.incheontoday.com/news/articleView.html?idxno=265131,"정치적 불안정성이 커지는 가운데, 윤석열 정부가 펼쳐 온 노동·복지정책의 후퇴는 국민 삶을 더욱 위협하고 있다. 노동시간 유연화, 비정규직 확대... 인천의료원)복지축소·민영화 논란 사회안전망 약화 우려 윤석열 정부는 '재정 건전성 확보'를 명분으로복지예산을 대폭 삭감하며, 의료·주거등 필수복지...",
주거복지 정책,"포항시, '대한민국 복지의정대상 지방정부 부문 특별상' 수상",https://www.kbmaeil.com/news/articleView.html?idxno=1033174,"주거복지센터는 시민들에게 맞춤형 상담으로주거복지와 관련된 정부 및 지자체의정책정보를 제공하는주거복지통합 컨트롤타워로 특히,주거취약계층을 위한주거상향 지원 사업과 주민 교육 등 특화 사업으로 시민체감형주거복지서비스를 제공하고 있다. 시는 또 경북 최초 3무(無)복지(민간 어린이집...",
주거복지 정책,"주거복지포럼, 제12회 정기총회·주거복지활동 우수사례 발표 '성료'",http://www.ikld.kr/news/articleView.html?idxno=308983,이번 행사는주거복지 정책및 사업의 발전 방향을 모색하고 우수사례를 공유함으로써 실질적인 주거복지 확대 방안을 논의하는 자리로 마련됐다. 행사에서는 지난해 주거복지 사업에서 뛰어난 성과를 거둔 기관 및 단체의 우수사례 발표가 진행됐다. 주요 발표 기관으로는 대상 수상 기관인 전남개발공사를...,
주거복지 정책,"나에게 쏙 맞는 청년정책! ""언제나, 위드 유(With You) 캠페인""",https://www.korea.kr/news/reporterView.do?newsId=148940579&call_from=naver_news,"취업정책외에도 학업, 창업,주거, 생활복지 정책정보와 관련 링크도 해당 홈페이지에서 확인하실 수 있습니다. 여러분도 제 기사를 보시면서 맞춤형 청년정책에 관한 알찬 정보를 어떻게 찾으면 좋을지 알아갈 수 있는 계기가 되었으면 좋겠습니다. 청춘에 대한 생각을 정리하려고 생각하다가 한 예능...",
주거복지 정책,"김포시, ‘누구나 돌봄 사업’ 본격 시행…복지사각지대 해소",https://www.asiatoday.co.kr/view.php?key=20250311010004916,"시는 이 사업을 통해 시민들이 더 쉽고 신속하게 서비스를 받을 수 있도록 지원하고,복지사각지대를 최소화하며 시민들의 삶의 질을 향상시키고자 한다.이 사업은 △생활 돌봄 △동행 돌봄 △주거안전 △식사 지원 △일시 보호 등 5개 분야로 구성돼 있다.돌봄이 필요한 시민들은 김포시복지정책과 또는...",
주거복지 정책,"대구시 달서구청, ""달서구 모든 주민 위해 더욱 튼튼한 주거안전망 구축한다""",https://www.gukjenews.com/news/articleView.html?idxno=3218921,"또한 전문가 의견을 바탕으로 향후 더욱 발전된주거복지 정책을 마련하기 위한 방안을 논의했다.""고 전했다. 또 달서구청은 ""이날 위원회에서 ▲달서구만의 특색 있는 주거복지 사업 발굴 ▲어린이, 청년, 독거노인 등 다양한 계층을 위한 주거복지 서비스 확대 ▲지역 내 민·관 협력 주거복지 네트워크 강화를...",
주거복지 정책,"""맞춤형 청년정책 제공""…문체부, '위드 유’ 디지털 캠페인 추진",https://www.ddaily.co.kr/page/view/2025031009585502841,"아울러 학업과 취업,주거·금융, 창업, 생활·복지등 5개 지원 분야별로 약 30개 이상의 청년정책정보를 청년 수요에 맞춰 제공하는 <청년정책줌인(zoom-in)센터> 영상 시리즈를 순차적으로 공개한다. 이 밖에 ‘청년문화예술패스’, 청년 대상 금융상품 총정리 등 다양한 콘텐츠들을 캠페인 기간 중 업로드할...",
주거복지 정책,"자립지원수당, 자기돌봄비, 천원의 아침밥…든든한 청년 맞춤복지",https://www.korea.kr/news/policyNewsView.do?newsId=148940491&call_from=naver_news,☞ 자립준비청년 자립지원수당 신청 바로가기 자립준비청년들을 위한주거지원제도도 강화됐다. 자립을 앞두고 막막한 자립준비청년이 첫 순간을... 기존복지정책의 사각지대에 있었다. 가족을 돌보는 아동·청년들을 저소득 가구에 포함해 지원했지만 이는 본인의 자립과 성장에 초점을 둔 지원에는...,
주거복지 정책,"포항시, 대한민국 복지의정대상 지방정부 부문 수상",https://www.cnbnews.com/news/article.html?no=710243,"주거복지센터는 시민들에게 맞춤형 상담으로주거복지와 관련된 정부 및 지자체의정책정보를 제공하는주거복지통합 컨트롤타워로 특히,주거취약계층을 위한주거상향 지원 사업과 주민 교육 등 특화 사업으로 시민체감형주거복지서비스를 제공하고 있다. 시는 또한 경북 최초 3무(無)복지(민간...",
주거복지 정책,"의령군, 청년근로자 주거안정 위해 공공임대주택 100호 공급한다",http://www.knnews.co.kr/news/articleView.php?idxno=1454762,"오태완 군수는 ""지역 청년들의 정주 여건 개선과 기업근로자 인구 유입이라는 두 마리 토끼를 잡는 획기적인 주택공급이 될 것으로 확신한다""며 ""군민들의 삶의 질 향상을 위한 다양한주거복지 정책을 지속해서 펼쳐 나가겠다""고 말했다. 의령군에서 추진중인 청년근로자 공공임대주택 공급대상지인 의령읍...",
주거복지 정책,"용인시, 저출산 고령화사회 맞춤형 정책 수립",http://www.metroseoul.co.kr/article/20250303500265,"시는 도움이 필요한 어르신과 청년주거환경 지원 사업을 신설하고, 저출산 문제를 해결하기 위한 돌봄서비스와 경제적 자립을 희망하는 시민을 돕기... 어르신을 위한 맞춤형복지정책도 수립했다. 고령사회에 따른 문제를 능동적으로 대처하기 위해 기초연금과 노인 일자리 사업, 노인 맞춤형 돌봄서비스...",
주거복지 정책,"전남개발공사, 주거복지 우수사례 ‘대상’",http://www.jndn.com/article.php?aid=1740996239404968003,"개발공사는 이번 공모에서 청년과 신혼부부의주거안정을 위한복지 정책인 ‘전남형 만원주택’ 사업이 높은 평가를 받았다. 전남형 만원주택은 전남도가 인구감소와 지방소멸 위기를 극복하기 위해 개발공사와 함께 기획한 전국 최초의 혁신적주거정책이다. 인구감소지역으로 지정된 16개 군에 총 1,000호의...",
주거복지 정책,"안도걸, 동구·남구 자치분권 정책협의회 개최",http://www.jnilbo.com/76342143265,"도시재생,복지 정책, 지역경제 활성화, 법·제도 개선 등 각 지역에 필요한정책들을 점검하고 실질적인 협력방안을 모색했다. 도시재생 분야에서는 동구의 원도심 활성화 사업과 남구의 사직동·백운광장 도시재생 뉴딜사업 추진 현황을 점검하며, 주민들의주거환경 개선과 지역 경제 활성화를 위한 지원...",
주거복지 정책,“아산시 ‘행복도시’ 구현···복지정책 추진에 최선”,https://www.viva100.com/article/20250306500008,"시민들의 안정적인 일상을 위한 본연의 맡은 바 소임에 최선의 노력을 기울이고 있는 아산시가 편안하고 행복한 도시구현을 위한복지정책추진에 전심전력을 다하고 있다. 아산시는 공적지원 이후 추가 지원이 필요한 위기가구를 대상으로 의료비,주거비, 교육비 등을 지원하는복지위기 알림 앱 활용...",
주거복지 정책,[정책브리핑] 2025년 03월 12일 수요일 주요 정책,http://www.sisunnews.co.kr/news/articleView.html?idxno=222052,"고용노동정책대응방향에 대해서도 논의하였다. 주형환 부위원장은 ""앞으로도 계속해서 다자녀 가구 등을 우대하는 문화를 더욱 확산시키기 위해 제도나 관행을 꾸준하게 고쳐나갈 것이며, 남아있는 결혼페널티 관련된 부분은주거분야 외에도 세제·금융·복지등 여타 분야에서도 계속 찾아 고쳐나갈 것...",
주거복지 정책,"무안군, ‘찾아가는 복지 서비스’로 주민 복지 체감도 높인다",https://www.geconomy.co.kr/news/article.html?no=295824,"특히, 복합적인 욕구를 가진 고위험군 40가구에 대해서는 전문 통합사례관리사를 배정하여 냉난방용품 지원,주거환경 정비 등의 서비스를 종합적으로... 다양한복지 정책을 발굴하고 군민 모두가 행복한 삶을 누릴 수 있도록 최선을 다하겠다”고 밝혔다. 무안군, 주민을 위한 맞춤형복지서비스 확대 추진....",
주거복지 정책,"음성군, 사회적 소외계층 복지정책 대폭 강화 추진",http://www.breaknews.com/1098961,음성군은 사회적 약자가 잘사는 지역 사회를 만들기 위해복지정책을 촘촘히 추진하고 있다. 저출생·고령화에... 청년들의주거비 부담을 덜어주기 위해 청년 월세 지원사업도 확대한다. 19~39세 이하 무주택 청년을 대상으로 매월...,
주거복지 정책,"전남개발공사, 주거복지활동 우수사례 대상 국토교통부 장관상 수상",http://www.breaknews.com/1096988,이번 수상은 청년과 신혼부부의 주거 안정을 위한 혁신적인주거복지 정책인 '전남형 만원주택' 사업의 성과를 인정받은 결과다. 전남형 만원주택 사업은 전남도가 인구감소와 지방소멸 위기를 극복하고자청년 및 신혼부부를...,
주거복지 정책,"부천시, ‘2025년 제1회 노인복지정책위원회’ 개최",http://www.shinailbo.co.kr/news/articleView.html?idxno=2016396,"이날 회의에는 위원장인 남동경 부시장을 비롯해 시의원, 노인정책전문가, 노인복지시설 관계자 등이 참석해 고령친화도시 조성을 위한 중점 추진 방향과 다양한정책을 논의했다. 는 ‘성숙한 100세 시민도시, 세이프(SAFE) 부천’을 비전으로 ▲안심할 수 있는주거환경이 조성된 도시 ▲편리하게 이동하고...",
주거복지 정책,"부산시 복지실태조사 결과, 2023년 연평균 가구 총소득 4596만원",https://www.pressian.com/pages/articles/2025022808594756925?utm_source=naver&utm_medium=search,"조사는 가구 일반사항, 근로 및 일자리, 건강과 의료,주거, 가계경제, 가족 및 돌봄, 공동체 및 삶의 질,복지인식 및정책등 8개 분야 101개 항목에 대해 진행됐다. 주요 결과를 보면 경제활동 참여 가구원은 68.3%이고 경제활동 참여 상태는 상용직 근로자(43.8%), 고용원 없는 자영업자(9.4...",
주거복지 정책,"""꼭 필요한 사람에 온기 닿도록… 복지정책도 규제철폐 한창"" [서울을 움직이는 사람들]",http://www.fnnews.com/news/202503091808230245,"시정 철학인 '약자와의 동행'에 맞춰 소외되는 사람 없는복지정책을 펼치겠다""고 전했다. 서울시가 규제 철폐를 추진하는 가운데복지분야에서도... 돌봄SOS는 긴급하고 일시적인 위기 상황에 처한 서울시민을 보호하기 위한정책으로 5가지 돌봄서비스(일시재가, 단기시설, 동행지원,주거편의, 식사배달)를...",
주거복지 정책,"구미시, 복지사업 '새 희망 행복나눔'사업 시작",https://www.kbmaeil.com/news/articleView.html?idxno=1033596,관련 문의는 구미시복지정책과복지자원팀(054-480-5122) 또는 구미시지역사회보장협의체(054-453-8552)로 하면 된다. 구미시는 기존에도 위기가구를 위한 긴급 생계·의료·주거지원 사업인 '구미희망더하기'를 추진해 왔다. 올해부터는 저소득 한부모가구 및 급여 중지·제외자 중 위기가구에 1년 이상 정기...,
주거복지 정책,'민생 어렵다' 현금성 복지 늘리는 지자체들,https://news.tf.co.kr/read/national/2183982.htm,"도교육청은 ""주거걱정 없이 근무할 수 있는 환경을 만들기 위한 것""이라고 했다. 하지만 일각에서는 현금성복지확대와 공무원 처우 개선이 선심... 시행하는복지정책의 분담 비용을 마련하는데도 허리가 휠 지경""이라며 '사회복지불평등' 우려를 제기했다. 그는 ""공무원 처우도 차이가 많이 나 부자...",
주거복지 정책,알아두면 쓸모있는 장수군 복지사업 모음집제작 배포,http://sjbnews.com/news/news.php?number=843232,"‘알쓸장집’은 군민이복지정책을 보다 쉽게 이해하고 활용할 수 있도록 구성된 안내서로, 생애주기별 및 분야별 다양한복지사업 정보를 포함하고... 이 모음집에는 △임신‧출산, 영유아, 청소년, 청년, 노년까지의 생애주기별복지서비스 △경제적 지원,주거지원, 일자리 지원, 의료지원 등 사회보장 서비스...",
주거복지 정책,"'이재명 정책멘토' 이한주 민주연구원장, 화성시 직원 대상 '기본사회' 교육",https://www.sedaily.com/NewsView/2GQ52ZXP8E,이 원장은 ‘화성형 기본사회’정책으로 △청년내일카드 △치매 예방을 위한 사회성과보상사업(SIB) △주거위기 대응 안전주택 등을 제안하며 기본사회가 단순한복지 정책이 아닌 경제 성장과 혁신을 촉진하는 국가 운영 원리임을 강조하고 기본권 보장과 역량 강화를 통해 지속 가능한 발전을 도모해야...,
주거복지 정책,"농어촌 군 ‘삶의 질’ 지수 전라남도 1위 담양군, 지역 맞춤형 복지 주목",https://www.betanews.net/article/view/beta202503130010,"보건복지부장관 표창을 받았으며,복지기동대 사업은 읍·면복지기동대원들이주거환경개선 등을 통해 취약계층의 생활 안정을 지원하여 주민 만족도가... 담양군 지역사회보장협의체 손순용 위원장은 “이날 심의에서 지역 맞춤형복지 정책의 실효성을 높이기 위해 지역사회보장 발전 과업에 따른 성과들을...",
주거복지 정책,"시민 70% “성인돌봄, 가장 중요 복지”",http://www.kookje.co.kr/news2011/asp/newsbody.asp?code=0300&key=20250303.22008000150,"▷가구 일반사항 ▷근로 및 일자리 ▷건강과 의료 ▷주거▷가계 경제 ▷가족 및 돌봄 ▷공동체 및 삶의 질 ▷복지인식 및정책등 8개 분야 101개 항목에 관해 물었다. 성인가족 돌봄부담은 ‘경제적 부담(33.2%)’이 가장 높았고, 필요한 지원은 ‘식사지원서비스(41.5%)’ ‘건강의료서비스(18.7...",
LTV DTI 규제,"연소득 5000만원, 7월부터 대출 한도 최대 5000만원 줄어들어",https://www.hankyung.com/article/2025031933781,"다주택자LTV는 비규제지역 60%,규제지역 30%다.LTV가 주택 가격을 기준으로 대출 한도를 정하는 기준이라면DTI는 개인 소득을 기준으로 주담대 한도를 제한한다.DTI는 주담대 원리금 및 신용대출 같은 기타 대출의 이자(원금 제외) 합계가 연소득의 일정 비율을 초과하지 못하도록 한규제다. 매년...",
LTV DTI 규제,집값 들썩이자...강남3구·용산구 전체 ‘토지거래허가구역’ 지정,https://www.chosun.com/national/national_general/2025/03/19/J6PEXFUJ6JA63NXAO64EPJNH24/?utm_source=naver&utm_medium=referral&utm_campaign=naver-news,LTV와DTI 규제가 강화되고 다주택자에 대한 양도소득세가 중과되는 등의규제를 받는다. 국토부 관계자는 “이번 지정 이후에도 과열이 지속될 경우 조정대상지역과 투기과열지구 추가 지정도 검토할 것”이라고 했다. 주택담보대출을 비롯한 금융·가계 대출 관리도 강화한다. HUG 전세자금대출 보증비율...,
LTV DTI 규제,[부동산DNA] LTV·토허제...부동산 규제 뭐가 있나,https://www.fetv.co.kr/news/article.html?no=181134,"조정대상지역에서는LTV,DTI 규제는 물론, 새로 분양받은 주택의 권리를 일정 기간 동안 팔지 못하게 하는 분양권 전매 제한과 무주택자나 해당 지역에 거주한 사람에게 청약 기회가 우선적으로 주어지는 1순위 청약 자격 제한 규제가 적용될 수 있다. 조정대상지역의 목표는 단순히 부동산 투기를 막는 것이...",
LTV DTI 규제,[뉴스락 특별기획│2025 부동산 시장 긴급진단] 대출이 무너져도 솟아날 구멍은 있다,http://www.newslock.co.kr/news/articleView.html?idxno=101398,현행LTV·DTI 규제에 이어 내년 7월부터 시행되는 3단계 스트레스 DSR은 실수요자들의 대출한도를 더욱 옥죄일 전망이다. 그간 주담대 규제를 규제했던 LTV와 DTI 규제만으로는 가계부태 증가세를 효과적으로 통제하기는 어려웠다. 대출자들이 주담대 한도 부족분을 신용대출로 충당하는 '풍선효과'가 발생했기...,
LTV DTI 규제,집 있으면 대출 막은 이복현 금감원장의 다음 칼…文 정부 LTV 부활하나,https://realty.chosun.com/site/data/html_dir/2024/09/05/2024090502598.html,"문 정부는 2017년 8·2 부동산 대책을 시작으로 지역별 주택담보대출비율(LTV,DTI)규제를 강화했다. 서울·수도권 지역을 규제지역, 비규제지역으로 나누고 지역과 차주의 주택 보유수에 따라 주담대 한도를 차등 적용했다. 한 때는 서울 등 투기지역에서 LTV 비율이 40%까지 낮아졌다. 집값이 9억원인 경우...",
LTV DTI 규제,'가계부채와의 전쟁' 금융당국…DSR 한도 축소ㆍLTV 강화 검토,http://www.newsfc.co.kr/news/articleView.html?idxno=66218,중심으로 가계부채도 급증했던 2000년대 중반LTV규제를 강화하고 총부채상환비율(DTI)규제를 도입한 바 있다. 글로벌 금융위기 이후 경기를 부양하기 위한 저금리 정책이 지속에 정부의 부동산규제완화로 부동산 가격과 가계대출이 급등했던 2015∼2016년에도LTV와DTI 규제를 크게 강화했었다.,
LTV DTI 규제,[기고] 금산결합 플랫폼은 어떻게 규제해야 하나,https://www.kbanker.co.kr/news/articleView.html?idxno=217173,"예를 들어 대출 시LTV나DTI 규제와 같이 금융행위 자체에규제를 부과하는 방식이다. 반면 기관 기반규제는 특정 기관 자체에 대한규제를 의미하며, 은행에 자기자본규제를 부과하는 것이 대표적 예이다. 금산결합 추세에 대응해 ""동일 기능, 동일규제"" 원칙을 주장하는 목소리가 높은데 이는 행위 기반규제의...",
LTV DTI 규제,"한은 “LTV·DTI 규제 강화, 2017년 이후 경제적 불평등에 영향 없다”",https://www.nongmin.com/article/20230710500513,"2017년부터 강화된LTV·DTI 규제를 규제 충격으로 보고, 패널 이중차분법을 이용해 우리나라 가구의 부채와 주택자산에 미친 영향을 분석했다.LTV·DTI 규제는 2014년 지역 구분 없이 동일하게 적용됐다가 2017년부터 지역별로 차등 적용되기 시작했다. 분석 결과 2017년 이후LTV·DTI 규제가 적용된 조정대상지역의...",
LTV DTI 규제,"한은 “LTV·DTI 규제 강화, 부채 불평등 낮춰도…주택자산 영향 없어”",http://www.metroseoul.co.kr/article/20230710500461,"이에 따라 한국은행은LTV·DTI규제가 가계대출을 억제해 부채 불평등을 완화하는 효과가 있기 때문에 ""거시건전성 정책의 강화가 자산을 적게 보유한 가구의 대출 접근성을 제약해 불평등을 키운다는 주장은 반드시 들어맞지 않는다""고 평가했다. 김민수 차장은 ""LTV·DTI 규제가 의도하지 않게 불평등을...",
LTV DTI 규제,[MT시평]돌아보는 과거 대출규제,http://news.mt.co.kr/mtview.php?no=2024092215321444465,"마침내 2006년 11월15일 '부동산시장 안정화 방안'을 통해LTV규제강화,DTI확대적용 등이 발표됐으며 동시에 17일부터 '수도권 전역의 주택담보대출에 대해 사실상 총량규제를 요구하는 창구지도'가 시행됐다. 후속대책으로 12월20일 가계대출에 대한 대손충당금 강화정책이 나왔고 2007년 1월11일에는...",
LTV DTI 규제,文정부 LTV·DTI 규제 이후…주택자산 9% '껑충' [강진규의 데이터너머],https://www.hankyung.com/economy/article/202307105073i,10일 한국은행 김민수 금융안정연구팀 차장과 최원용 조사역이 쓴 BOK 이슈노트 '거시건전성 정책이 우리나라 가구의 부채 및 자산 불평등에 미친 영향' 보고서에 따르면 지난 2017년 이후 지역별로 차이를 두고 강화된LTV와DTI 규제이후 가계부채 증가세가 둔화되고 주택자산 가치가 증가했다.LTV는 주택...,
LTV DTI 규제,가계대출 안 잡히면 '초강력' 규제 영업점별 한도 제한 다시 부활하나,http://www.smedaily.co.kr/news/articleView.html?idxno=301939,"이어 2015∼2016년 당시에는LTV와DTI 규제를 크게 강화했고, 초저금리와 코로나19 팬데믹으로 인한 유동성 증가로 수도권 아파트 가격이 급등했던 2019∼2020년 때는 초고강도 부동산대책과 함께 투기과열지구의 9억원 초과 주택의 담보대출 차주를 대상으로 DSR규제를 도입했다. 은행들 자체적으로도 급증하는...",
LTV DTI 규제,"주택협회 ""실수요층 LTV 인상·DTI 규제 폐지 필요""",https://www.ebn.co.kr/news/view/1541695/?sc=Naver,실수요자들의 주거 안정을 위해 주택담보대출비율(LTV)완화 폭을 확대하고 총부채상환비율(DTI)규제는 폐지돼야 한다는 주장이 나왔다. 8일 한국주택협회가 한국개발연구원에 의뢰한 주택금융규제의 합리적 개선과 국민경제 안정' 연구보고서에 따르면 주택금융규제가 주택가격에 미치는 영향은 다른 요인에...,
LTV DTI 규제,"'DSR 규제 강화·LTV·DTI 대상 확대'…가계대출, 다음 달부터 확 달라져",http://mbn.mk.co.kr/pages/news/newsView.php?category=mbn00003&news_seq_no=4788659,주택담보대출비율(LTV)과 총부채상환비율(DTI)규제를 우대받는 '서민·실수요자' 기준을 연 소득 9천만원 이하 및 주택가격 9억원(투기·투기과열지구) 또는 8억원(조정대상지역) 이하로 완화하고LTV우대폭도 최대 20%포인트 확대합니다. 생애 최초 주택구매자가 주택 구입 목적으로 주담대를 할 경우 주택...,
LTV DTI 규제,7월부터 DSR 규제 강화…LTV·DTI 우대 '서민·실수요자' 기준 완화,http://www.slist.kr/news/articleView.html?idxno=363499,주택담보대출비율(LTV)과 총부채상환비율(DTI)규제를 우대받는 '서민·실수요자' 기준을 연 소득 9천만원 이하 및 주택가격 9억원(투기·투기과열지구) 또는 8억원(조정대상지역) 이하로 완화하고LTV우대 폭도 최대 20% 포인트 확대한다. 생애 최초 주택구매자가 주택 구입 목적으로 주담대를 할 경우 주택...,
LTV DTI 규제,"특례보금자리론, LTV·DSR·DTI  알쏭달쏭 용어 쌉정리",http://www.pinpointnews.co.kr/news/articleView.html?idxno=168261,"사실LTV와DTI 규제가 완화되더라도 결국에는 DSR 하나때문에 모든 것이 무용지물이 될 수 있기 때문에 실질적인 대출규제완화정책이라면 DSR은 적용하지 않아야 한다는 것이 전문가들의 제안이다. 한편 금융위원회 관계자는 9일 ""특례보금자리론의 출시 목표 시기는 1월 말""이라며 ""전산 통합이나 은행권...",
LTV DTI 규제,"실수요자 대출 집값·소득요건 완화할까… 정부, LTV…DTI 규제 완화 방안 이달 중 발표",http://www.newscj.com/news/articleView.html?idxno=855466,집값 6억원→9억원 이하 확대 전망 연소득 8000만원→1억원 이하 거론 이달 중 금융당국이 주택담보대출비율(LTV)·총부채상환비율(DTI)규제를 완화하는 대책을 발표한다. 이에 대해LTV·DTI를 10%p 추가로 더 높이고 소득요건과 주택가격 요건을 낮추는 방안이 거론되고 있다. 현재 일정한 요건을 충족하는...,
LTV DTI 규제,[칼럼] 무주택자 LTV·DTI 대출규제 완화해야,https://www.asiatoday.co.kr/view.php?key=20210419010010739,"대출규제를 완화해 장기모기지 시장이 활성화되면, 살면서 내 집을 마련하는 주거문화 확립뿐만 아니라, 투기적 거래가 자생하기 어려운 환경 조성에도 기여할 수 있다.더불어민주당 당 대표 후보로 출마한 송영길 의원이 생애 최초 주택구입의 경우에는LTV·DTI 규제를 90%까지 풀어야 한다고 주장한 바 있다....",
LTV DTI 규제,"[단독]신규분양 대출, LTV-DTI 규제 완화",https://www.donga.com/news/article/all/20210406/106260335/1,5일 경제 부처 관계자에 따르면 국토교통부는 신축 분양 아파트 대출에 적용하는 주택담보인정비율(LTV)과 총부채상환비율(DTI)을 완화하는 내용의 대출규제개선 방안을 금융위원회와 협의한다. 금융위는 부처 협의를 거쳐 확정한 ‘가계부채 관리 방안’을 이달 중 공식 발표할 예정이다. 국토부 고위...,
LTV DTI 규제,"'영끌'해온 30∼40대, LTV와 DTI규제로 서울 주택구입 여력 없어",https://www.news2day.co.kr/article/20210923500206,보고서는 현재 무주택자의 보유 자산 및DTI와LTV등이규제받는 상황에서 조달 가능 금액 등을 종합적으로 산정해 30∼40대의 구매여력을 분석했다. 그 결과 서울과 경기 지역에 거주하는 무주택 30∼40대는 주택가격 상승으로 인해 주택 매매시장에 진입하기 어려운 것으로 드러났다. 특히 서울지역...,
LTV DTI 규제,"정부, LTV·DTI 규제 완화 대책 이달 발표",http://www.newsway.co.kr/news/view?tp=1&ud=2021050209502074373,2일 금융당국에 따르면 정부는 무주택자가 주택담보대출을 받을 때 적용되는LTV·DTI 규제를 완화하는 대책을 이달 중 내놓는다. 현재 투기지역·투기과열지구에서는 주택가격이 6억원 이하(조정대상지역 5억원 이하)여야 하고 부부합산 연 소득이 8000만원(생애최초 구입자 9000만원 이하) 이하여야 한다....,
LTV DTI 규제,"우원식 ""코로나 손실보상 추진""…송영길 ""LTV·DTI 규제 완화""(종합)",http://www.newstomato.com/ReadNews.aspx?no=1037507,"송영길 더불어민주당 의원은 부동산규제완화를 강조했다. 송 의원은 이날 CBS라디오 '김현정의 뉴스쇼'와 인터뷰에서 ""최초의 자기 집을 갖는 그런 분양 무주택자에게는LTV(주택담보대출비율),DTI(총부채상환비율)를 90% 확 풀어야 한다""고 말했다. 송 의원은 ""예를 들어, 우리 집을 갖고자 하는 젊은이한테LTV...",
LTV DTI 규제,주택시장 안정을 위한 거시건전성 규제 관련 이슈 및 시사점,http://www.ifs.or.kr/bbs/board.php?bo_table=News&wr_id=53945,"규제지역에 대한LTV,DTI 규제등 이미 활용되고 있던 건전성 조치와 더불어 DSR 규제 강화는 신용팽창기 과도한 가계부채 증가를 억제하여 우리 가계가 2022년 이후의 고금리 충격에 대응하는 데 기여하였다. 이에 더하여 정부는 올해 2월부터 스트레스 DSR 도입을 예고하고 있는데 이는 실제 계약금리에...",
LTV DTI 규제,"은성수 금융위원장 후보자 ""LTV·DTI 규제 일관되게 유지해야""",https://www.sedaily.com/NewsView/1VN59SAXZF,"정부의LTV·DTI 규제로 서민들의 내 집 마련이 어려워졌다는 지적에 대해서는 “현재도 서민 무주택자에게는 완화된 대출규제를 적용하고 있다”고 반박했다. 그는 “부부합산 연 소득 7,000만원 이하 무주택자가 6억원 이하 주택을 구입할 때는 LTV·DTI를 각각 10%포인트 올려 적용하고 있다”며 “LTV 최고 70...",
LTV DTI 규제,"홍남기 ""LTV·DTI 규제 조정 바람직하지 않고 검토도 안해""",http://yna.kr/AKR20191004139800002?did=1195m,"""민간임대사업자 과도한 세제 혜택 지속적으로 축소 검토"" 정책팀 차지연 기자 = 홍남기 부총리 겸 기획재정부 장관은 4일 주택담보인정비율(LTV)·총부채상환비율(DTI)규제의 조정을 검토할 계획이 없다고 밝혔다. 홍 부총리는 이날 국회 기획재정위원회의 기재부 조세정책 국정감사에서 더불어민주당 김경협...",
LTV DTI 규제,"금융감독연구센터 ""LTVㆍDTI 규제, 지역 간 주택가격 격차 완화에 유효""",http://www.areyou.co.kr/news/articleView.html?idxno=38643,"그 결과LTVㆍDTI 규제는 주택 관련 거시건전성 정책수단으로써 주택 가격을 안정시키는 효과를 보였다. 아울러LTV규제는 효과 지속기간이 길었고,DTI 규제는 단기효과가 크게 나타났다.LTV는규제강화 시 1~7분기까지 일정 수준의 영향력을 지속하다가 8분기 이후부터 점차 줄었다.DTI는규제강화 시 1...",
LTV DTI 규제,LTV·DTI규제가 시장안정은 물론 지역간 격차 해소에도 '효과',http://news.khan.co.kr/kh_news/khan_art_view.html?artid=201811251442001&code=920202,"이 박사는 보고서에서 “LTV·DTI 규제효과가 아파트 가격 상승률이 낮은 지역보다 높은 지역에서 더 큰 것으로 나타났다”며 “DTI 규제는 단기적으로 효과가 큰 반면, LTV 규제는 효과의 지속성이 상대적으로 높았다”고 밝혔다. 패널 VAR(Vector Auto Regressive) 모형은 VAR 모형에 패널자료를 이용할 수...",
LTV DTI 규제,신 DTI·LTV에 DSR까지…금리 상승기 '대출 규제 3종 세트' 시행,https://news.sbs.co.kr/news/endPage.do?news_id=N1004949497&plink=ORI&cooper=NAVER,"신용대출 원리금이나 전세보증금대출 이자까지 주택담보대출 원리금과 합쳐 심사하는 만큼,LTV·DTI 규제를 우회하는 길을 차단하는 효과가 있습니다. 금융당국은 DSR가 70∼80% 등 일정 비율을 넘는 경우 위험성이 큰 고 DSR 대출로 분류하고, 이런 대출이 전체 대출의 일정 비중을 넘지 못하도록 할...",
LTV DTI 규제,"[금융안정] 코로나 이후 LTV·DTI 효과 약화 ""금융완화 정도 축소해야""",http://www.fntimes.com/html/view.php?ud=202109241737575077179ad43907_18,"보고서 중 '가계부문 거시건전성정책의 유효성 분석 및 시사점'에 따르면, 2017년 이후LTV·DTI 규제가 강화됐으나 코로나19 이후 가계대출 증가세와 주택가격 상승세가 크게 확대됐다고 짚었다. 코로나19 이전인 2017~2019년 중에는 규제강화 이후 금융기관의 주택담보대출 및 기타대출 증가세가 둔화되거나...",
LTV DTI 규제,"윤호중 “LTV·DTI 규제, 국민눈높이 맞게 조정할 것”",https://view.asiae.co.kr/article/2021051713573928637,"윤호중 더불어민주당 원내대표가 17일 ""부동산 세제와LTV(주택담보대출비율),DTI(총부채상환비율) 대출규제는 시장에 영향이 큰 만큼 세심하게 검토하고, 국민 눈높이에 맞도록 정책을 조정해 종합대책을 마련할 것""이라고 밝혔다. 윤 원내대표는 이날 국회에서 열린 최고위원회의에서 ""부동산투기 근절과...",
LTV DTI 규제,[이코노미플러스]新DTI<총부채상환비율>·LTV<담보인정비율>에 DSR까지… 가계부채 잡는 `대출규제 3종세트',http://www.kwnews.co.kr/view.asp?aid=218092700151&s=401,"신용대출 원리금이나 전세 보증금대출 이자까지 주택담보대출 원리금과 합쳐 심사하는 만큼LTV·DTI 규제를 우회하는 길을 차단하는 효과가 있다. 금융 당국은 DSR이 70∼80% 등 일정 비율을 넘는 경우 고(高)DSR 대출로 분류하고, 이런 대출이 전체 대출의 일정 비중을 넘지 못하도록 할 방침이다. 금융...",
LTV DTI 규제,"與 ""부동산 실수요자 LTV·DTI 규제 완화""",http://news.einfomax.co.kr/news/articleView.html?idxno=4139539,"더불어민주당이 부동산 실수요자에 대한 대출규제완화를 추진하겠다고 강조했다. 홍익표 정책위의장은 29일 국회에서 기자간담회를 열고... 서민 실수요자에 대한 주택담보대출비율(LTV)이나 총부채상환비율(DTI) 기준을 상향 조정할 것이라고 부연했다. 홍 의장은 ""소득 기준이나 주택 실거래가 기준 등도...",
LTV DTI 규제,"최흥식 ""은행들 LTV·DTI 규제 위반시 엄정 조치""",http://news.einfomax.co.kr/news/articleView.html?idxno=3432362,"그는 ""주택담보대출 증가세가 과도한 금융회사와 은행 영업점에 대해 빠른 시일 내에LTV·DTI 규제비율 준수 여부 등을 점검할 것""이라며 ""위규사항 적발 시 엄정히 제재하겠다""고 강조했다. 정부는 작년 8월 23일부터 서울, 세종, 과천 등 투기과열지구에 주택 구입을 위한 담보대출의LTV·DTI 규제비율을...",
LTV DTI 규제,냉·온탕 오간 'LTV·DTI' 규제비율 1년마다 못 바꾼다,http://news1.kr/articles/?3163826,"LTV·DTI 규제비율의 감독규정화(化)는 앞으로 잦은 비율 변경 없이도 금융회사 건전성과 가계부채 관리 등 정책적 효과를 충분히 거둘 수 있다는 금융당국의 판단도 작용한 것으로 보인다. 금융당국 관계자는 ""내년 1월 신DTI에 이어 내년 하반기 DSR(총체적상환능력심사제) 도입으로 선진형...",
LTV DTI 규제,"[가계부채대책] LTV, DTI, DSR, RTI, DTA…알쏭달쏭 대출규제 용어",http://app.yonhapnews.co.kr/YNA/Basic/SNS/r.aspx?c=AKR20171023193700002&did=1195m,"정부는 일단 RTI를 참고지표로만 삼되,LTV나DTI처럼규제비율로 도입하는 방안도 검토하기로 했다.규제비율로 도입한다면 RTI가 최소 1은 넘을 것으로 보인다. 1에 미달하면 임대소득으로 이자도 못 내는 한계차주, 기업으로 따지면 한계기업이기 때문이다. 자산대비부채비율(DTA·Debt To Asset ratio)...",
LTV DTI 규제,송영길 “LTV·DTI 대출 규제 젊은층에는 확 낮추자”,http://www.hani.co.kr/arti/politics/assembly/990764.html,"송 의원은 또 주거 안정 방안으로 무주택자의 경우 주택담보인정비율(LTV)과 총부채상환비율(DTI)을 90% 수준으로 확 낮추는 획기적인 대출규제완화를 제시했다. 송 의원은 “집을 갖고자 하는 젊은이한테 엘티브이, 디티아이를 40%, 60% 다 제한해 버리면, 10억짜리 집을 산다고 하면 4억밖에 안 빌려주겠다는...",
LTV DTI 규제,"금융위원장 ""부동산시장 대응에 LTV·DTI 규제 적극 활용""(종합)",http://app.yonhapnews.co.kr/YNA/Basic/SNS/r.aspx?c=AKR20180918139951002&did=1195m,"최종구 위원장은 이날 9·13 주택시장 안정대책 금융부문 후속조치 점검차 서울 중구 KB국민은행 을지로3가 지점을 방문한 자리에서 ""그동안 당국은LTV와DTI 규제를 은행 여신 건전성을 위한 지표로 활용해왔고 부동산 대책으로 쓰려 한 것은 아니었다""면서 ""하지만 부동산 시장이 비정상적으로 오르는 것을...",
LTV DTI 규제,금융위원장 “부동산시장 대응에 LTV·DTI 규제 적극 활용”,http://news.kbs.co.kr/news/view.do?ncd=4040164&ref=A,"최 위원장은 오늘(18일) 9·13 주택시장 안정대책 금융부문 후속조치 점검차 서울 중구 KB국민은행 을지로3가 지점을 방문한 자리에서 ""그동안 당국은LTV와DTI 규제를 은행 여신 건전성을 위한 지표로 활용해왔고 부동산 대책으로 쓰려 한 것은 아니었다""면서 ""하지만 부동산 시장이 비정상적으로 오르는...",
LTV DTI 규제,무색해진 'LTV·DTI 규제' 강화…은행만 웃는다,http://www.smedaily.co.kr/news/articleView.html?idxno=71092,"금융권 관계자는 ""가계대출 영업에 치중하는 은행과 부족한 대출한도를 늘리려는 대출자 간 니즈가 맞아떨어지면서 한층 강화된LTV·DTI 규제를 우회하는 '꼼수' 대출이 늘고 있는 것""이라며 ""천문학적인 규모로 늘어난 가계부채를 잡기 위한 부동산 억제 대책의 도입 취지가 무색해지고 있다""고 말했다....",
LTV DTI 규제,6억 이하 아파트도 LTV·DTI 40%…대출 규제 강화 '임박',https://cnbc.sbs.co.kr/article_hub/10000871372?division=NAVER,금융감독원은 강화된LTV·DTI 규제를 피하기 위해 신용대출이나 개인사업자 대출 등 편법으로 대출하는 경우에 대해 엄중 대처하겠다고 밝혔는데요. 빠른 시일 안에 현장 점검에 나설 계획입니다. 이와 함께 정부는 다음달 초 가계부채 관리 대책을 발표하는데요.LTV·DTI 규제보다 강력한 총부채 원리금...,
LTV DTI 규제,"진웅섭 금감원장 ""LTV·DTI 규제 회피 편법 대출 엄중 대처""",http://www.m-i.kr/news/articleView.html?idxno=336014,"이에 진 원장은 이날 오전 간부회의를 열고 ""일부 차주들이LTV·DTI 규제강화로 줄어든 주택담보대출을 충당하기 위해 신용대출로 자금을 조달할 경우 가계대출 증가세가 재연될 수 있어 신용대출에 대해 면밀한 점검이 필요하다""며 ""일각에서 제기하는 풍선효과를 차단할 필요가 있다""고 강조했다. 그는...",
LTV DTI 규제,"재건축 집단대출, 내주초까지 협약땐 LTV·DTI 규제 피한다",http://www.fnnews.com/news/201708101724453382,중도금대출 시기는 지난 3일 이전이어서 종전LTV와DTI를 적용받지만 잔금대출 시기는 그 이후여서 엄격한규제를 받는다.LTV와DTI적용을 잔금대출 시기로 미룬 분양권자는 말 그대로 '선의의 피해자'가 되는 셈이다. 금융당국도 이 같은 분양권자의 애로사항을 인식하고 이 같은 사례에 대해 개선안을...,
LTV DTI 규제,다주택자 추가 대출 전국도 일괄 규제… LTV·DTI 10%p ↓,http://news.mtn.co.kr/newscenter/news_viewer.mtn?gidx=2017080613142487214,금융감독원은 지난 8.2 부동산 대책 후속조치로 은행 등 각 금융기관이 따르는LTVㆍDTI 규제세부 시행방안 행정지도를 변경했다고 6일 밝혔다. 이번 조치는 8월 중순 이후 추가 담보대출을 승인받는 사람부터 적용되며 집단대출은 3일 이후 모집공고되는 곳부터 적용된다.행정지도 변경안에 따르면...,
LTV DTI 규제,"[기자수첩] LTV·DTI 규제, 집값 ‘잡고’ 선량한 국민도 ‘잡고’",http://www.kukinews.com/news/article.html?no=474568,LTV·DTI 규제가 국민의 재산과 직결되는 규제인 상황에서 이러한 급작스러운 규제 강화는 국민의 재산 피해를 불러오고 있다. 특히 내집 마련을 앞두고 있던 이들의 피해가 불가피한 상황이다. 대출 없이 내집 마련을 하기 어려운 현실에서 은행 대출한도가 하루아침에 감소했기 때문이다. 일례로 마포구에...,
LTV DTI 규제,LTV·DTI 규제 문의 급증…은행원 “우리도 몰라요”,http://www.kukinews.com/news/article.html?no=474290,"3일 쿠키뉴스가 국내 5대 은행 각 지점에 ‘투기지역 주택담보대출의 만기연장시 강화된LTV·DTI 규제의 적용 여부’를 문의한 결과, 고객에게 정확한 정보를 전달한 은행은 1곳에 불과했다. 신한은행과 국민은행은 주담대 만기 연장시 40%의 강화된LTV·DTI 규제가 적용되는 것으로 답변했다. 이는 만기연장...",
LTV DTI 규제,"""LTV·DTI 규제 강화, 대출금 1인당 5000만원 감소""",http://www.asiae.co.kr/news/view.htm?idxno=2017080314431292798,"시뮬레이션은 국민은행의 지난해 하반기 신규취급 주택담보대출을 대상으로LTV·DTI 규제강화 시 계좌별 신규취급 감소금액을 추정했다. 투기지역과 투기과열지구로 지정된 차주 2만4000명의 약 80%에 달하는 것으로, 신규 취급 주담대 감소 규모는 총 9500억원이다. 1인당 받을 수 있는 대출한도가...",
LTV DTI 규제,단순 만기연장 기존 LTV·DTI로...대환대출은 강화된 규제 따라야,http://www.sedaily.com/NewsView/1OJLXUAH3I,이번 8·2부동산대책에서는 1건 이상 주담대를 받은 세대가 새로 주담대를 받을 때도LTV·DTI 규제를 각 10%포인트씩 강화한다. 금감원은 “대환대출은 기존 대출을 청산하는 동시에 생기는 대출이므로 사실상 하나의 담보를 이용한 하나의 대출”이라며 “이에 주담대를 한 건 이상 받을 때 생기는 LTV·DTI...,
LTV DTI 규제,"은행권, LTV·DTI 대출규제 시동… 평균 대출액 5000만원 감소",http://www.viva100.com/main/view.php?key=20170803010001349,"3일 금융권에 따르면 KB국민, 신한, 우리, KEB하나 등 주요 시중은행은 이날부터 신규주택담보대출 안내 시 강화된LTV·DTI규제를 바탕으로 대출 안내를 하고 있다. 통상LTV·DTI 규제개정을 위해서는 2주일 가량의 시간이 소요되나 시중은행은 이미 이같은 기준을 적용해 대출을 진행하고 있는 것이다. 이는...",
LTV DTI 규제,"[8.2대책]LTV·DTI 규제, '역대 최고' 수준",http://www.inews24.com/php/news_view.php?g_serial=1039560&g_menu=022600&rrf=nv,앞으로 분양신청자는 분양공고 시점부터 중도금대출에 강화된LTV·DTI 규제가 적용된다는 점을 충분히 인식하고 청약 등을 하게 될 것이라는 전망이다. 대책발표 이후 감독규정 개정까지 최소 2주 이상이 걸릴 것으로 예상된다. 이에 따라 이번 대책 발표후 LTV·DTI 시행시기 전에 대출 선수요가 증가할...,
LTV DTI 규제,"[8·2 부동산대책]금융위, LTVㆍDTI 규제 강화 감독규정 개정안 의결",http://www.edaily.co.kr/news/newspath.asp?newsid=03785126616023384,"금융위원회는 2일 정부서울청사 금융위 대회의실에서 임시회의를 열고, 주택시장 안정화 방안에 따른LTV·DTI 규제강화를 위한 감독규정 개정안을 논의·의결했다. 최종구 위원장이 의사봉을 두드리고 있다. [금융위 제공] 금융위원회가 정부의 주택시장 안정화 방안에 따른 기본 담보인정비율(LTV)과...",
LTV DTI 규제,[8.2부동산대책 발표]서울·과천·세종 '투기과열지구' 지정… 다주택자는 LTV·DTI 규제,http://www.kyeongin.com/main/view.php?key=20170802010000500,"다주택자에 대한규제책도 나왔다. 주택담보대출을 1건 이상 보유한 세대원은 지역에 상관없이LTV·DTI비율이 10% p씩 내려간다. 2주택자가 청약조정지역 내 주택을 팔 때 양도세율은 기본세율에 10%p 중과되고, 3주택자의 경우는 20% p 추가 과세된다. 이와 함께 청약조정지역에서는 1세대 1주택이 양도소득세...",
LTV DTI 규제,[8ㆍ2 부동산 대책] 역대정부 ‘최강’ 대출규제…서울전역 LTVㆍDTI 40% 적용,http://news.heraldcorp.com/view.php?ud=20170802000557,[표=실수요 보호와 단기 투기수요 억제를 통한 주택시장 안정화 방안LTVㆍDTI 규제비율] 투기과열지구에서는 추가 주담대를 받을 경우LTV와DTI각각10%포인트씩 강화된다. 즉 주택담보대출을 1건 이상 보유한 세대에 속한 자가 추가로 주택담보대출을 받을 경우LTVㆍDTI비율이 30%로 적용된다. 주담대에...,
LTV DTI 규제,[8.2 부동산 대책] 주담대 LTV-DTI 규제 정확히 언제부터 적용되나,http://www.fnnews.com/news/201708021506198342,―LTV·DTI 규제는 언제부터 적용되는 것인지? ▲주택담보대출에 대한LTV·DTI 규제는 감독규정 개정안 시행 이후 대출승인분부터 적용될 예정이다. 개정안 시행 이전 대출승인분까지는 종전 기준을 적용한다. 감독규정 개정까지 최소 2주이상이 걸릴 것으로 예상된다. 다만 행정예고(20일) 등LTV·DTI 규제강화...,
LTV DTI 규제,[8·2 부동산대책]개정안 시행전 대출승인 LTV.DTI 규제 예외,http://www.fnnews.com/news/201708022137469499,▲주택담보대출에 대한LTV.DTI 규제는 감독규정 개정안 시행 이후 대출승인분부터 적용될 예정이다. 개정안 시행 이전 대출승인분까지는 종전 기준을 적용한다. 감독규정 개정까지 최소 2주 이상이 걸릴 것으로 예상된다. 다만 행정예고(20일) 등LTV.DTI 규제강화 시행전 시차를 최대한 단축시키고 금융회사...,
LTV DTI 규제,LTV·DTI 규제 강화에도 가계부채 잡기 '역부족',http://news.einfomax.co.kr/news/articleView.html?idxno=346459,"시중은행 여신담당 관계자는 ""새로운 부동산 대책이 당초 예상했던LTV·DTI 규제비율 환원 수준은 아니고, 투기수요를 차단하는 데 초점이 맞춰져 있어 실수요자에 미치는 영향은 미미했다""며 ""수도권 입주 물량이 증가한 것도 주택담보대출 증가가 지속하는 원인""이라고 말했다. 규제 지역에...",
LTV DTI 규제,LTVDTI 규제 강화…대출한도 줄어,http://www.cstimes.com/?mod=news&act=articleView&idxno=250085,[컨슈머타임스 김수정 기자] ‘6.19 부동산 대책’ 대출규제가 지난 3일부터 본격 시행돼 서울 등 청약조정지역 40곳에서 주택담보대출비율(LTV)총부채상환비율(DTI)규제가 강화됐다. 6.19 대책 이후 관망세가 이어지는 가운데 전국 아파트값 상승폭은 둔화됐다. 주택법 개정안이 국회를 통과함에 따라...,
LTV DTI 규제,[서울경제TV] 오늘부터 전국 40곳서 LTV·DTI 규제 강화,http://www.sedaily.com/NewsView/1OICDS7O99,"[기자] 오늘부터LTV와DTI 규제강화가 시작됐습니다.LTV는 주택을 담보로 대출받을 때 적용하는 주택가격 대비 대출 한도를,DTI는 소득을 기준으로 대출받을 수 있는 한도를 말합니다. 오늘부터 조정대상지역의LTV는 70%에서 60%로,DTI는 60%에서 50%로 각각 10%포인트씩 줄어듭니다. 아파트 분양시...",
LTV DTI 규제,LTV·DTI 규제 강화…가계부채 억제 효과 있을까,http://www.asiatoday.co.kr/view.php?key=20170702010000422,"2일 금융권에 따르면 금융위원회와 금융감독원은LTV와DTI 규제를 강화하는 내용의 ‘6·19 부동산대책’을 3일부터 시행한다는 행정지도 공문을 전 금융권에 발송했다.LTV는 주택을 담보로 대출받을 때 적용하는 주택가격 대비 대출 한도를,DTI는 소득을 기준으로 대출받을 수 있는 한도를 정한 비율을...",
LTV DTI 규제,주담대 LTV·DTI 규제 강화 시행 첫날…은행 대출 창구 가보니,http://www.cnews.co.kr/uhtml/read.jsp?idxno=201707031443283090639,A은행 관계자는 “LTV와DTI 규제강화가 시행된 영향이 아직은 크게 없는 것 같다”며 “한산하고 차분하다. 기존 은행 창구 분위기와 별 다를 바 없다”고 말했다. B은행 관계자는 “오히려LTV와DTI 규제강화와 관련한 대책이 발표된 직후에 궁금증을 가진 문의 전화나 선수요 고객들이 많았던 것...,
LTV DTI 규제,오늘부터 서울 등 LTVDTI 규제강화…대출한도↓,http://www.cstimes.com/?mod=news&act=articleView&idxno=249656,[컨슈머타임스 김수정 기자] 3일 부터 서울 등 청약조정지역 40곳에서 주택담보대출비율(LTV)총부채상환비율(DTI)규제가 강화돼 대출 가능 금액이 줄어든다. 3일 업계에 따르면 금융위원회와 금융감독원은 ‘6.19 부동산대책’이 이날부터 시행된다는 내용의 행정지도 공문을 전 금융권에 발송했다....,
LTV DTI 규제,3일부터 청약조정 대상지역 LTV·DTI 규제 10%p 강화,http://daily.hankooki.com/lpage/economy/201707/dh20170702171253138120.htm,"그러나 6·19 부동산 대책에 따라 조정 대상지역의 경우, 7월3일부터LTV,DTI 규제비율이 10%포인트씩 강화된다. LTV는 70%에서 60%로, DTI는 60%에서 50%로 낮아진다는 의미다. 또한 아파트 집단대출의 일부인 잔금 대출에 대해서도 DTI를 50%로 신규 적용한다. 집단대출은 3일 이후 입주자 모집 공고분부터 적용된다....",
LTV DTI 규제,만기연장·1억이하 대출 땐 LTV·DTI 규제 강화 예외,http://news.hankyung.com/article/2017070282141,세 조건을 동시에 충족하면 강화된LTV·DTI 규제를 적용받지 않는다. 여기서 무주택 세대주에는 세대원도 포함된다. 남편이 무주택 세대주여도 부인이나 자녀 명의로 1주택을 보유하고 있으면 서민·실수요자가 아닌 것으로 간주한다. 1억원 이하 소액대출도 바뀐 규제를 적용받지 않는다. 금융당국은...,
LTV DTI 규제,"LTV·DTI 규제 강화, 임대사업자는 남 얘기… 취득세까지 감면",http://www.mt.co.kr/view/mtview.php?type=1&no=2017062507092089893&outlink=1,"[부동산 임대사업자 등 개인사업자 대출, 대출규제 적용 안돼…금융당국, 점검…개선방안 검토] 정부가 일부 과열 지역의 부동산시장을 안정시키려 조정 대상지역의 LTV(담보인정비율)·DTI(총부채상환비율)를 강화하기로 했지만 임대사업자 등 자영업자로 대출받으면LTV·DTI 규제를 피해갈 수 있는...",
LTV DTI 규제,일단 과열지역만 ‘핀셋 규제’… LTV-DTI 10%P씩 강화,http://news.donga.com/3/all/20170620/84963041/1,"박근혜 정부 때 부동산 경기 부양을 위해 풀었던 주택담보인정비율(LTV), 총부채상환비율(DTI) 등의 대출규제도 일괄적으로 되돌리기보다는 ‘청약조정 대상 지역’을 핀포인트해 ‘맞춤형 조이기’를 택했다. 대책의 주요 내용을 문답으로 정리했다. Q. 서울에서 아파트 분양권을 사고팔 수 없나. A....",
LTV DTI 규제,"""이달 안에 대출 승인되면 LTV·DTI 강화규제 미적용""",http://news1.kr/articles/?3025303,"-LTV·DTI 규제변경 내용의 기준일은 ▶LTV·DTI 규제변경 내용은 다음 달부터, 정확히는 7월3일(1~2일은 주말) 이후 실행되는 대출부터 적용된다. 다만 다음 달 3일 이후 실행되는 대출이라도 그 이전에 금융회사와 대출금액에 대한 상담을 완료하고 대출 승인(전산상 등록)된 고객 등은 종전 기준으로...",
LTV DTI 규제,"금융위 ""강화된 LTV·DTI 규제 다음달 3일부터 적용""",http://www.seoulfn.com/news/articleView.html?idxno=281324,집단대출에 대한LTV·DTI 규제변경내용은 7월3일 이후 입주자 모집공고가 되는 사업장부터 적용하기로 했다. 그러나 7월3일 이전에 입주자 모집공고한 사업장에 대한 주택이라하더라도 7월3일 이후 분양권(입주권 포함)이 거래된 경우에는 강화된 규제가 적용된다. 분양권 거래 신고일이 7월3일...,
LTV DTI 규제,[6.19 부동산 대책]조정 대상지역 LTV·DTI 규제비율 10%p 강화,http://www.econovill.com/news/articleView.html?idxno=317301,서울 전 지역의 부동산 전매제한을 소유권 이전 등기 시점까지로 강화하고 40개 조정 대상 지역에 담보인정비율(LTV)과 총부채상환비율(DTI)을 10%포인트씩 줄인다. 또 집단대출에 대한DTI 규제를 새로 적용하기로 했다. 정부는 19일 정부서울청사에서 고형권 기획재정부 1차관 주재로 관계부처 합동...,
LTV DTI 규제,'LTVㆍDTI 환원' 없었다…전면강화 대신 선별규제 왜,http://news.einfomax.co.kr/news/articleView.html?idxno=341860,"정부는 이번 대책이 그간LTVㆍDTI 규제와 관련해 '냉ㆍ온탕씩규제변경은 하지 않는다'는 입장을 유지했음을 강조했다. 정부 관계자는 ""이번LTVㆍDTI비율 조정은 부동산 시장의 국지적 과열에 따른 금융회사 대출 건전성 악화 우려에 대응한 것으로, 기존 정책 기조를 바꾼 것이 아니다""며 ""금융권별로 차등...",
LTV DTI 규제,"LTV DTI 강화, 서울·부산·경기·세종 등 조정… '강화 규제비율 제외' 서민·실수요자 요건은? (부동산 대책 일문일답)",http://www.starseoultv.com/news/articleView.html?idxno=463637,""" -서민 실수요자에 대해 조정대상 지역 주택담보 대출에 대해서는LTV,DTI 규제비율을 적용하지 않겠다고 했는데, 기준이 주택가격 5억 원 이하다. 올해 상반기 서울 중위 가격이 6억 원을 돌파했는데 이 5억 원 이하 기준으로 혜택을 볼 서민이나 실수요자가 어느 정도 있는지 파악이 되는지. 있다면 그...",
LTV DTI 규제,LTV·DTI '핀셋규제' 꺼낸 정부…영향은 제한적일 듯,http://www.smedaily.co.kr/news/articleView.html?idxno=69160,금융감독원은LTV·DTI 규제강화와 관련한 행정지도를 예고해 7월 3일부터 시행할 예정이다. 잔금대출 DTI 규제는 다음달 3일 이후 입주자 모집공고분부터 적용된다. 그간 도입 여부가 주목된 투기과열지구 지정은 대책에서 빠졌다. 한때 서울 강남 등지에 투기과열지구가 지정될 것이라는 전망이 우세했지만...,
LTV DTI 규제,"[6.19 부동산대책] ""LTV·DTI 규제에도 주택대출 감소 제한적""",http://www.sisajournal-e.com/biz/article/170437,"정부가DTI와LTV규제를 강화키로 했다. 19일 기획재정부·국토교통부·금융위원회 등 관계부처가 발표한 ‘주택시장의 안정적 관리를 위한 선별적 맞춤형 대응 방안’에 따르면 정부는 서울 전역과 부산·경기·세종 등 40개 지역에 적용되는LTV를 70%에서 60%로,DTI는 60%에서 50%로 하향 조정한다. 이로...",
LTV DTI 규제,[6.19 부동산대책] ‘LTV·DTI 규제 강화’ 언제부터 적용되나?(일문일답),http://www.ajunews.com/view/20170619120008445,"LTV·DTI 규제의 경우 이날 행정지도 예고를 진행해 내달 3일부터 시행할 계획이다. 일반 주택담보대출은 시행일 이후 취급되는 대출부터, 집단대출은 시행일 이후 입주자 모집 공고부터 적용된다. 기 공고된 주택의 경우에도 시행일 이후 분양권이 전매됐다면 강화된 규제를 적용한다. ▲청약조정지역에서...",
LTV DTI 규제,"정부, LTV·DTI 규제 강화·조정대상지역 추가 지정 등 발표",http://news.mk.co.kr/newsRead.php?&year=2017&no=409080,"또한 과도한 투자수요 유입 차단을 위해 조정 대상지역에 맞춤형으로LTV·DTI 규제를 강화하고, 재건축 규제 신규 도입 추진, 서민층 무주택 세대의 내 집 마련을 위한 정책모기지는 차질없이 공급할 예정이다. 구체적으로 살펴보면 기존 서울 25개구·경기 6개시·부산 5개구·세종 등 37개 지역조정 대상지역에...",
LTV DTI 규제,"LTV·DTI 대출규제비율, 부동산 대책 지역 외엔 그대로",http://www.nocutnews.co.kr/news/4801455,"그러나 금융위원회 측은 가계부채 증가는 이 규제 완화와 직접적 관계가 없다는 입장을 유지해왔고 김현미 내정자도 청문회 과정에서 ""LTV·DTI 규제는 지역별, 대상별 맞춤형으로 시행돼야 한다""며 한 발 물러섰다. 19일 발표된 정부의 부동산 대책에 따라 추가된 경기도 광명시 등 3곳을 포함해...",
LTV DTI 규제,[6·19 부동산대책]규제조정대상 외 지역은 LTV·DTI 규제완화 1년 연장,http://www.edaily.co.kr/news/newspath.asp?newsid=02312406615963360,"김용범 금융위 사무처장은 “(규제조정대상 외의) 일반지역은 7월 말 유예기간이 종료되는LTV·DTI 규제완화 1년 더 추가 연장된다”고 말했다. 다만 규제조정대상 지역으로 포함된 40개 지역은 LTV는 70%에서 60%로, DTI는 60%에서 50%로 강화된다. 규제조정대상으로 지정된 지역은 서울 25개 구, 경기...",
LTV DTI 규제,"정부, 조정 대상지역 추가 및 LTVDTI 규제 강화",http://www.consumernews.co.kr/?mod=news&act=articleView&idxno=518889,또 이 조정 대상지역에 대해 주택담보인정비율(LTV)총부채상환비율(DTI)규제비율을 10%포인트씩 강화한다.정부는 19일 관계부처 합동으로 이같은 내용을 담은 ‘주택시장의 안정적 관리를 위한 선별적 맞춤형 대응방안’을 발표했다.조정 대상지역은 청약경쟁률 및 주택가격 상승률이 기존 조정...,
LTV DTI 규제,‘빚내서 집 사는 시대의 종언’…LTV·DTI 규제 강화 여파,http://www.viva100.com/main/view.php?key=20170618010006379,‘빚내서 집 사는 시대의 종언’…LTV·DTI 규제강화 여파 브릿지경제 김진호 기자 = 지난 4년간 대한민국 부동산 시장을 대표해온 ‘빚내서 집 사는 시대’가 대단원의 막을 내릴 것으로 전망된다. 문재인 신정부가 부동산 시장 안정화를 위해 ‘주택담보인정비율(LTV)·총부채상환비율(DTI)’ 규제...,
LTV DTI 규제,"수장없는 금융위·국토부, LTV·DTI 규제놓고 '불협화음'",http://www.econovill.com/news/articleView.html?idxno=317179,"금융위 관계자는 “최근 일부지역에 나타나고 있는 부동산시장 과열 현상에 대해 관련 동향을 면밀히 주시중”이라며 “집단대출에 대한DTI적용,LTVㆍDTI 규제강화에 대해 정해진 바 없다”고 전했다. 일부 언론들은 집단대출에DTI적용이 확정된 것처럼 보도했다. 반면, 여타 언론들은 금융당국이...",
LTV DTI 규제,"김현미, ""LTV·DTI 맞춤형 규제 필요""…강남 투기지역 지정엔 신중",http://www.mt.co.kr/view/mtview.php?type=1&no=2017061514577681602&outlink=1,"당초 김 후보자는 장관 내정 직후에는LTV·DTI 규제완화가 지금의 가계부채를 낳은 요인이라며LTV·DTI 규제가 가계부채 증가세 완화와 주택시장 안정화 효과가 있다고 말했다. 김동연 경제부총리 겸 기획재정부 장관의 경우LTV,DTI 규제는 신중해야 한다는 입장을 밝힌 바 있어 부처간 엇박자가 있는 것...",
LTV DTI 규제,김현미 “LTV·DTI 규제 지역 맞춤형으로…임대주택 등록제도 도입”(종합),http://www.edaily.co.kr/news/newspath.asp?newsid=04185286615962048,"LTV·DTI 규제강화는 물론, 분양권 전매 강화 등이 포함될 것으로 알려졌다. 다만 투기과열지구 지정은 부동산시장과 경기 회복세에 찬물을 끼얹을 것을 우려해 포함되지 않을 전망이다. 김 후보자는 투기과열지구 지정 여부에 대해 “현장 상황을 면밀히 검토하고 있다”며 “종합적인 검토를 하고 나서 결정할...",
LTV DTI 규제,김현미 “LTVㆍDTI 맞춤형 규제할 것…뉴스테이 손질 불가피”,http://news.heraldcorp.com/view.php?ud=20170615000722,"[사진제공=연합뉴스] 안 의원은 ”김 후보자가LTVㆍDTI등 금융규제를 강화한다고 밝혔으나 김동연 경제부총리 겸 기획재정부 장관은 신중히 해야 한다고 밝혀 엇박자가 우려된다“고 지적하자, 김 후보자는 ”가계부채 급증의 원인을 이야기한 것이며, 국토부는 기재부 등과 부동산 정책에 대한 인식을...",
LTV DTI 규제,LTV·DTI 대출규제 후 과거 강남 재건축집값 대체로 '뚝',http://www.moneyweek.co.kr/news/mwView.php?type=1&no=2017061309098053073&outlink=1,"함영진 부동산114 리서치센터장은 ""주택가격은 국내외 경제상황과 금리변동, 입주물량 등 다양한 변수가 작용하므로LTV·DTI 규제만으로 효과를 단순 평가하긴 어렵다""면서도 ""대출규제를 하면 강남권 재건축처럼 투자수요가 몰리는 지역의 경우 가격을 진정시키는 효과가 있었던 것으로 보인다...",
LTV DTI 규제,LTV·DTI 규제 강화 부정적 기류 감도는 '금융당국',http://www.cnews.co.kr/uhtml/read.jsp?idxno=201706121434355260847,"금융당국이 내년부터 전면 도입하기로 한 DSR도LTV·DTI 규제강화에 걸림돌이다. DSR은 모든 대출의 연간 원리금 상환액을 연소득으로 나눈 지표로 주택담보대출만 원리금을 따지고 나머지 대출은 이자만 반영하는 DTI보다 엄격하다는 평가다. 또 다른 관계자는 ""DSR이 도입을 앞두고 있는 상황에서 DTI·LTV를...",
LTV DTI 규제,"김현미 ""LTV·DTI 규제완화가 가계부채 증가 원인""",http://app.yonhapnews.co.kr/YNA/Basic/SNS/r.aspx?c=AKR20170612086600003&did=1195m,"앞서 김 후보자는 국토부 장관 후보로 내정된 직후 기자회견에서도 ""박근혜 정부의LTV,DTI 규제완화가 지금의 가계부채 등 문제를 낳은 요인이 됐다""고 지적한 바 있다. 김 후보자는 ""LTV·DTI 규제완화 연장 여부는 가계부채 증가세, 주택시장 동향, 대출 동기와 지역별·계층별 여건 등을 감안해...",
LTV DTI 규제,"정부, LTV·DTI 대출 규제 '만지작'",http://www.constimes.co.kr/news/articleView.html?idxno=110731,(건설타임즈) 이자용 기자= 정부와 금융당국이 오는 7월 말 유예가 종료되는 주택담보대출(LTV)와 총부채상환비율(DTI) 등 대출규제를 강화할 것으로 보인다. 또 8월에는 가계부채 관리를 위한 종합대책이 마련될 예정이다. ] 서울 강남권 재건축 아파트 등 부동산 시장의 과열 양상이 지속될 경우...,
LTV DTI 규제,"한경연, ""DTI 규제강화로 가계부채 10% 감소시, GDP 2.7조↓, LTV 1.9조↓""",http://www.viva100.com/main/view.php?key=20170611010003538,"이에 대해 이승석 한경연 부연구위원은 “연구결과DTI 규제강화로 인한 GDP 감소효과가LTV보다 최대 1.4배 큰 것으로 나타났다”며, “경제규모나 소득수준에 비해 주택가격이 높게 형성된 우리경제의 특성상 상환능력을 감안해 대출상한을 결정하는DTI의 경우 차입규제효과가LTV보다 클 수밖에...",
LTV DTI 규제,"노무라 ""LTV·DTI규제 강화, 하반기 건설투자 증가율 둔화""",http://view.asiae.co.kr/news/view.htm?idxno=2017061012041821595,"노무라는LTV,DTI 규제강화 시 건설투자 증가율이 하반기부터 둔화될 걸로 봤다. 한국은행에 따르면 올해 1분기 건설투자는 전기대비 6.8%, 전년동기대비 11.3%의 높은 성장폭을 기록했다. GDP성장에 대한 기여도는 1.1%포인트다. 대출 규제 강화로 주택시장이 조정에 들어가면 이는 가계부채와 함께 소비에...",
LTV DTI 규제,[부동산 규제 예고]②LTV DTI 대출 규제 유력.. 정부 무슨 카드 꺼낼까,http://www.edaily.co.kr/news/newspath.asp?newsid=01446486615960408,"LTV와DTI는 모두 주택담보대출에 적용하는규제지표다.LTV는 은행에서 돈을 빌릴 때 담보로 하는 부동산의 가치 대비 대출 금액의 비율을 말한다.DTI는 대출자의 상환 능력을 평가하는 지표로, 연간 소득 대비 주택담보대출의 주택담보대출 원리금과 기타 대출의 이자 상환액 비율이다.LTV와DTI가 상향...",
LTV DTI 규제,LTV·DTI 규제 강화 가닥?…은행株에 미치는 영향은,http://www.ebn.co.kr/news/view/895636,"이어 ""최근 신DTI도입 등 소식이 들려오는 가운데 대출규제는 대출자 특성을 감안한 차별화된규제안이 나올 가능성과LTV·DTI도 부동산 지역별·가격별 차별 적용이 가능할 것""이라고 내다봤다. 대출규제가 강화될 조짐을 보이는 가운데 이 같은 변화가 은행주에 미치는 영향에 대해서도 투자자들의 관심이...",
LTV DTI 규제,"文정부, LTV·DTI 규제 완화 과정 검증한다",http://biz.chosun.com/site/data/html_dir/2017/06/08/2017060802089.html,LTV·DTI 규제완화 의사결정 과정이 적정했는지 여부를 들여다보겠다는 취지다. 두차례 규제 완화를 연장하면서 효과 검증이 제대로 진행됐는지 여부도 검토한다. 여권 관계자는 9일 “LTV·DTI 규제완화 및 연장 과정에 의사결정이 적정했는지를 검토하기 위해 각 부처에 관련 자료를 요청했다”며...,
LTV DTI 규제,"은행, LTV/DTI 규제: 주가나 손익에 부정적 영향 미미 - IBK",http://daily.hankooki.com/lpage/economy/201706/dh20170608143652138110.htm,"[양선 기자]LTV/DTI 규제변화 예정 현재 LTV/DTI 규정은 7월말을 시한으로 유지여부가 결정됨. 2014년 7월에 1년 시한으로 은행권 LTV 50~60% (지역별 차이)를 70%로 상향했고, DTI 50~60%를 60%로 상향했음. 이후 2차례 연장됐고, 다시 연장여부를 결정함. 최근 가계부채 증가 현상을 감안하여 대출규제가 강화될 것이란...",
LTV DTI 규제,"LTV·DTI, 이달 중 결정…맞춤형·선별적 규제 가닥",https://cnbc.sbs.co.kr/article_hub/10000861754?division=NAVER,"금융당국 고위 관계는 ""시장상황을 볼 때LTV와DTI 규제수준을 완화하는 것은 힘들지 않겠느냐""며 ""시장에 메시지를 주기 위해서도 강화하는 쪽으로 가지 않겠느냐""고 말했습니다. 김동연 경제부총리 내정자도 ""내정자 신분으로 말하는 것은 적절하지 않다""면서도 ""부동산 시장의 이상 과열을 면밀히...",
LTV DTI 규제,“LTV-DTI 일률 규제땐 부작용… 과열지역 중심으로”,http://news.donga.com/3/all/20170607/84744510/1,최근 가계부채 증가세가 다시 고개를 들자LTV와DTI 규제강화가 정부가 내놓을 카드로 거론되고 있다. 하지만LTV와DTI를 한꺼번에 조이면 다주택 투자자와 고가 주택 매입자 등의 투자가 위축되고 저소득층의 집 구하기가 어려워질 수 있다는 문제가 있다. 지방 미분양이 악화될 수도 있다. 이 때문에...,
LTV DTI 규제,"“LTV·DTI 규제 조이되, 지역·연령별 차등화해야”",http://www.seoul.co.kr/news/newsView.php?id=20170606017024&wlog_tag3=naver,전문가들은LTV·DTI 규제를 다시 조이고 빚 갚을 능력이 사실상 없는 ‘한계차주’ 대책을 병행해야 한다고 입을 모은다. 주택담보대출이 부실해지면 대출자에게 100% 책임을 물려 집을 빼앗지 말고 은행도 일정 부분 고통을 분담하도록 해야 한다는 주장도 다시 힘을 얻고 있다. 최배근 건국대 경제학과...,
LTV DTI 규제,문재인 정부 가계부채 첫 시험대…LTV·DTI 규제 조이나,http://www.mediapen.com/news/view/274205,"박근혜 정부는 2014년 8월 부동산 경기 활성화를 위해LTV·DTI 규제를 완화했다. LTV는 50∼60%에서 70%로, DTI는 50%에서 60%로 각각 상향 조정했다. 정부는 유효기간이 1년인 행정지도 형태로 시행한LTV·DTI 규제완화를 2차례 연장했다. 하지만 다음 달 유예기간이 완료되면서 이달 안으로 LTV·DTI 조정 여부가...",
LTV DTI 규제,“DTI·LTV 원샷 규제보다 지역·계층별 맞춤 해법을”,http://news.kmib.co.kr/article/view.asp?arcid=0923760291&code=11151100&cp=nv,2014년 당시 최경환 경제부총리는LTV·DTI 규제를 두고 ‘한겨울에 여름옷을 입고 있는 것’이라며 완화 조치를 단행했다. 이후 일몰 시점마다 두 차례 연장됐고 오는 7월 다시 연장 여부를 결정해야 한다. 일단 완화됐던 LTV·DTI는 종전대로 돌아갈 것으로 보인다. 평소 부동산 규제를 외치던 더불어민주당...,
LTV DTI 규제,"靑 ""LTV, DTI 규제 검토 단계 아니다...풍선효과 감안해 판단할 것""",http://www.sedaily.com/NewsView/1OH2Z0DWH0,그는 이어 “LTV·DTI 규제강화 때 서민과 저신용자들이 우선적으로 신용경색의 피해를 입을 수 있다는 우려를 잘 알고 있다”며 “특히 풍선효과 우려가 있다. 이런 문제들도 감안해 종합적으로 들여다보겠다”고 덧붙였다. LTV·DTI 카드 사용에 대해 신중 모드로 돌아선 것으로 분석된다. 만약 해당 조치가...,
LTV DTI 규제,금감원장 “LTVㆍDTI 방향 빨리 정해야”… 규제 강화에 힘 실리나,http://www.hankookilbo.com/v/696f7bdb0cb84464b594a2215da62cb4,"예전 수준으로 강화할지 아니면 현재 수준을 유지할지 시장에 신호를 줘야 한다는 것인데, 사실상LTVㆍDTI 규제강화의 운을 뗀 것 아니냔 해석도 나온다. 그러나LTVㆍDTI 규제를 담당하는 금융위원회는 아직 결정된 것이 없다는 입장이다. 진 원장은 5일 서울 여의도 본원에서 열린 간부회의에서 ""5월...",
LTV DTI 규제,"<월요기획> LTVㆍDTIㆍDSR 규제 수위, 향후 부동산 경기 최대 변수",http://www.cnews.co.kr/uhtml/read.jsp?idxno=201706020846455740271,문재인 대통령은 당선 이전부터 “주택시장 안정화를 부동산 정책의 초점으로 삼고 있다”며LTV와DTI 규제강화를 시사했다. 이런 기조는 김현미 국토교통부 장관 후보자도 분명히 했다. 김현미 후보자는 장관으로 지명된 직후 가진 기자간담회에서 “LTV와DTI를 푼 것이 가계부채 문제를 낳는 요인의...,
LTV DTI 규제,부동산 이상 '과열'…'LTV·DTI 규제' 다시 조이나,https://cnbc.sbs.co.kr/article_hub/10000861467?division=NAVER,"LTV·DTI 규제강도 전망은? Q. 文 정부, 강력한 규제책 내놓을까? Q. LTV와 DTI 규제, 가계부채의 근본적 처방 아니다? Q. 정부 정책과 따로 노는 집값…文 정부는? Q. 부동산 규제 강화 가능성, '우리'의 대비는? (자세한 내용은 동영상을 시청하시기 바랍니다. ) ☞ 의견 있는 경제채널 SBSCNBC [홈페이지]...",
