keyword,title,link,summary,date
부동산 정책,"오세훈 ""부동산 정책, 거시경제 분석해 좀 더 정교하게""",https://www.newsis.com/view/NISX20250327_0003116022,"오세훈 서울시장이 토지거래허가구역 논란과 관련해 더 정교한부동산 정책을 펴겠다고 27일 밝혔다. 서울시에 따르면 오 시장은 이날 ""앞으로 토지거래허가구역을 포함한 주요부동산 정책추진 시 주택 시장과 거시 경제 동향을 체계적으로 분석해 정확한 판단과 예측으로 시민 경제와 일상을 좀 더 정교하게...",
부동산 정책,"우리금융 ""부동산 PF 시장 안정화 대응 방안 적극 추진""",https://www.yna.co.kr/view/AKR20250328127300002?input=1195m,"우리금융은 특히 저축은행 PF 대출 정리와 재구조화를 위해 추진하는 '저축은행업권 공동펀드' 참여를 검토하고 있다고 전했다. 우리금융은 ""향후부동산PF정책에 발맞춰 민간 자율사업 재구조화 등부동산시장 안정화에 적극적으로 참여할 예정""이라고 강조했다.",
부동산 정책,“부동산으로 흘러간 대출 ‘2682조원’”… 절반은 가계대출,http://www.segye.com/newsView/20250327513865?OutUrl=naver,특히 가계부동산대출 중정책금융이 차지하는 비중은 지난 2020년 말 17.0%에서 지난해 말 23.7%까지 꾸준히 상승했다. 일반기업부동산담보대출 잔액은 지난해 말 기준 694조2000억원으로 집계됐다. 비주담대를 중심으로 큰 폭으로 늘면서 1년 전보다 11.3% 증가했다.부동산·건설업종 기업 대출은 1.8...,
부동산 정책,"“원리금 갚다 허리 휘겠네”…부동산 대출 ‘2682조원’, 절반이 가계대출",https://www.mk.co.kr/article/11277237,가계부동산대출 중정책금융이 차지하는 비율은 2020년 말 17.0%에서 작년 말 23.7%까지 상승했다. 일반기업부동산담보대출 잔액은 지난해 말 기준 694조2000억원으로 집계됐다. 비주담대를 중심으로 큰 폭으로 늘면서 1년 전보다 11.3% 증가했다.부동산·건설업종 기업 대출은 1.8% 늘어난 623조3000억원으로...,
부동산 정책,"토허제 실책 수습 나선 서울시, 부동산 정책 조직 개편한다",http://www.edaily.co.kr/news/newspath.asp?newsid=04004886642107584,"(사진=서울시) 신선종 서울시 대변인은 이날 오후 공식 입장을 통해 “서울시는 토허구역 지정·해제와 같이 서울시민의 삶과 경제에 상당한 영향을 미칠 수 있는부동산 정책추진 시 사전 검증체계를 강화하고, 관련 조직의 전문성 보강을 주요 내용으로 하는 개선대책을 수립 중에 있다”고 했다. 세부...",
부동산 정책,"우리금융, 부동산PF 시장 안정화 지원…총 4개 펀드 2000억 출자",https://www.news1.kr/finance/general-finance/5735244,"우리금융 관계자는 ""부동산시장의 조속한 안정을 위한 지원정책을 계속 모색하는 중이다""며 ""향후부동산PF정책에 발맞춰 민간자율사업 재구조화 등부동산시장 안정화에 적극적으로 참여할 예정이다""고 밝혔다. 이밖에도 우리금융은 한국자산관리공사가 지난해 조성한 PF 부실 우려 사업장 재구조화...",
부동산 정책,"누구는 자가로, 누구는 월세로…사회 초년생 부동산도 양극화?",https://www.hankyung.com/article/2025032716497,"경제적 여력이 있는 청년들은 전세에서 자가로, 그렇지 못한 청년들은 전세에서 월세로 이동하며 양극화가 심해졌다는 의미다. 보고서는 다만 ""자가 소유 비율은 역대부동산 정책변화와 경제 상황이 복합적으로 작용한 결과""라며 ""해석에 주의할 필요가 있다""고 덧붙였다.",
부동산 정책,"오세훈, 정책 실책 만회 나서… 시장 분석 전담 조직 설치",https://www.moneys.co.kr/article/2025032809063671159,"토지거래허가구역 확대 재지정 여파로 뭇매를 맞은 서울시가부동산 정책과 시장 동향을 분석하는 전담 조직을 신설한다. 서울시는 27일 공식 입장을 통해 ""토지거래허가구역 지정·해제와 같이 시민의 삶과 경제에 상당한 영향을 미칠 수 있는부동산 정책추진 시 사전 검증 체계를 강화한다""며 ""관련 조직의...",
부동산 정책,서울은 누르고 지방은 띄우고…혼돈의 부동산 시장[부릿지],http://news.mt.co.kr/mtview.php?no=2025032716355378557,"들썩이는 서울부동산시장과 침체된 지방부동산경기,정책들이 어떻게 영향을 미칠지 알아보겠습니다. 토허제 재지정 먼저 토허제 재지정입니다. 서울시가 지난달 풀었던 토허제를 약 35일만에 다시 지정하면서 지정범위를 넓혔습니다. 강남, 서초, 송파 즉 강남3구에다가 용산구까지 4개 구의 모든 아파트가...",
부동산 정책,"100억 한 채는 괜찮고...""너무 억울하다"" 40년간 변하지 않은 이것 [부동산 아토즈]",http://www.fnnews.com/news/202503281432139879,"부동산가격 상승 주범이자 '죄인'으로 분류되기도 한다. 취득세·종부세는 물론 양도세가 중과세 되는 것이 대표적인 예이다. 2주택 이상을 다주택자로... 이의 일환으로 국토연구원은 ‘다주택자 규제정책의 전환 필요성과 과제' 보고서를 발간 한 바 있다. 골자는 인구 및 자가 점유율, 지역 쇠퇴 상황을...",
부동산 정책,"“이제 떨어진다던 집값, 이게 무슨 일”...더 강하게 돌아온 부동산 규제, 효과는 글쎄 [부동산 이기자]",https://www.mk.co.kr/article/11271595,3.19부동산대책 쉽게보기 더 강하게 돌아온 ‘토허제’ 불붙던 거래는 줄겠지만 전셋값 상승·풍선효과 우려 그래도 집값 계속 오르면 조정대상... 이은형 대한건설정책연구원 연구위원 역시 비슷한 입장입니다. 이 연구위원은 “오는 9월까지 6개월 동안 토허구역을 지정하더라도 근본적인 문제가 남는다”며...,
부동산 정책,[단독] 부동산 직거래 줄었지만 허위매물은 2년새 43% 급증,https://www.munhwa.com/news/view.html?no=2025032801070105238001,"28일 한국인터넷자율정책기구가 운영하는부동산매물 클린관리센터 통계를 살펴본 결과, 온라인에 올라온 허위매물은 지난해 2만1553건으로 2년 전인 2022년(1만5086건) 대비 42.86% 증가한 것으로 나타났다.부동산직거래가 감소세로 돌아섰음에도 사기 위험성은 커진 것이다. 국토교통부에 따르면...",
부동산 정책,"우리금융, 부동산 PF시장 안정화 적극 지원",http://www.whitepaper.co.kr/news/articleView.html?idxno=244747,"참여를 검토하는 등부동산PF시장 안정화를 위한 지원을 지속할 계획이다. 우리금융 관계자는 ""우리금융은부동산시장의 조속한 안정을 위한 지원정책을 계속 모색하는 중""이라며 ""향후부동산PF정책에 발맞춰 민간자율사업 재구조화 등부동산시장 안정화에 적극적으로 참여할 예정""이라고 밝혔다.",
부동산 정책,"삼성 이재용·SK 곽노정, 시진핑 만났다…中 외국기업 정책 청취",https://biz.heraldcorp.com/article/10452840?ref=naver,"시 주석과 CEO들 간 회동은부동산위기와 투자·소비심리 약화, 외국인 투자 감소 와중에 도널드 트럼프 미국 행정부의 ‘관세 폭탄’에 직면한 중국이... 이어 2년 연속 중국발전포럼을 찾았다. 곽 사장은 작년 포럼에서 왕원타오 중국 상무부장을 만나 중국의 경영 환경 및정책변화 등을 논의한 바 있다.",
부동산 정책,"황건일 금통위원 ""부동산이 통화정책 제약 않아야…정책공조 필요""",http://news.mt.co.kr/mtview.php?no=2025032706585827816,"황건일 한국은행 금융통화위원은 27일 ""부동산시장과 가계부채 상황이 경기 하방압력을 완화하기 위한 통화정책운용을 제약하지 않게 거시건전성 관리를 위한 긴밀한정책공조가 중요하다""고 밝혔다. 황 위원은 이날 한은이 발표한 '금융안정 상황' 보고서 주관위원 메시지에서 ""최근 서울 일부 지역의 빠른...",
부동산 정책,"“억울한 빌라 주인들 구제”…서울시, 신통 현금청산자 140가구 분양권 받게 해줘[부동산360]",https://biz.heraldcorp.com/article/10452787?ref=naver,정비사업정책자문위원회의 열어 권리산정기준일 조정 동작구·중랑구·강북구 빌라 10개동 대상 다른 자치구들도 권리산정일 조정 신청 나설 듯 서울... 28일 서울시와 구청들에 따르면 시는 지난 19일 정비사업정책자문위원회의를 열고 동작구·중랑구·강북구 내에서 신통기획 선정 과정에서 현금청산을...,
부동산 정책,"'토허제 논란' 수습한 서울시, 부동산 조직 확대 개편 추진",https://www.mediapen.com/news/view/1001615,"오세훈 서울시장./사진=서울시 신선종 서울시 대변인은 27일 성명을 내고 ""토지거래허가구역 지정·해제와 같이 시민의 삶과 경제에 상당한 영향을 미칠 수 있는부동산 정책추진 시 사전 검증 체계를 강화한다""며 ""관련 조직의 전문성 보강을 주요 내용으로 하는 개선 대책을 수립 중""이라고 밝혔다. 앞서 오세훈...",
부동산 정책,"[아유경제_부동산] 서울시 ""부동산 정책 조직 개선 착수""",http://www.areyou.co.kr/news/articleView.html?idxno=88295,서울시가 이달 27일 토지거래허가구역 지정 및 해제 이후 전문성 보강을 위해부동산 정책관련 기존 조직을 전담 조직 등으로 확대 개편한다고 밝혔다. 다음은 서울시 성명 전문. 서울시는 토지거래허가구역 지정ㆍ해제와 같이 서울시민의 삶과 경제에 상당한 영향을 미칠 수 있는부동산 정책추진 시 사전...,
부동산 정책,"우리금융, 부동산 PF시장 안정화 힘쓴다···저축은행업권 공동펀드 참여 검토",https://www.thereport.co.kr/news/articleView.html?idxno=61222,"우리금융 관계자는 ""부동산시장의 조속한 안정을 위한 지원정책을 계속 모색하고 있다""며 ""앞으로부동산PF정책에 발맞춰 민간자율사업 재구조화 등부동산시장 안정화에 적극적으로 참여하겠다""고 했다. 한편, 저축은행 PF대출 정리와 재구조화를 위해 추진하는 '저축은행업권 공동 펀드'에...",
부동산 정책,"'오쏘공' 집값대란에 서울시, 부동산정책 조직 손본다 … 전문성·소통↑",https://biz.newdaily.co.kr/site/data/html/2025/03/27/2025032700336.html,"뉴데일리 임정환 기자 = 토지거래허가구역(토허구역) 해제와 확대 재지정 과정에서 정책 판단 미스로 홍역을 치른 서울시가부동산정책조직을 개편한다고 27일 밝혔다. 신선종 시 대변인은 이날 성명서를 내고 ""오세훈 시장이 앞으로 토허구역 등 주요부동산정책추진 시 주택시장과 거시경제 동향을 체계적으로...",
부동산 정책,"수도권, 지방 극과 극 부동산 규제… ‘힐스테이트 두정역’ 수혜 기대",https://biz.heraldcorp.com/article/10452403?ref=naver,"이 같은 상황 속에서 이달 초 입주를 시작한 ‘힐스테이트 두정역’은 지방부동산활성화정책의 직접적인 수혜를 받을 것으로 기대된다. 해당 단지는 총 997세대 규모로, 계약금 5% 정액제 혜택을 제공해 초기 부담을 줄였다. 수도권전철 1호선 두정역을 걸어서 이용할 수 있으며, 희망초, 북일고 등 학군도 잘...",
부동산 정책,미래도시펀드 조성 정책 설명회 개최…총 12조 규모,https://www.etoday.co.kr/news/view/2456309,"이날 서울 콘래드호텔에서 열리는 이번 투자정책설명회는 본격적인 미래도시펀드 투자자 모집에 앞서 노후계획도시정책과 미래도시펀드의 구조·지원내용 등을 설명하고자 마련된 자리다. 이날 HUG와 한국금융투자협회는 미래도시펀드 조성 지원,부동산금융산업 활성화를 위해 업무협약(MOU)도 체결한다....",
부동산 정책,"[올댓차이나] 홍콩 증시, 美 관세정책·이익매물에 반락 마감…H주 0.82%↓",https://www.newsis.com/view/NISX20250328_0003118229,"홍콩 증시는 28일 미국 관세정책에 대한 우려와 이익확정 매물 출회로 3거래일 만에 반락 마감했다. 항셍지수는 이날 전일 대비 152.20 포인트... 18%, 복합기업주 청쿵 허치슨(CK),부동산주 헨더슨랜드 1.10%, 카오룽창 치업 0.94% 내렸다. 반면 실적 호조의 한썬제약은 6.55% 치솟고 의약품주...",
부동산 정책,"부동산경제포럼 ""2025 부동산 정책과 전망"" 오는 4일(금) 개최",https://www.apnews.kr/news/articleView.html?idxno=3032956,"다가오는 2025년 4월 4일(금) 오후 3시, 경상남도 사천시에서 부동산 분야의 주요 이슈와 향후 전망을 다루는 '2025부동산 정책과 전망' 강연회가 개최된다. 이번 강연회는 더갤러리하우스(주),법무법인해송, 동현회계법인, 주연도시미학이 주관하고, 인앤월드(주), (주)로뎀, 민우건축사사무소가 후원사로 참여해...",
부동산 정책,"우리금융그룹, 부동산 PF 시장 안정화 위한 대응방안 추진 선언",https://www.greened.kr/news/articleView.html?idxno=324938,"우리금융그룹 관계자는 ""우리금융은부동산시장의 조속한 안정을 위한 지원정책을 계속 모색하는 중""이라며 ""향후부동산PF정책에 발맞춰 민간자율사업 재구조화 등부동산시장 안정화에 적극적으로 참여할 예정""이라고 밝혔다. 이밖에도 우리금융그룹은 2024년 한국자산관리공사가 조성한 PF 부실...",
부동산 정책,"한동훈, 오세훈 겨냥 ""우왕좌왕 부동산 정책은 국민 불안하게 해""",https://www.newsis.com/view/NISX20250320_0003106203,"스스로 뒤집은 것처럼, 우왕좌왕하는부동산 정책은 국민의 삶을 불안하게 한다""고 적었다. 이어 ""29번의 줄탄핵 못지 않게 국민의 삶에는 문재인 정부 28번의부동산정책이 위협적이었다는 사실을 기억해야 한다""며 ""서울시는 국민들의 고통과 혼란이 더 커지지 않도록 제대로 수습해 주길 바란다""고 했다．",
부동산 정책,[기고] 역사와 경험에 담긴 부동산 정책 성공 비법,https://www.meconomynews.com/news/articleView.html?idxno=110200,"통제와 억압으로는 부동산 문제 해결 어려워 여론 흐름만 따라서는 정치꾼에 불과할 뿐 [시장경제=권혁철 자유시장연구소 소장] 권혁철 자유시장연구소 소장 정부와 서울시의 최근의부동산 정책행보에 관해 논란이 한창이다. 국토교통부와 서울시는 2월 잠실, 삼성, 대치, 청담동 지역의 토지거래허가구역...",
부동산 정책,한투證 “밸류업 정책 추진에 은행채·여전채 발행 수요 둔화 전망”,http://www.edaily.co.kr/news/newspath.asp?newsid=03614566642107912,우선 은행권은 위험가중자산 관리모드와 밸류업정책강화로 인해 은행채 발행 수요가 적을 것으로 내다봤다. 김 연구위원은 “4대 은행지주가 밸류업... 그는 “여전사 경영환경 측면에서도 카드사는 연체율이 상승하고 있고 캐피탈사는부동산프로젝트파이낸싱(PF) 정리작업이 아직 진행 중인 점도 여전업계...,
부동산 정책,부동산 대출 작년 2681조… 가계 비중이 절반,https://www.donga.com/news/Economy/article/all/20250327/131298341/2,"특히 가계대출에서 서민, 신혼부부 등을 위한 주담대 상품인정책금융 비중이 2020년 말 17.0%에서 지난해 말 23.7%로 급증했다. 한은은 “주담대를 중심으로 가계부동산대출이 꾸준히 증가하는 등 일부 부문에서는 잠재 리스크 누적이 여전히 진행되고 있다”며 “부동산금융이 과도하게 확대되면...",
부동산 정책,"[전남소식]부동산원, 광주·전남 시장동향 간담회 등",https://www.newsis.com/view/NISX20250326_0003114793,"특히부동산시장에서 가장 공신력 있는 데이터를 제공하는 한국부동산원과 협력해 데이터 기반 시장분석과 정확한 시세 산정을 위한 구체적인 방안을 마련하는데 중점을 뒀다. ◇전남도, 생활공감정책참여단 104명 위촉 전남도가 26일 국립 목포대 남악캠퍼스에서 제10기 전남도 생활공감정책참여단...",
부동산 정책,부동산 둘러싼 혼란한 청기백기 게임 [기자수첩],https://news.mtn.co.kr/news-detail/2025032715072935780,"그러면서도 토허제 해제 당시에는 가격 급등기가 아니었고, 정상적인 거래를 활성화하고 매수·매도자 간 자유로운 거래를 촉진하기 위한 결정이었다고 말했는데요.정부와 서울시의 오락가락정책에부동산시장도 혼란이 불가피했습니다. 시행일(24일) 전까지 팔기 위해 시세보다 수억을 낮춘 급매물이...",
부동산 정책,지난해 상위 1% ‘부동산 부자’ 기준 30억…5년새 5억 넘게 급등,https://www.donga.com/news/Economy/article/all/20250323/131260094/1,"지난해 상위 1%에 속하는 ‘부동산부자’가 되려면 30억 원 이상을 소유해야 하는 것으로 나타났다. 5년 새 상위 1%의 기준선은 5억 원 넘게... 세전·세후 지니계수 개선율이 높을수록 세금, 연금, 복지 등 소득재분배정책이 소득불평등을 줄이는 역할을 강하게 수행하고 있다는 의미다. 윤석열...",
부동산 정책,온탕 냉탕 부동산 정책… 강남·용산 갭투자 다시 막는다,http://www.segye.com/newsView/20250319507822?OutUrl=naver,그러나 해제 후 한 달여 만에 더 강한 규제를 도입한 것은정책신뢰도를 떨어뜨릴 수 있다는 비판이 나온다. 박상우 국토교통부 장관은 이에 대해... 토지거래허가제는 투기 우려가 있는 지역에서 일정 규모 이상의부동산을 거래할 때 관할 지자체장의 허가를 받도록 하는 제도다. 이번 조치로 인해 해당...,
부동산 정책,잠삼대청 집값 달궜던 '토지거래허가구역'[주간 부동산 키워드],https://www.newsis.com/view/NISX20250321_0003107513,"토허제 해제가 손바닥 뒤집듯 번복되면서 일관성 없는 정책에 시장은 혼란에 휩싸였고, 일선 현장에선 정부의부동산 정책의 신뢰도가 하락하고, 정책의 실효성에 의문을 제기하는 목소리가 커지고 있다. 오세훈 서울시장은 ""강남을 중심으로 부동산 시장의 변동성이 커졌다는 지적을 겸허히 받아들인다""며...",
부동산 정책,'상위 1% 부동산 부자'는 얼마가 있어야 할까?,http://weekly.chosun.com/news/articleView.html?idxno=40615,최근 5년 사이부동산자산 기준 상위 1%에 포함되기 위한 문턱이 5억원 넘게 높아진 것으로 나타났다. 같은 기간 중위 가구의 자산은 불과 2000만원... 지니계수 개선율이란 정부의 세금 및 복지정책이 소득 불평등을 얼마나 완화시키는지를 나타내는 지표로 윤 정부가 재정 건전성을 핵심...,
부동산 정책,[단독] 박현주 “中 AI도시 7개 만들 동안 한국은 부동산에 갇혀”,https://www.mk.co.kr/article/11271411,그는 “중국 정부는 헝다그룹 같은 곳을 부도낼 만큼 강력한부동산통제정책을 썼다”면서 “중국이 10년간부동산을 억제하고 기술굴기하는 동안 한국은정책과 자본 모두부동산담론에 갇혀 있었다”고 한탄했다. 이어 “알파고와 이세돌 9단의 대국 이후로 중국은 모든 기업이 인공지능(AI)에 투자를 늘린...,
부동산 정책,"2%대 정책 대출 있는데 지분형 모기지?…""실효성 낮다""",https://www.news1.kr/realestate/general/5732699,다만 전문가들은 현재 2~3%대 저금리의 다양한정책대출이 있는 데다 금리 인하 추세로 접어들고 있어 실효성이 낮다는 지적을 내놓고 있다. 27일부동산업계에 따르면 금융위원회는 한국은행·한국주택금융공사 등과 지분형 모기지 도입을 위한 논의에 착수했다. 지분형 모기지는 개인과 기관이 주택의 지분을...,
부동산 정책,오락가락 정부 지침에 속타는 은행권[혼돈의 부동산③],https://magazine.hankyung.com/business/article/202503205665b,"이어 “거시 건전성을 따져야 할 대출 규제책이부동산안정화정책으로 쓰이고 있다”며 “‘똘똘한 한 채’를 조정하는정책은 건드리지 않으니 서울로만 수요가 몰린다. 세금을 조정하든가, 타이트하게 DSR을 유지하든가,부동산이 크게 오를 일이 없을 정도의 공급정책이 나올 거라는 확신을 주거나...",
부동산 정책,부동산 시장의 새로운 기회를 발견하다...’2025 부동산 정책과 전망’ 강연회 내달 4일 개최,https://www.etoday.co.kr/news/view/2456945,"이투데이=이령 기자 | 내달 4일 오후 3시, 경상남도 사천시에서 부동산 분야의 주요 이슈와 전망을 다루는 '2025부동산 정책과 전망' 강연회가 개최된다. 이번 강연회는 더갤러리하우스, 법무법인해송, 동현회계법인, 주연도시미학이 주관하고, 인앤월드, 로뎀, 민우건축사사무소가 후원사로 참여한다. 강연회는...",
부동산 정책,"부동산원, 에티오피아에 부동산 가격공시제도·시스템 전수",https://www.yna.co.kr/view/AKR20250321070300003?input=1195m,"손태락 부동산원 원장은 ""한국의 선진화된부동산 정책과 제도의 우수성을 인정받아 아시아뿐만 아니라 아프리카 주요국에도 전파하게 됐다""며 ""더 다양한 지역과 국가를 대상으로 부동산 행정 인프라의 해외시장 진출을 지속적으로 확대해 나가겠다""고 밝혔다.",
부동산 정책,상업시설·오피스텔 '휘청'… 부동산 불황 속 서울 아파트 웃었다,https://www.moneys.co.kr/article/2025032009034855681,"정수민 부동산플래닛 대표는 ""서울 아파트 시장에서 거래량과 거래금액이 모두 증가하는 흐름이 나타났다""며 ""정부의부동산 정책변화, 설 연휴와 탄핵 정국으로 정치 불확실성이 수요를 위축시킨 가운데 서울 아파트는 지역 간 유형 간 양극화가 심화 중""이라고 분석했다.",
부동산 정책,"최상목 ""편법증여 등 부동산 탈세 엄정 대응"" 지시",http://www.wowtv.co.kr/NewsCenter/News/Read?articleId=A202503260532&t=NN,"최상목 경제부총리 겸 기획재정부 장관이 ""과열 지역을 중심으로 편법 증여, 가장매매, 다운계약 등부동산관련 탈세에 엄정히 대응하라""고 국세청장에게... 최 부총리는 ""미국 신정부의 관세정책영향이 현실화하는 등 통상환경 불확실성이 가중되는 상황으로 수출기업에 대한 관세청의 지원 노력이 중요하다...",
부동산 정책,“토허제 다시 묶인대” 급매 쏟아지자 서울 아파트 상승폭 내렸다[부동산360],https://biz.heraldcorp.com/article/10451733?ref=naver,강남3구와 용산구의 2200개 단지에 토지거래허가제(토허제)가 재개되는 등 주택정책혼선으로 급매 매물이 잇따라 계약된 데 따른 것으로 풀이된다. 27일 한국부동산원이 발표한 ‘2025년 3월 넷째 주 주간 아파트가격 동향’에 따르면 서울 주간 아파트 매매가격은 0.11% 상승했다. 이는 전주(0.25%)보다...,
부동산 정책,‘똘똘한 한 채’ 끝? 다주택자 중과세 폐지… 지방 부동산 들썩이나,http://www.segye.com/newsView/20250318507621?OutUrl=naver,"더불어 현재 헌법재판소의 윤석열 대통령 탄핵 심판이 진행 중으로, 정치적 불확실성이 정책 추진에 변수로 작용할 가능성이 크다. 탄핵 선고 결과에 따라 정권 운영이 흔들릴 경우,부동산 정책의 방향성이 변할 수 있으며, 당정 간 협의 과정 또한 지연될 우려가 있다.",
부동산 정책,"""토허제 해제 여파 예측 오판…정책 실패로 혼란 가중""[토허제 확대 지정]➁",https://www.newsis.com/view/NISX20250321_0003108578,서울시가 잠·삼·대·청(잠실·삼성·대치·청담) 토지거래허가구역을 해제한 지 한 달여 만에 번복하고 강남3구와 용산구까지 규제를 확대 적용하는 '오락가락' 행보를 보이자부동산시장정책신뢰도가 바닥까지 추락했다는 비판이 줄을 잇고 있다. 23일 한부동산관련 인터넷 커뮤니티에는 서울시의...,
부동산 정책,“수도권 묶고 지방 풀지만”…부동산 시장 여전히 ‘불안’,https://www.dailian.co.kr/news/view/1476423/?sc=Naver,정부가부동산 정책을 놓고 수도권은 규제로 묶어 과열을 억제하고 지방은 미분양 해소를 위한 지원책 마련에 골몰하는 등 투트랙 전략을 추진 중이다. 집값이 양극화에 맞춤형으로 대응하고 있는 것인데 고조될 대로 고조된 시장의 불안감이 수그러들지는 미지수다. 25일 관련업계에 따르면 전국 부동산...,
부동산 정책,"지방은 풀고 수도권은 누른다…극과 극 부동산 정책, 시너지 내나",https://www.news1.kr/realestate/general/5727220,"전문가들은 이 같은부동산 정책이 시너지 효과를 내려면 전반적인 시장의 활성화가 중요하다고 말한다. 송승현 도시와경제 대표는 ""당장 수도권을 옥죈다고 지방의 수요가 폭발적으로 늘어난다고 보긴 어렵다""며 ""지방에서 수요를 흡수하려면 우선은 시장의 회복이 필요한 상황""이라고 말했다. 반대로 규제가...",
부동산 정책,"""위헌적 행정조치"" ""부동산 폭등 원인 제공""…오세훈 때리기 나선 與잠룡들",https://www.sisajournal.com/news/articleView.html?idxno=327630,"한동훈 ""이재명 '주택임대차 10년 보장' 번복과 같아"" 홍준표 ""헌법상 자유민주적 경제 질서에 반해"" 유승민 ""文정권 바보 같은부동산정책되풀이 안돼"" 안철수 ""서울 부동산 가격 폭등 원인 제공"" 오세훈 서울시장이 토지거래허가제를 해제했다가 35일 만에 부활하는 결정을 한 것을 두고 여권 잠룡들이 일제히...",
부동산 정책,돌아온 토허제에 문의 '뚝'...정책 혼선 여파 계속,https://www.ytn.co.kr/_ln/0102_202503250528217446,서울시의정책혼선에 따른 파장은 당분간 계속될 전망입니다. 박기완 기자가 현장에 다녀왔습니다. [기자] 이른바 '엘리트'로 불리는 잠실 아파트 3 대장... '갭투자' 막차에 타려는 사람들로 쉴 틈 없었던부동산전화 벨소리도 끊겼습니다. [서울 잠실동 공인중개사 : 올라가지도 않고 내려가지도 않고 일단...,
부동산 정책,"부동산도 자영업자도 '양극화'…한은 ""취약부문 빚 갚을 여력 떨어진다"" 경고(종합)",https://view.asiae.co.kr/article/2025032710250505979,"한국은행이 더딘 경제 성장 여건에서 국내외 불확실성이 커지고 있어부동산시장 상황을 중심으로 한 부실에 대비해야 한다고 경고했다. 특히 지방... 이 부총재보는 ""자영업자에 대한 지원정책은 개별 자영업자의 상환능력과 의지에 따라 금융지원, 채무조정, 재기 지원 등의 방안을 차별적으로...",
임대차법,"""부작용에 시장 혼선""…임대차 2법 손질 나선 정부[주간 부동산 키워드]",https://www.newsis.com/view/NISX20250328_0003116963,"그러나법시행 이후 매물 감소와 전셋값 상승, 이중 가격 등의 문제가 불거졌다. 보고서에 따르면 서울 아파트 전셋값은임대차2법 도입 전에는 1년간 3.86% 올랐지만, 도입 후에는 1년 6개월간 8.13% 상승한 것으로 나타났다. 특히 신규 계약 시 4년치(2+2년) 임대료 인상분을 한꺼번에 받으려는 집주인들이...",
임대차법,"'2+2년' 대신 '2+1+1년'?…정부, 임대차2법 개편 논의 본격화",https://www.yna.co.kr/view/AKR20250326138000003?input=1195m,"임대차제도 개편 첫 토론회 열려…전문가 ""계약갱신권, 세입자에 오히려 불리"" 전문가 ""임대료 상승률 높아질수록 갱신권 사용 비율 하락"" 정부가임대차2법(계약갱신청구권·전월세상한제) 개편을 위한 공론화에 나선 가운데 국책 연구기관 연구자들이 계약갱신청구권이 도입 취지와 달리 세입자에게 오히려...",
임대차법,전세 10년 보장하자는 野…임대차2법 개편 '안갯속',https://www.wowtv.co.kr/NewsCenter/News/Read?articleId=A202503260284&t=NNv,"<앵커> 정부의 제도 개선 취지는 알겠는데,임대차제도는 이미 정치권의 뜨거운 이슈입니다.법개정이 필요한 사항인데, 당장 국회 다수당인 민주당이 동의하겠습니까? <기자> 더불어민주당은 정부의임대차2법 개정 움직임에 반발하고 있습니다. 진성준 민주당 정책위의장은 ""안착 단계에 들어간임대차...",
임대차법,전세시장 또 흔드나…국토부 ‘임대차 2법’ 공론화 논란,https://www.hani.co.kr/arti/economy/property/1188674.html,"정부가 현행임대차2법(계약갱신청구권·전·월세 상한제) 제도 개편을 위한 공론화에 나섰다. 시행착오를 거쳐 제도가 안착하는 가운데, 다시 제도 개편 시도에 나서는 셈이라 논란이 예상된다. 국토교통부는 오는 26일 세종 국토연구원에서 ‘임대차제도개선 토론회’가 열린다고 24일 밝혔다. 국토부가...",
임대차법,“전셋값 또 오를까 불안해요”…임대차 2법 개선 추진에 세입자들 ‘한숨’,https://www.mk.co.kr/article/11274861,임대차2법(계약갱신청구권·전월세상한제) 시행 5년을 맞아 정부가 제도 개편을 위한 움직임에 나섰다. 시장의 눈길이 쏠리는 가운데 임차인들 사이에서 전셋값 폭등이 재현될 수 있다는 우려가 커지고 있다. 27일 아파트·주택 업계에 따르면 지난 26일 오후 세종 국토연구원 강당에서는 국토교통부가임대차...,
임대차법,"“전·월세 상한선 상향, 임대차 2법 보완 필요”",https://www.kmib.co.kr/article/view.asp?arcid=1742978476&code=11151500&cp=nv,다만법개정에 대한 신중론도 제기됐다. 토론회 패널로 나선 문윤상 한국개발연구원(KDI) 연구위원은 “임대차보호법은 초기 시장에 혼란을 줬지만 지난해 시장이 안정세를 보인 만큼 장기적 효과도 살펴야 한다”고 말했다. 이날 토론회는 도입 5년을 맞은임대차2법의 공과를 점검하고 제도 개선 방향을...,
임대차법,"임대차 2법, 시행 5년 만에 수술대 오르나",https://biz.sbs.co.kr/article_hub/20000224589?division=NAVER,임대차2법(계약갱신청구권·전월세상한제) 시행 5년이 다가오는 가운데 정부가 제도 개편을 위한 공론화 작업을 시작합니다. 국토교통부는 26일 세종시 국토연구원에서 '임대차제도개선 토론회'를 개최한다고 25일 밝혔습니다. 국토부가 후원하고 국토연이 주최하는 토론회로 정부가임대차2법 개편 논의를...,
임대차법,"'임대차2법' 폐지보단 유지…전문가 ""제도 유연성"" 한목소리",http://news.bizwatch.co.kr/article/real_estate/2025/03/27/0007,"2020년 7월 도입 후 5년차를 맞은 '임대차2법(계약갱신청구권 및 전월세 상한제)'에 대한 개선 움직임이 본격화했다. 전문가들은 당초 윤석열 대통령 대선... 통해 최대한 많은 의견을 청취하는 한편법개정이 필요한 만큼 정책방향 결정에서부터 입법 가능성을 염두에 두고 국회와 소통할 것""이라고 덧붙였다.",
임대차법,"임대차2법 개편 논의…""5% 상한율 조정 등 유연성 강화해야""",http://www.yonhapnewstv.co.kr/MYH20250328060859762,"세입자 보호를 내세웠던임대차2법, 시행 5년차를 맞으며 개편 논의가 본격화되고 있습니다. 정부가 주최한 첫 토론회에서는 5% 상한율 조정 등 유연성 강화를 중심으로 개선 방향이 제시됐습니다. 김수강 기자입니다. [기자] 세입자의 주거 안정을 위해 도입된임대차2법. 2년 계약 후 한 차례 연장으로 최대...",
임대차법,"서천호, 수산업법 일부개정안 대표발의",https://www.gnnews.co.kr/news/articleView.html?idxno=607291,국민의힘 서천호(사천·남해·하동) 의원은 26일 업종별 수산업협동조합(이하 '업종별수협')이 소유하고 있는 어업권을 해당 조합원에게 행사하더라도임대차로 보지 않도록 예외를 인정하는 '수산업법' 일부개정안을 대표발의 했다고 밝혔다. 현행법은 어업권에 대해임대차의 목적으로 할 수 없도록 규정하고...,
임대차법,"4·2 담양군수 재선거, 재산축소·농지법 위반 놓고 '공방'",https://www.pressian.com/pages/articles/2025032917194119372?utm_source=naver&utm_medium=search,"그러면서 ""수년간 경작 증빙이나 직불금 수령 여부,임대차관계가 확인되지 않는다면 불법 농지 취득에 해당할 수 있다""고 덧붙였다. 이어 ""재산신고 사항이 허위로 밝혀진다면 민주당 후보자 검증과정 부실과 후보자의 도덕적 불감증을 탓하지 않을 수 없다""며 ""축소 신고 의혹이 사실일 경우 이 후보는...",
임대차법,[단독]서민 위한다던 임대차법… 시행뒤 가격변동성 3배↑,https://www.munhwa.com/news/view.html?no=2025032701071905238001,제정된 ‘임대차2법(계약갱신청구권·전월세상한제)’이 당초 의도와 달리 가격 변동성을 3배 키우는 부작용을 낳았다는 연구결과가 나왔다. 변동성... 27일 한국조세재정연구원이 발표한 ‘주택임대차보호법 개정이 주택시장에 미친 영향’에 따르면임대차2법에 따른 전월세 가격 변동성을 산출한 결과 약...,
임대차법,임대차법 5년… “인상률 상한 손질 필요”,https://www.donga.com/news/Economy/article/all/20250327/131291610/2,"정부는 공론화 이후 정부안을 내놓을 방침인데,법개정이 필요해 정치 상황이 변수가 될 것으로 전망된다. 국토교통부는 26일 세종 국토연구원 사옥에서 ‘임대차제도 개선을 위한 전문가 토론회’를 열었다.임대차2법 제도 개선에 나선 건 제도 도입 후 전세 매물이 줄고 갱신 계약과 신규 계약 간 이중...",
임대차법,"이재명 ""'전세 10년' 임대차법 바람직하지 않아…당 입장도 아냐""",https://www.newsis.com/view/NISX20250317_0003101200,"이재명 더불어민주당 대표는 17일 임차인 거주기간을 최장 10년 보장하는 주택임대차보호법 개정안과 관련해 ""개인적으로 바람직하지 않다는 의견을 갖고 있다""고 말했다. 이 대표는 이날 오전 페이스북을 통해 ""전세 계약을 10년 보장하는임대차법개정의 경우 논의를 거친 당 공식 입장이 아니다""라고 말했다....",
임대차법,"임대차2법 개편 논의, 임대료 상한 10% 확대 방안 제시",https://www.jemin.com/news/articleView.html?idxno=792617,"사진출처: 연합뉴스 정부가임대차2법 개편을 위한 공론화 작업에 들어갔다. 5년 차 도입된 제도 폐지 시 예상되는 시장 혼란을 고려해 기존 제도의 '손질'에 방점을 두고 있다. 국토교통부는 26일 세종시에서 '임대차제도개선 토론회'를 주관하며, 국책 연구기관인...",
임대차법,'꼼수 임대차'로 아이파크몰 부당지원한 HDC…공정위 제재 절차 착수,https://www.hankyung.com/article/202503269213i,공정거래위원회가 ‘허위임대차’ 계약으로 부동산 계열사를 부당지원한 HDC그룹에 대해 제재 절차에 착수했다. 25일 관련업계에 따르면 공정위는 HDC가 부동산 개발 계열사 HDC아이파크몰을 부당 지원했다고 보고 최근 두 회사에 제재 의견을 담은 심사보고서를 발송했다. 심사보고서는법위반 사실이...,
임대차법,버린 파지 맞춰보니…‘이중·삼중분양’에 ‘임대차 사기’까지? [취재후/빌라왕]②,https://news.kbs.co.kr/news/pc/view/view.do?ncd=8209896&ref=A,"■ 다 지은 건물에서도 '임대차사기'...보증금 못 받고 발만 동동 이중 분양과 분양사기는 모두 '선분양', 즉 건물을 짓기 전 분양 계약서를 쓴 후 공사를... B 씨/'임대차사기' 피해자 : ""빌라 입주자들이 거의 20~30대니까 부동산 계약을 잘 모르는 분들이 많고 또 대응하려면 다 돈인 거예요. 돈을 날려서 돈을...",
임대차법,"이재명 “전세 10년 보장 임대차법, 黨 공식입장 아니다”",https://www.donga.com/news/Politics/article/all/20250318/131226211/2,더불어민주당 이재명 대표가 17일 전세 계약을 10년 보장하는 내용의 주택임대차보호법(임대차법) 개정을 추진하려는 당내 움직임에 대해 “개인적으로 바람직하지 않다는 의견”이라고 선을 그었다. 이 대표가 의장을 맡은 민주당 민생연석회의는 최근 20대 정책 의제를 발표하면서 임차인의 전세 계약을 최대...,
임대차법,"“전세인상률 상한제 유연 적용을”…정부, 임대차 2법 손질 나서나",https://www.donga.com/news/Economy/article/all/20250326/131288698/1,"정부는 공론화 이후 정부안을 내놓을 방침인데,법개정이 필요해 정치 상황이 변수가 될 것으로 전망된다. 국토교통부는 26일 세종 국토연구원 사옥에서 ‘임대차제도개선을 위한 전문가 토론회’를 열었다.임대차2법 제도 개선에 나선 건 제도 도입 후 전세 매물이 줄고 갱신 계약과 신규 계약 간 이중...",
임대차법,[굿모닝경제] 임대차 2+1+1로? / 1월 출생아증가율 최고 / 산불성금 160억,http://www.mbn.co.kr/pages/news/newsView.php?news_seq_no=5102873,"정부가임대차2법 개편 논의를 위한 첫 토론회를 열었습니다. 국책 연구기관 연구자들은 계약갱신청구권이 도입 취지와 달리 세입자에게 오히려 불리하게 작용하는 측면이 있다고 지적했습니다. 이에 따라 계약 기간을 '2+1+1년'으로 쪼개고, 임대료 인상 상한을 5%에서 10%로 올리는 방안 등이...",
임대차법,"정철원 전남 담양군수 후보, 이재종 '농지법 위반' 의혹 제기",https://www.polinews.co.kr/news/articleView.html?idxno=687308,"정 후보는 ""만약 이 후보가 실경작을 하지 않았다면 농지은행에 위탁하거나 농지은행을 통해임대차를 해야 한다""며 ""이에 대한 증빙도 함께 제출할 필요가 있다. 이러한 과정을 거치지 않았다면 농지법 위반에 해당된다""고 주장했다. 끝으로 ""공직후보는 누구보다도 높은 도덕적 기준을 요구받고 있다""며...",
임대차법,“업종별수협 소유 어업권 임대차 예외 추진”,http://www.knnews.co.kr/news/articleView.php?idxno=1456662,업종별 수산업협동조합(이하 ‘업종별수협’)이 소유하고 있는 어업권을 해당 조합원에게 행사하더라도임대차로 보지 않도록 예외를 인정하는 법안이 추진된다. 국민의힘 서천호(사천·남해·하동·사진) 의원은 25일 이같은 내용의 ‘수산업법’ 일부개정안을 대표발의했다. 현행법은 어업권에 대해임대차를 할...,
임대차법,"서천호 국회의원, ‘수산업법’ 일부개정안 대표 발의",https://www.viva100.com/article/20250325501614,"서천호(국민의힘, 사천·남해·하동) 국회의원이 업종별 수산업협동조합(이하 ‘업종별수협’)이 소유하고 있는 어업권을 해당 조합원에게 행사하더라도임대차로 보지 않도록 예외를 인정하는 ‘수산업법’ 일부개정안을 대표 발의했다. 현행법은 어업권에 대해임대차의 목적으로 할 수 없도록 규정하고...",
임대차법,"""임대차계약 정산주기도 2배""…홈플러스, 미정산 리스크 키웠다",https://www.news1.kr/industry/distribution/5726272,"공정거래위원회는 홈플러스발 사태로 지적된 정산주기, 입점업체 계약 관련 불공정 거래 등을 들여다본다는 입장으로,임대차거래 정산주기도 검토 대상에 오를 전망이다. 23일 업계에 따르면 홈플러스의 경우임대차거래 정산일은 익월말로, 당월 판매 대금을 다음 달 말 정산하는 시스템이다. 미정산 시 두...",
임대차법,"""이재명, 여론 나빠지니 발 빼""…與, '전세 10년 보장법' 맹폭",https://www.hankyung.com/article/2025031807867,"윤 원장은 ""5년 전 민주당의임대차법은 계약 기간을 2년에서 4년으로 늘리는 것이었다. 시장 평균이 3년이었으니 사실상 겨우 1년 늘리는 것이었는데도... 민생을 위한 논의 주제일 뿐, 추진하기로 한 과제가 아니라는 점을 분명히 밝힌다""며 ""특히 전세 계약을 10년 보장하는임대차법개정의 경우 논의를 거친...",
임대차법,"[기고] 임대차 2법, 완전 페지가 답이다",https://www.meconomynews.com/news/articleView.html?idxno=110015,"이에 정부는 오는 26일 세종 국토연구원에서 '임대차제도 개선 토론회'를 개최하고법개편을 위한 공론화 작업을 본격적으로 시작한다. 토론회에서는 ▲임대료 인상 상한을 5%에서 10%로 조정하는 방안, ▲저가 주택에만법적용을 제한하는 방안, ▲계약갱신청구권과 임대료 상한제 적용 여부를 계약 당사자가...",
임대차법,세상에 없는 국가와 임대차 계약을…볼리비아 원주민 '당혹',https://www.hankyung.com/article/2025032429497,남미 볼리비아에서 원주민 부족들이 존재하지 않는 국가와 토지임대차계약을 체결하는 사건이 발생했다. 23일(현지시간) 볼리비아원주민연합(CIDOB)... 5배에 이르는 3900㎢ 규모 토지를 1000년간 사용할 수 있는 내용의임대차계약을 체결했다. 지상·지하에서 접근 가능한 자원에 대한 모든 권리를 넘기고...,
임대차법,'전세 10년' 보장한다고?…전셋값 또 치솟을라 '불안' [이슈+],https://www.hankyung.com/article/2025031452606,"'임대차2법'(계약갱신청구권, 전·월세상한제)이 부동산임대차시장에 재차 파문을 일으키고 있다. 정부가 주택임대차보호법 완화를 추진하는 반면... 한 업계 관계자는 ""다수당인 더불어민주당과 정부가 대립을 거듭하면서 시장 불안만 키우고 있다""며 ""4년 동안 시장에 안착한 제도를법개정 가능성도 낮은...",
임대차법,"""임대차 2법 완화하자""는 정부…민주당은 ""전세 10년 보장""",http://news.mt.co.kr/mtview.php?no=2025031710520646358,"'임대차2법(계약갱신청구권, 전·월세상한제)'이 부동산 전세 시장의 뜨거운 감자다. 정부는 전세 재계약시 인상률 상한선을 기존 5%에서 10%로 올리는... 국토교통부는 최근 국토연구원의 '주택임대차제도개선 방안 연구' 최종 보고서를 공개했다. '2+2년' 계약 갱신 보장과 5%의 전월세 상한 요율을 10%로...",
임대차법,"[서미숙의 집수다] 임대차 2법, 시행 5년 만에 수술대 오르나…폐지보단 손질?",https://www.yna.co.kr/view/AKR20250313152000003?input=1195m,"다만 정부가 첫 단추를 끼우더라도 앞으로 개선안의 방향과법개정 전망은 불투명하다.임대차2법을 만든 더불어민주당이 다수당이고, 현재 민주당 일부 의원들은 전세 기간과 갱신권 사용 기간을 '3+3년' 또는 '2+2+2년'으로 강화하는 법안 발의를 검토 중이다. 탄핵 정국에 따른 조기 대선 여부는 향후 개정안의...",
임대차법,임대차 계약 걱정된다면?...마포구 안심 임대차 종합상담센터 '인기',https://view.asiae.co.kr/article/2025031906493823174,마포구(구청장 박강수)가 운영 중인 ‘안심임대차종합상담센터’가 주민들로부터 큰 호응을 얻고 있다. 최근 부동산 계약 경험이 부족한 청년층 등을 중심으로 급증하는 전세 사기와 임대료 상승에 따른 분쟁이 사회적 문제로 대두되고 있다. 이에 마포구는 구민의 재산권을 보호하고임대차분쟁을...,
임대차법,[경영지원단 상담사례] 이럴 땐 임대차 계약 '묵시적 갱신' 인정,http://www.kbiznews.co.kr/news/articleView.html?idxno=108488,"Q : 저(임차인)는 2014년 12월 19일에 상가에 대해 전 소유자와임대차계약을 처음으로 체결했고, 2022년 9월 현 소유자(임대인)에게 상가가 매도되기 전까지 특별한 문제 없이 사용해 왔습니다.임대차계약 만료일은 2022년 12월 18일이었고, 묵시적 갱신이 당연히 이뤄질 것으로 예상해 계약갱신을 요구한다는...",
임대차법,"'임대차법 설명 의무' 법안 두고 중개업계 볼멘 목소리 …""의무만 커져""",http://www.shinailbo.co.kr/news/articleView.html?idxno=2025226,개업 공인중개사가 임대차 계약 시 임차인에게 개정 계약갱신청구권제와 전월세 상한제 등 개정임대차법에 관해 설명하는 것을 의무화하는 법안이 국회에 계류 중이다. 전세사기 여파가 여전한 가운데 임차인 보호를 강화하자는 취지다. 이를 두고 공인중개사업계에선 이미 개정임대차법이 많은 국민에게...,
임대차법,"오세희 의원, 유통 대기업 대금지급 기한 단축법 발의",https://news.mtn.co.kr/news-detail/2025032613500036546,"이에 오 의원은 특약 매입거래 ˑ 매장임대차ˑ 위수탁 매입거래 시 판매 대금 지급 기한을 월 판매 마감일로부터 20 일 이내로 , 직매입 거래의 상품 대금 지급 기한을 해당 상품수령일로부터 40 일 이내로 단축하는 한편 , 자산 총액 또는 매출액 규모를 기준으로 영세한 납품업자 등에게는 15일 이내로 대금을...",
임대차법,임대차 2법 後 : 전월세 비중 뒤집혔다? 통계의 왜곡 [분석+],https://www.thescoop.co.kr/news/articleView.html?idxno=305261,# 2020년 7월 주택임대차보호법 일부가 개정되면서 임차인에겐 계약갱신권과 계약 갱신시 임대료를 기존의 5%까지만 올릴 수 있는 보호망이 생겼다. 이 두 보호망을임대차2법이라 부른다. 태생적으로 임차인을 보호하는 법이란 점에서 두 보호망은 부동산 업자와 집주인으로부터 수많은 비판을 받았다....,
임대차법,"진성준 ""'전세 10년 보장법' 신중 검토…연금 개혁, 20일 처리 어려워""",https://www.news1.kr/politics/assembly/5722654,"진성준 더불어민주당 정책위의장은 전세 계약을 10년 보장하는 내용의임대차법개정에 대해 ""주택 임대 시장에 미칠 파장을 깊이 고민하지 않을 수 없다""며 신중론을 제기했다. 진 정책위의장은 18일 오전 국회에서 기자간담회를 열고 ""전세 세입자 권익 보호와 강화라는 취지는 이해한다""면서도 이같이 밝혔다....",
임대차법,‘전세 10년 보장법’ 논란 커지자… 이재명 “당 공식 입장 아니다” 진화,https://www.seoul.co.kr/news/politics/2025/03/18/20250318008003?wlog_tag3=naver,이 대표는 17일 페이스북에 “전세 계약을 10년 보장하는임대차법개정의 경우 논의를 거친 당 공식입장이 아닐뿐더러 개인적으로도 바람직하지 않다는 의견을 갖고 있다”며 “국민의 주거권 보장은 국가의 중요한 책무이지만 어떤 정책이든 시장원리를 거스른 채 정책 효과를 달성하긴 어렵다”고 했다....,
임대차법,'농지 임대차 계약 전 직불금 수령 가능한지 확인하세요',https://www.joongdo.co.kr/web/view.php?key=20250324010007248,"계약으로임대차가 이루어지고 있는 실정이다. 충남농관원은 임차농업인의 피해 예방과 국가의 기반시설인 농지에 대해 한국농어촌공사와 체계적인... 또법개정 건의로 직불금 지급 제한 농지라도 한국농어촌공사에 위탁한 농지는 예외로 하여 임차농업인의 권익보호와, 임대인의 안정적 임대를...",
임대차법,“전세 더 줄어든다”…임대차 2법 혼란에 시장 ‘불안’,https://www.kgnews.co.kr/news/article.html?no=835614,"정부•야당,임대차2법 완화 ‘충돌’ ‘매물 감소•가격 급등’ 우려 확산 전문가 “정치로 시장 왜곡 안돼 정부가임대차2법(계약갱신청구권·전·월세상한제) 완화에 착수하자, 야당은 오히려 제도 강화를 주장하며 부동산 시장에 불확실성이 커지고 있다. 전세 매물이 줄어들고 가격이 급등할 것이라는...",
임대차법,[생활 속 임대차 분쟁 솔루션](22)정당한 사유없이 신규임차인과 임대차계약 거절 못해,https://www.kwnews.co.kr/page/view/2025032410142342920,"구 상가임대차법의 개정으로 권리금 관련 조항들이 신설되었는데, 덕분에 임차인은 스스로 형성한 영업이익 등을 자신이 주선한 신규임차인으로부터... 이에 상가임대차보호법 제10조의4 제1항은 정당한 사유가 있는 경우에는 임대인이 임차인의 권리금회수를 거절할 수 있도록 하여 임차인의 경제적 이익...",
임대차법,요동치는 부동산 시장… 매매 임대차 등 분쟁 증가 움직임,http://www.thepowernews.co.kr/news/articleView.html?idxno=152796,"한편, 강남 지역의 아파트값이 최근 수억 원이 오르내리고, 전셋값 역시 영향을 받으면서임대차분쟁 역시 늘어났다. 특히 주택임차인의 계약갱신 요구 관련 분쟁이 많은데, 주택임대차보호법에 따르면, 임대인은 임차인이 계약갱신을 요구할 경우 정당한 사유 없이 거절하지 못한다. 다만, 임대인은...",
임대차법,"더본코리아, 농지법 위반의혹에 공식사과…""생산방식 전환중""",https://www.yna.co.kr/view/AKR20250311149700030?input=1195m,"백석공장이 예덕학원 소유 농지를 무단으로 사용했다는 논란에는 ""임대차계약을 체결해 임차료를 지급했다""고 설명했다. 더본코리아는 앞서 자사 제품인 빽햄의 돼지고기 함량이나 감귤맥주의 감귤 함량이 적다는 지적에는 ""소비자의 기대에 더 부합하는 제품을 선보이겠다""고 밝혔다. 더본코리아는 또...",
임대차법,"마포구, ""안심 임대차 종합상담센터"" 운영",https://www.geconomy.co.kr/news/article.html?no=295999,- “임대차계약 걱정된다면?” 마포구 안심임대차종합상담센터로 오세요 - 상근 공인중개사가 직접 주택과 상가임대차상담 진행 -임대차관련법안내와 집보기 동행 서비스 시행 지이코노미 최영규 기자 |마포구(구청장 박강수)가 운영 중인 ‘안심임대차종합상담센터’가 주민들로부터 큰 호응을 얻고...,
임대차법,‘최장 10년’ 임대차보호법 내세운 이재명… 與는 대학생·다자녀 지원 강화 예고,https://www.seoul.co.kr/news/politics/2025/03/13/20250313008004?wlog_tag3=naver,"주택임대차보호법 개정, 주 4일제 도입 등을 포함한 주요 정책 과제를 발표했다. 사실상 조기 대선을 염두에 둔 공약이라는 평가가 나온다. 이 대표는... 주택 임차인이 2년마다 갱신 계약 후 최장 10년까지 점유할 수 있도록 하는 주택임대차보호법 개정안, 가산금리 인하 등 의제도 포함됐는데 실제 추진...",
임대차법,"농관원 충남지원, '농지 임대차 계약 전 직불금 수령이 가능한지 확인하세요'",http://www.aflnews.co.kr/news/articleView.html?idxno=292109,계약으로임대차가 이뤄지고 있는 실정이다. 이에 충남농관원은 임차 농업인의 피해 예방과 국가 기반 시설인 농지에 대하여 한국농어촌공사와... 또법개정 건의로 직불금 지급 제한 농지라도 한국농어촌공사에 위탁한 농지는 예외로 임차 농업인의 권익 보호와 임대인의 안정적 임대를 보장하는 한편...,
임대차법,"백종원의 더본코리아, '농지법 위반' 논란에 공식사과 ""생산방식 전환 중""",https://www.newsis.com/view/NISX20250312_0003095691,"또 백석공장이 무단으로 예덕학원 소유 농지를 사용했다는 의혹에 대해 더본코리아는 ""적법하게 예덕학원과임대차계약을 체결해 임차료를 지급했다""고 말했다. 마지막으로 더본코리아는 ""현재 행정적으로 처리되거나 법적으로 문제되는 부분에 대해서는 사실관계를 조속히 확인하고 신속하게 시정조치를 취할...",
임대차법,"월세 연체, 임대차 계약 종료의 원인 될 수 있다",https://www.hellot.net/news/article.html?no=99322,"주택임대차계약에서 임대인은 임차인이 2기의 차임액을 연체한 경우 계약을 해지할 수 있으며, 상가임대차계약에서는 임차인이 3기의 차임액을 연체한 경우 계약 해지가 가능하다. 이러한 규정은임대차계약의 안정성을 보장하기 위한 법적 근거가 된다.임대차계약을 해지하기 위해서는 ‘각 기수에...",
임대차법,특별법 5월 만료… 전세 보증금 사고·사기 어떡하나,http://www.ujeil.com/news/articleView.html?idxno=364350,"25일 한국부동산원임대차사이렌 보증사고현황에 따르면 올 1~2월 기준 울산 지역에서 2개월간 발생한 전세 보증 사고 피해 금액은 83억300만원으로 집계됐다. 지난해 같은기간(220억3천만원)보단 62% 낮아졌지만, 전세 보증금 사고가 속출하기 시작했던 2023년(29억6천만원)과 비교하면 약 3배 높은 상태다. 전세...",
임대차법,"이재명 ""10년 임대차 보장법, 바람직하지 않아..."" 민생의제 논란에 선 그어",https://www.kmaeil.com/news/articleView.html?idxno=496941,"/뉴스핌 이재명 더불어민주당 대표가 임차인 거주기간을 최장 10년 보장하는 주택임대차보호법 개정안에 대해 분명한 반대 입장을 표명했다. 이 대표는 17일 오전 페이스북을 통해 ""전세 계약을 10년 보장하는임대차법개정은 논의를 거친 당 공식 입장이 아니다""라며 ""개인적으로도 바람직하지 않다는 의견을...",
임대차법,임대차2법 後 : 집주인이 예상했던 불안은 없었다 [분석+],https://www.thescoop.co.kr/news/articleView.html?idxno=305210,"이 상상은 2020년 7월 주택임대차보호법이 일부 개정되면서 현실이 됐다. 다름 아닌 '임대차2법'이었다. # 부동산 시장과 집주인들은 이구동성으로 불만을 털어놨다. 매물이 줄고 전월세 가격은 상승하는 역효과가 발생할 것이라고 아우성을 쳤다. 그로부터 5년이 흐른 2025년 2월, 국토부가임대차2법의...",
전월세 상한제,전월세 상한율 ‘5%’ 상향될까…임대차2법 개편 공론화 착수,https://biz.heraldcorp.com/article/10450942?ref=naver,"그는 “전월세상한제를 보다 유연하게 적용해야 한다”며 “시장임대료가 50% 상승한 경우 상한을 25%를 두고 30% 상승한 경우 15% 오르는 식으로 시장상황을 반영할 수 있도록 하는게 어떻겠느냐”고 제시했다. [연합] 2020년 임대차2법 도입 당시, 모든 민간 주택 계약에 법을 ‘소급적용’ 시킨 정책결정이 혼란을...",
전월세 상한제,계약갱신·전월세상한제 존폐 기로...임대차2법. 제도개선 본격화,https://www.newspim.com/news/view/20250326000931,"임차인 보호·임대료 상승 억제의 두 마리 토끼를 모두 놓쳤다는 비판을 받아온 임대차 2법(계약갱신청구권·전월세상한제)이 존폐 기로에 섰다. 정부가 강력한 개선 의지를 보이는 가운데, 제도를 유지한다면 계약갱신청구권 활용 여부를 선택하거나 전월세 상한선을 유연하게 조정할 수 있도록 해야 한다는...",
전월세 상한제,"정부, 전월세 인상률 ‘5→10%로’ 손질 시동",https://www.sedaily.com/NewsView/2GQDD2L567,임대차 2법은 전월세 계약을 ‘2+2년’으로 연장하는 ‘계약갱신청구권’과 임대료 상승률을 5% 이내로 제한하는 ‘전월세상한제’를 통칭한다. 지난 2020년 당시 여당인 더불어민주당 주도로 개정돼 시행 5년째를 맞았다. 하지만 전월세 매물 잠김 현상과 가격 왜곡 문제점 등이 발생해 개선 필요성이 제기된 바...,
전월세 상한제,"정부, 전월세 인상률 10%로 손질하나",https://www.sedaily.com/NewsView/2GQDRWLCJS,임대차 2법은 전월세 계약을 ‘2+2년’으로 연장하는 ‘계약갱신청구권’과 임대료 상승률을 5% 이내로 제한하는 ‘전월세상한제’를 통칭한다. 지난 2020년 당시 여당인 더불어민주당 주도로 개정돼 시행 5년째를 맞았다. 하지만 전월세 매물 잠김 현상과 가격 왜곡 문제점 등이 발생해 개선 필요성이 제기된 바...,
전월세 상한제,[단독]서민 위한다던 임대차법… 시행뒤 가격변동성 3배↑,https://www.munhwa.com/news/view.html?no=2025032701071905238001,■ 조세재정연구원 연구 결과 계약갱신청구권·전월세상한제文정부 시행뒤 가격 들쭉날쭉 행운·불운 세입자로 극명 갈려 시장 예측 정확도도 떨어뜨려 문재인 정부에서 서민 주거안정을 위해 제정된 ‘임대차 2법(계약갱신청구권·전월세상한제)’이 당초 의도와 달리 가격 변동성을 3배 키우는 부작용을...,
전월세 상한제,"“전세인상률 상한제 유연 적용을”…정부, 임대차 2법 손질 나서나",https://www.donga.com/news/Economy/article/all/20250326/131288698/1,정부에서 과감한 결단을 내려 바꿔야 한다.”(송경호 한국조세재정연구원 정부투자분석센터장) 정부가 2020년 도입 이후 5년이 지난 임대차 2법(계약갱신청구권·전월세상한제)을 시장 상황에 맞게 바꾸기 위한 공론화 작업에 나섰다. 시장 혼란을 줄이기 위해 폐지보다는 ‘손질’에 방점이 찍혔다. 정부는...,
전월세 상한제,"'임대차법 설명 의무' 법안 두고 중개업계 볼멘 목소리 …""의무만 커져""",http://www.shinailbo.co.kr/news/articleView.html?idxno=2025226,개업 공인중개사가 임대차 계약 시 임차인에게 개정 계약갱신청구권제와전월세 상한제등 개정 임대차법에 관해 설명하는 것을 의무화하는 법안이 국회에 계류 중이다. 전세사기 여파가 여전한 가운데 임차인 보호를 강화하자는 취지다. 이를 두고 공인중개사업계에선 이미 개정 임대차법이 많은 국민에게...,
전월세 상한제,"원하는 건 '전세', 현실은 '월세'… 이유가 뭘까",https://www.sisaweek.com/news/articleView.html?idxno=223102,"'임대차 2법'은 크게 계약갱신청구권제와전월세상한제로 구성되며, 세입자가 원하면 기존 2년 전세계약에 2년을 더 계약을 연장할 수 있다. 또한, 계약 갱신 시 임대료 인상을 5% 이내로 제한한다. 고하희 부연구위원은 ""임대인들 입장에선 4년 동안 묶여 있던 전세가가 이제야 풀린 것이고, 한 번 계약하면...",
전월세 상한제,"'임대차2법' 폐지보단 유지…전문가 ""제도 유연성"" 한목소리",http://news.bizwatch.co.kr/article/real_estate/2025/03/27/0007,"2020년 7월 도입 후 5년차를 맞은 '임대차 2법(계약갱신청구권 및전월세 상한제)'에 대한 개선 움직임이 본격화했다. 전문가들은 당초 윤석열 대통령 대선 공약이었던 법안 폐지보다는 임대료 인상률 상한 개선 등 '제도의 유연화'가 필요하다는데 의견을 모았다. 제도가 어느 정도 안착했고, 장기적인 영향분석도...",
전월세 상한제,"임대차2법 개편 논의…""5% 상한율 조정 등 유연성 강화해야""",http://www.yonhapnewstv.co.kr/MYH20250328060859762,"<송경호 / 한국조세재정연구원 연구위원> ""시장 상황에 맞춰서 (전월세상한제를) 좀 유연하게 변동할 수 있도록 제도를 개선하는 것이 어떨까 생각합니다. 예를 들어서 시장 임대료가 50% 상승한 경우엔 전월세 상한 25%…"" 패널들도 제도의 전면적인 폐지보다는 현실에 맞는 조정이 필요하다고 입을 모았습니다....",
전월세 상한제,"[부동산 인사이트]“폐지냐, 개편이냐”… 기로에 선 ‘임대차 2법’",https://www.asiatoday.co.kr/view.php?key=20250305010001491,"국토연구원, 제도 폐지 등 4개 대안 제시 정부, 계약갱신청구권·전월세상한제개편 착수 임대인 “시장 정상화” vs 임차인 “주거 불안 야기” 야당 반대 등 개편 때까지 난항 예상 ""폐지냐, 수정·보완이냐"". 올해로 시행 5년차를 맞은 주택 임대차 2법(계약갱신청구권·전월세상한제)이 존폐 기로에 섰다. 제도의...",
전월세 상한제,"""주거·교육·연구 환경 개선""...소확행 3법 발의",https://www.pinpointnews.co.kr/news/articleView.html?idxno=327828,국회 교육위원회 정을호 의원(더불어민주당) 은 13일 국회 대학생 입법추진단이 제안한 법안을 보완해 ▲기숙사비 분할 납부를 명시하는 '고등교육법 일부개정법률안' ▲공인중개사가 계약갱신청구권과전월세 상한제를 의무적으로 설명하도록 하는 '공인중개사법 일부개정법률안' ▲우수 연구자 유출을...,
전월세 상한제,"""부작용에 시장 혼선""…임대차 2법 손질 나선 정부[주간 부동산 키워드]",https://www.newsis.com/view/NISX20250328_0003116963,"정부가 2020년 7월 도입된 '임대차 2법(계약갱신청구권·전월세상한제)' 개편을 위한 공론화 작업에 나섰다. 세입자를 보호하겠다는 입법 취지와는 달리 매물 감소와 전셋값 상승, 이중 가격 형성 등 부작용이 나타났기 때문이다. 29일 국토교통부가 공개한 '주택임대차 제도개선 방안 연구' 보고서에 따르면...",
전월세 상한제,"[서미숙의 집수다] 임대차 2법, 시행 5년 만에 수술대 오르나…폐지보단 손질?",https://www.yna.co.kr/view/AKR20250313152000003?input=1195m,"수요 많은 곳에 '선별 적용', 상한요율 10%로 인상 거론…정부, 조만간 공론화 폐기보다는 개선에 무게 두지만…조기 대선 등 변수 많아 향배 미지수 계약갱신요구권,전월세 상한제등 '임대차 2법' 시행이 올해로 5년 차를 맞은 가운데 제도 개선 논의가 급물살을 탈 전망이다. 2022년 5월 윤석열 정부 출범 이후...",
전월세 상한제,“전셋값 또 오를까 불안해요”…임대차 2법 개선 추진에 세입자들 ‘한숨’,https://www.mk.co.kr/article/11274861,임대차 2법(계약갱신청구권·전월세상한제) 시행 5년을 맞아 정부가 제도 개편을 위한 움직임에 나섰다. 시장의 눈길이 쏠리는 가운데 임차인들 사이에서 전셋값 폭등이 재현될 수 있다는 우려가 커지고 있다. 27일 아파트·주택 업계에 따르면 지난 26일 오후 세종 국토연구원 강당에서는 국토교통부가 임대차...,
전월세 상한제,"임대차 2법 개선안, 전월세 시장 '대대적 변화' 예고...전월세 상한선 10% 상향 유력",https://www.greened.kr/news/articleView.html?idxno=323154,정부가 2020년 도입된 임대차 2법(계약갱신청구권제·전월세상한제)의 문제점을 해소하기 위해 제도 개선을 검토하고 있다. 이에 따라 전월세 시장에 상당한 변동이 예상된다. 폐지·자율 운영·상한 조정 등 4가지 방안이 검토 중인 가운데 전문가들은 '전월세 상한선 10% 상향 조정'을 유력하게 보고 있다. 임대차...,
전월세 상한제,[집잇슈]임대차2법 손본다는데…전월세신고제는?,http://news.bizwatch.co.kr/article/real_estate/2025/02/13/0039,2020년 7월 도입한 계약갱신청구권과전월세상한제를 폐지 또는 개선하는 내용이다. 그런데 이들 법안과 함께 '임대차 3법'으로 묶이는 전월세신고제는 이번 논의에서 빠졌다. 전월세신고제로 불리는 '주택 임대차 계약 신고제'는 2020년 8월 도입돼 2021년 6월부터 시행된 제도다. 정부는 올해 5월까지 과태료를...,
전월세 상한제,"“전·월세 상한선 상향, 임대차 2법 보완 필요”",https://www.kmib.co.kr/article/view.asp?arcid=1742978476&code=11151500&cp=nv,정부가 임대차 2법(계약갱신청구권·전월세상한제) 개편을 모색하는 가운데 국책연구기관인 국토연구원이 현재 5%인 전·월세 상한선을 물가·시장 상황을 반영해 유연하게 적용하자고 제안했다. 국토연구원은 ‘임대차 특별지역’을 지정해 지방자치단체별 자율 적용으로 바꾸는 안도 제시했다. 박진백...,
전월세 상한제,2년 넘게 뭉개도 과태료 30만원?…‘전월세신고제’ 무력화되나,https://www.khan.co.kr/article/202502120600015,"문재인 정부 때 도입한 임대차 3법(전월세신고제·전월세상한제·계약갱신청구권제) 중 하나인 임대차거래 신고제도(전월세신고제)는 임대차 시장의 투명성을 높이고, 정보 비대칭을 극복해 임차인의 권리를 보호하려는 취지로 만들어졌다. 이에 따라 계약 당사자(임대인·임차인)는 계약 체결일로부터 30일...",
전월세 상한제,‘전월세 계약 미신고’ 과태료 깎아준다는 정부···‘임대차3법’ 무력화?,https://www.khan.co.kr/article/202502111100001,"문재인 정부 때 도입한 ‘임대차 3법(전월세신고제·전월세상한제·계약갱신청구권제)’ 중 하나인 임대차거래 신고제도(전월세신고제)는 임대차 시장의 투명성을 높이고, 임대인과 임차인 간의 정보 비대칭을 극복해 임차인의 권리를 보호하려는 취지로 만들어진 제도다. 이에 따라 계약 당사자(임대인...",
전월세 상한제,"""임차인 보호 명분 '전월세 상한제', 되레 임차인 내몰았다""",http://www.edaily.co.kr/news/newspath.asp?newsid=01662966639018152,"“임대차 3법 중 가장 큰 문제는전월세 상한제다. 인상률을 연 5%로 제한하니 임대인은 애초에 보증금을 높게 책정할 수밖에 없다. 이는 전세가 상승으로 이어지고, 결국 ‘전세대란’을 초래했다. 법이 오히려 임차인을 더 어려운 상황으로 몰아넣은 셈이다.” 이윤우 청백 공동법률사무소 변호사가 이데일리와...",
전월세 상한제,"[브릿지 칼럼] 전월세 상한제, 단계적 폐지 방안 마련해야",https://www.viva100.com/main/view.php?key=20240904010001157,"전월세 상한제, 단계적 폐지 방안 마련해야전월세 상한제가 도입된 지 4년이 지났다. 2020년 7월부터 시행된전월세 상한제는 임차인이 전월세 계약 갱신을 요구할 경우 전월세 가격 인상률을 5% 이내로 제한하는 제도다. 전월세 가격의 과도한 상승을 억제함으로써 임차인의 주거 안정을 도모하는데 그...",
전월세 상한제,“서울 전월세 가파르게 오를 것”...전문가 10명 중 9명이 입모았다는데,https://www.mk.co.kr/article/11196103,또 내년 주택 공급 부족과 함께 2020년에 도입된 계약갱신청구권과전월세상한제등 임대차 2법이 시행 후 4년이 초과했다는 점도 영향을 미칠 것으로 보인다. 2년 임차 계약 후 5% 상한의 임대료 인상률을 적용받은 임차인들의 추가 2년 거주가 끝나는 상황에서 임대인이 과거에 인상하지 못한 가격 상승분을...,
전월세 상한제,"""서울 전월세 가파르게 오를것"" 92%",https://www.mk.co.kr/article/11196044,또 내년 주택 공급 부족과 함께 2020년에 도입된 계약갱신청구권과전월세상한제등 임대차 2법이 시행된 지 4년을 초과했다는 점도 영향을 미칠 것으로 보인다. 2년 임차 계약 후 5% 상한의 임대료 인상률을 적용받은 임차인들의 추가 2년 거주가 끝나는 상황에서 임대인이 과거에 인상하지 못한 가격 상승분을...,
전월세 상한제,[시시비비]'2+2년' 주택 계약갱신청구권은 올바른 정책,https://view.asiae.co.kr/article/2024071516543977887,"2020년 7월 31일 도입된 계약갱신청구권과전월세상한제등 임대차2법이 이달 말이면 시행 4년을 맞는다. 계약갱신청구권(이하 갱신권)은 최초 2년 계약에서 1회에 한해 2년 재계약을 요구할 수 있는 임차인의 권리로, 계약갱신시 임대료 증액상한은 5%로 제한된다. 18대 국회 때인 2011년부터 국회에서...",
전월세 상한제,"“전월세상한제·계약갱신청구권, 전셋값 끌어올렸다”",https://www.mk.co.kr/article/11053372,계약갱신청구권과전월세상한제를 골자로 한 주택임대차보호법이 새로 계약하는 전세 가격을 10% 안팎으로 상승시켰다는 분석이 나왔다. 지난 27일 발간된 ‘재정포럼 6월호’에서 송경호 한국조세재정연구원 부연구위원은 모형을 바탕으로 임대차보호법 개정이 전세 가격에 미친 영향을 실증 분석한 결과...,
전월세 상한제,"""전월세상한제·계약갱신청구권, 전셋값 상승시켰다""",https://biz.sbs.co.kr/article_hub/20000178557?division=NAVER,계약갱신청구권과전월세상한제를 골자로 한 주택임대차보호법의 시행이 새롭게 계약하는 전세 가격을 10% 내외 상승시켰다는 분석이 제기됐습니다. 한국조세재정연구원 송경호 부연구위원은 오늘(27일) 발간한 '재정포럼 6월호'에서 이런 내용의 '주택임대차보호법 개정이 주택시장에 미친 영향'을...,
전월세 상한제,"심상찮은 전월세 시장, 탄핵 정국에 부동산 정책은 '시계제로'",http://theviewers.co.kr/View.aspx?No=3481962,정부는 당초 임대차 2법(계약갱신청구권·전월세 상한제)이 전월세 시장의 혼란을 불렀다며 폐지를 추진했다. 그러나 윤석열 대통령이 국회의 탄핵으로 직무 정지된 만큼 무산 가능성이 제기된다. 이와 더불어 공급 확대 기반을 마련하겠다며 밀었던 재건축초과이익환수제 폐지도 어려울 전망이다. 이은형...,
전월세 상한제,대출 규제에 탄핵 변수 덮친 부동산… 2025년 전월세 시장 비상,http://www.segye.com/newsView/20241215507995?OutUrl=naver,"윤 대통령 탄핵소추안 국회 통과로 임대차 2법(계약갱신청구권,전월세 상한제) 전면 재검토나 재건축 초과이익 환수제 폐지 등과 같은 윤석열정부 주요 부동산 정책이 동력을 잃고, 시장이 짙은 안갯속으로 빠져들면서 상황을 관망하는 이들이 증가할 수밖에 없기 때문이다. 이로 인해 매수 대신 일단...",
전월세 상한제,"집값 약세, 전월세 강세? 건설·부동산 '탄핵 후폭풍' 4대 관전 포인트",https://ilyo.co.kr/?ac=article_view&entry_id=484223,이에 더해 윤석열 정부가 추진해 온 ‘임대차 2법(계약갱신청구권?전월세 상한제) 폐지’ 계획이 대통령 탄핵 확정으로 무산될 경우 1년 반 넘게 상승해 온 수도권 전셋값을 그대로 떠받치는 환경을 제공할 수 있다. 주택 개발?분양업계에서는 수도권 외곽과 지방에서 이어져 온 ‘분양 찬바람’이 탄핵 정국에...,
전월세 상한제,"정부 '임대차2법 개선안'에 전문가들 ""사실상 폐기 수순... 오히려 보완·강화해야""",https://vop.co.kr/A00001667936.html,"뒤늦게 공개된 주택임대차 제도개선 방안 연구용역 결과를 두고 임대차2법(계약갱신청구권,전월세상한제)을 있으나 마나 한 식물법으로 전락시키려는 의도가 다분하다는 비판이 나왔다. 연구용역 결과가 임대차2법을 폐지하거나 그에 상응하는 수준이어서 현행보다 후퇴한 개선안이 나올 가능성이 높다는...",
전월세 상한제,[연합뉴스 이 시각 헤드라인] - 07:30,https://www.yna.co.kr/view/AKR20250324007600011?input=1195m,전문보기: https://www.yna.co.kr/view/AKR20250323036600002 ■ '전세 10년 보장' 논란속 임대차2법 개편 논의…'손질'에 무게 임대차 2법(계약갱신청구권·전월세상한제) 시행 5년이 다가오는 가운데 정부가 제도 개편을 위한 공론화 작업을 시작한다. 5년 가까이 시행 중인 제도를 폐지하면 시장 혼란이...,
전월세 상한제,[서미숙의 집수다] 이달 말 임대차2법 시행 4년…전셋값 더 오른다고?,https://www.yna.co.kr/view/AKR20240711154300003?input=1195m,"'2+2년' 계약갱신청구권 소진 물량 시장 나와 전셋값 급등 가능성 올해 4분기부터 갱신권 소진 물량은 감소…""갱신권보다 수요가 더 문제"" 전셋값 급등락시 변동성 키울 요소…""합리적 제도 개선 필요"" (서울=연합뉴스) 서미숙 기자 = 지난 2020년 7월 31일 도입된 계약갱신청구권과전월세상한제등...",
전월세 상한제,[기획] 개편 혹은 폐지…주택임대차 2법 존폐 찬반 갈려,http://www.m-i.kr/news/articleView.html?idxno=1217406,사진=연합뉴스 제공 매일일보 = 김승현 기자 | 오는 7월이면 시행 5년 차를 맞게 된 주택임대차 2법(계약갱신청구권·전월세상한제) 존폐를 두고 의견이 엇갈리고 있다. 임차인 주거안정을 위해 유지해야 한다는 의견과 임대료 급등 및 매물 감소 문제를 해결하고자 폐지해야 한다는 목소리가 맞붙은 것이다....,
전월세 상한제,임대차법 5년… “인상률 상한 손질 필요”,https://www.donga.com/news/Economy/article/all/20250327/131291610/2,정부에서 과감한 결단을 내려 바꿔야 한다.”(송경호 한국조세재정연구원 정부투자분석센터장) 정부가 2020년 도입 이후 5년이 지난 임대차 2법(계약갱신요구권·전월세상한제)을 시장 상황에 맞게 바꾸기 위한 공론화 작업에 나섰다. 시장 혼란을 줄이기 위해 폐지보다는 ‘손질’에 방점이 찍혔다. 정부는...,
전월세 상한제,"""임대차2법 개악 말라"" …녹색당 ""국토부의 임대차법 무력화 시도 규탄""",https://www.eroun.net/news/articleView.html?idxno=53172,"그러나 이는 새로운 세입자들에게도전월세 상한제를 확대 적용할 문제이지, 기존 세입자의 계속거주권을 제한할 이유가 될 수 없다. 또한 계약갱신 관련 분쟁의 주요 원인은 '실거주 사유의 갱신거절' 조항으로, 임대인의 갱신거절권을 제한하는 방향으로 개정해야 한다는 것이 녹색당의 입장이다. 녹색당은...",
전월세 상한제,"""폐지냐 보완이냐""…수술대 오르는 임대차 2법",https://www.asiatime.co.kr/article/20250218500182,"'임대차 2법(전월세상한제, 계약갱신청구권)'이 수술대에 오를 전망이다. 보완, 수정이 필요하다는 국책연구기관의 연구용역 결과가 나오면서 정부는 이를 토대로 법 개정에 나선다는 방침이다. 다만 일각에선 임대차 2법이 이미 4년 넘게 시장에서 시행돼 온 법인 만큼 폐지하거나 수정할 경우 또 다른...",
전월세 상한제,주택임대차 보호법 개정에 대한 정부정책 방향과 과제,http://www.ifs.or.kr/bbs/board.php?bo_table=News&wr_id=54798,"② 임대료 급등 방지 및 주택시장 안정전월세상한제를 통해 계약 갱신 시 임대료 인상률을 5% 이내로 제한함으로써, 단기간 내 과도한 임대료 상승을 방지할 수 있을 것으로 기대되었습니다. 임차인들은 갱신계약 시 급격한 전세금 또는 월세 인상에 대한 걱정을 덜게 되며, 임대차 시장의 변동성도 줄어들...",
전월세 상한제,토허제 재개 첫날 강남·용산 주택 거래 ‘뚝’,http://www.segye.com/newsView/20250324514835?OutUrl=naver,한편 정부는 ‘임대차 2법’(계약갱신청구권·전월세상한제) 제도 개편을 위한 공론화 작업에 돌입했다. 국토교통부에 따르면 26일 세종 국토연구원에서 ‘임대차 제도개선 토론회’가 열린다. 이번 토론회에서 국토연구원은 수정·보완을 통한 임대차 2법 제도 재설계를 제안할 것으로 알려졌다.,
전월세 상한제,임대차법 5년 만에 손보나…전월셋값 상승 부작용 해소 ‘주목’,https://www.dailian.co.kr/news/view/1462004/?sc=Naver,최근 국토교통부가 연구용역 결과 보고서를 공개하면서 임대차 2법 개편이 초읽기에 돌입한 가운데 지난 2020년 7월부터 시행돼 시행 5년차가 된 임대차 2법(계약갱신청구권·전월세상한제)이 갈림길에 섰다는 평가가 나온다. 문재인 정부 당시 임차인 보호를 위해 도입된 계약갱신청구권은 기존 전세 계약...,
전월세 상한제,"[집잇슈]'2+2년, 5% 상한' 임대차2법, 바뀌는 걸까?",http://news.bizwatch.co.kr/article/real_estate/2025/02/11/0002,"앞서 문재인 정부는 2020년 7월 계약갱신청구권·전월세상한제, 2022년 1월 전월세신고제 등 '임대차3법'을 도입했다. 그러나 새 임대차법 적용으로 '2년+2년'(계약갱신청구권), '임대료 인상률 5% 제한(전월세상한제)'이 적용되면서 전셋값 상승, 임대인-임차인 갈등 등의 각종 부작용이 시장에서 지적됐다. 윤석열...",
전월세 상한제,"[N2 뷰] '임대차 2법' 개편 논의 본격화...""폐지"" vs ""개선"" 입장차 극명",https://www.news2day.co.kr/article/20250211500227,"11일 관련업계에 따르면 국토부는 임대차 2법(계약갱신청구권,전월세상한제)에 대한 개편안을 준비 중이다. 국토부는 연구용역 결과를 공개하고 제도 폐지와 자율 적용 등의 결과를 토대로 제도 개선 작업에 착수한다는 계획이다. 국토연구원의 주택임대차 제도개선 방안 연구에 따르면 임대차 2법 도입 후...",
전월세 상한제,코앞 다가온 선거... 계약갱신청구권·전월세상한제 '임대차 2법' 운명은?,http://news.mt.co.kr/mtview.php?no=2024040815305959920,"4·10 총선이 코앞으로 다가온 가운데 선거 결과에 따라 임대차 2법(계약갱신청구권·전월세상한제)의 운명이 관심사다. 양당의 임대차 시장 안정 방안에 대한 입장차가 확연하게 갈려서다. 여당이 이기면 당초 윤석열 대통령 공약대로 임대차 2법 폐지에 힘이 실릴 전망이고, 야당이 승리하면 임대차법을 유지한...",
전월세 상한제,전세 두 바퀴 돈 임대차법···계약갱신청구권·전월세상한제 폐지?,https://www.mk.co.kr/article/10977326,"윤석열정부가 출범 당시 “폐기 수준의 개편이 필요하다”고 공언했던 임대차 2법(계약갱신청구권·전월세상한제)이 오는 8월이면 시행 만 4년을 맞는다. 통상 임대차 계약은 만료되기 최소 2개월 전부터 계약 해지나 임대료 인상 여부 등을 협의하는 만큼 임대인, 임차인 모두 계산이 복잡해지는 시기다....",
전월세 상한제,한산한 가을 이사철…쌓이는 서울 아파트 '전월세 매물',http://www.shinailbo.co.kr/news/articleView.html?idxno=1951833,"서진형 광운대학교 부동산법무학과 교수(한국부동산경영학회장)는 ""가격에 대한 피로감과 전세자금 대출 규제 등으로 거래가 이뤄지고 있지 않다""며 ""여기에 임대인들이전월세상한제에 따라 더 높은 가격에 물건을 내놓고 있는 점도 영향을 미쳤다""고 말했다. 정부의 대출 규제 기조가 지속하는 만큼...",
전월세 상한제,"계약갱신요구권·전월세상한제 합헌…""재산권 침해 없어""(종합)",http://www.newsis.com/view/?id=NISX20240228_0002643031&cID=10201&pID=10200,"헌법재판소가 계약갱신요구권 및 차임증액 제한(전월세상한제) 등이 포함된 주택임대차보호법에 대해 헌법재판관 전원 일치 의견으로 합헌 결정했다. 헌재는 28일 오후 2시부터 진행된 헌법소원 및 위헌심판 청구 판결에서 계약갱신요구권,전월세상한제등의 조항을 포함하는 주택임대차보호법 헌법소원...",
전월세 상한제,"헌재, 임대차 계약갱신청구권·전월세상한제 ‘합헌’ 결정(종합)",https://biz.chosun.com/topics/law_firm/2024/02/28/Q3ZK3QDKDBGDDKF4JF5BGUIMDA/?utm_source=naver&utm_medium=original&utm_campaign=biz,집주인(임대인)이 세입자(임차인)와의 계약을 최소 4년간 정당한 사유없이 거절할 수 없게 한 계약갱신청구권과 전월세 임대료 상승률을 5% 이내로 제한한전월세상한제가 합헌이라는 헌법재판소(헌재) 판단이 나왔다. 28일 오후 2시 헌재는 주택을 소유하고 임대하는 개인·법인이 2020년 10월 낸...,
전월세 상한제,"계약갱신청구권·전월세상한제 '합헌'... 헌재 ""재산권 침해 아냐""",https://www.hankookilbo.com/News/Read/A2024022816040004131?did=NA,"이른바 '임대차 3법'의 핵심인 계약갱신청구권과전월세상한제가 임대인의 재산권을 부당하게 축소하지 않는다는 헌법재판소 결정이 나왔다. 헌재는 28일 주택임대차보호법 6조의3, 7조 2항, 7조의2, 부칙 2조에 대한 위헌 확인 소송에서 재판관 9명 전원일치 의견으로 기각했다. 헌재는 ""임차인의 주거안정을...",
전월세 상한제,계약 갱신 청구권·전월세 상한제 4년째…개편 여부 논란,http://www.yonhapnewstv.co.kr/MYH20240516024000641/?input=1825m,"[기자] 2020년 7월 개정된 주택임대차보호법은 부동산 계약갱신청구권과전월세상한제가 핵심입니다. 세입자들은 계약갱신청구권 제도를 통해 기존 임대차 기간을 2년 더 연장할 수 있었고, 재계약시 임대료 상승 폭을 직전 계약의 5% 이내로 유지할 수 있었습니다. 오는 7월, 법 개정 4년차를 앞두고 만료...",
전월세 상한제,헌재 “임대차 갱신 청구권·전월세 상한제 합헌”,https://www.seoul.co.kr/news/society/law/2024/02/29/20240229010007&wlog_tag3=naver,이른바 ‘임대차 3법’으로 불리는 개정 주택임대차보호법(임대차법)의 ‘계약갱신청구권’과 ‘전월세 상한제’가 헌법에 어긋나지 않는다는 헌법재판소 판단이 나왔다. 임차인(세입자)의 주거 안정 보장이라는 입법 목적과 공익에 비교해 임대인(집주인)의 재산권 침해 정도가 크다고 볼 수 없다는 취지다....,
종부세 개편,"한강벨트의 정치학…'상속세 개편' 치고 나간 이재명, '토허제' 후폭풍 맞은 오세훈 [최병천의 인사이트]",https://www.sisajournal.com/news/articleView.html?idxno=328305,2022년 대선에서종부세는 '한강벨트 초토화세(稅)'이자 동시에 '정권 교체 촉진세'로 작동했다. 상속세개편안은 민주당과 이재명 대표의 '진일보한 정책공학'을 보여준다. 무엇보다 유권자 타기팅이 감탄스럽다. 민주당의 상속세개편안은 면세 대상을 10억원 이하에서 18억원 이하로 바꾸는 것이다....,
종부세 개편,"與, 지방 집에는 다주택 중과 폐지…""양도세·종부세·취득세 모두 적용""",http://news.mt.co.kr/mtview.php?no=2025031811171853244,"권 원내대표는 ""이 같은 세제개편이 수도권 주택 가격 상승을 초래하는 역효과를 미연에 방지하기 위해 두 번째부터 보유하는 주택이 수도권에 위치할... 국민의힘은 해당 세제혜택을 양도소득세와종부세, 취득세 등에 적용할 계획이다. 당초 정부는종부세와 취득세에 대해서 지방 주택 추가 매수시 세제혜택을...",
종부세 개편,"권성동 ""지방에 추가 주택 구입시 다주택자 중과세 폐지 등 세제 개편 논의""",http://www.enewstoday.co.kr/news/articleView.html?idxno=2251095,"권성동 국민의힘 원내대표는 18일 부동산 세제개편과 관련 지방에 추가 주택 구입 시 다주택자 중과세를 폐지하는 등 부동산 시장 정상화를 위한 제도... 권 원내대표는 ""문재인 정부의 기록적인 정책 실패 때문에종부세율 인상, 양도세·취득세 중과, 공시가 인상 등 다주택자에 대한 무차별적 조세폭격은...",
종부세 개편,"[단독] 국민의힘, 종부세 중과 폐지도 추진…정치권 ‘감세 주도권’ 전쟁",https://www.mk.co.kr/article/11260290,안도걸 민주당 의원은 “지금은종부세를 손댈 상황이 아닌 듯하다”며 “종부세규제 완화나 세금 인하가 이미 대폭 이뤄진 상황에서 중과세율 폐지는 부적절하다”고 말했다. 한편 상속세개편과 관련해 여야는 합의가 가능한 부분부터 먼저 처리할 것으로 보인다. 김상훈 국민의힘 정책위의장은 “기재위...,
종부세 개편,홍준표 “종부세 폐지하고 재산세 현실화해야…재건축부담금도 폐지하자”,https://biz.heraldcorp.com/article/10444583?ref=naver,근데 집 한 채 있는데 왜종부세를 내느냐”며 “종합부동산세를 폐지하고 재산세 과표를 현실화해야 한다”고 주장했다. 그러면서 “지금 세금 구조가 잘못됐다”며 “그런 체제를 전부 (개편을) 해가지고 재산세를 올리면 된다”고 했다. 또 “부동산 거래도 좀 활발하게 할 수 있게 양도소득세를 완화하고...,
종부세 개편,상속세 23년 만의 개편 논의… 중산층·기업 만족하는 묘수 찾나[홍희경의 탐구],https://www.seoul.co.kr/news/editOpinion/column/hhk_research/2025/03/06/20250306029001?wlog_tag3=naver,"상속세개편이 단순히 세수의 문제를 넘어 기업 지배구조와 경영 투명성, 나아가 국가 경제 전체에 악영향을 미친다는 우려는 이런 과정을 거쳐 나오게 됐다. #5.종부세표심, 상속세 표심에선 바뀔까 최근 들어 한국의 상속세는 이처럼 두 가지 면에서 한계를 드러냈다. 하나는 중산층의 부동산 상속, 다른...",
종부세 개편,[콕콕 절세전략] 75년 만의 상속세 개편 급물살?,https://biz.sbs.co.kr/article_hub/20000222452?division=NAVER,"상속세개편을 두고 여아가 접점을 찾아가면서 큰 변화가 생기는데요. 어떤 것들이 변하는지 자세하게 알아보겠습니다. 우리은행 WM영업전략부 김혜리... - 부동산 상속 시 취득세·종부세·양도소득세 등 과세 - 상속, 시가표준액 기준 과세…시가보다 약 30%↓ - 취득세율, 상속 주택 3.16%…무주택자는 0.96...",
종부세 개편,"[기고]주택 1채뿐인데, 종부세는 2주택만큼 낸다?",http://news.mt.co.kr/mtview.php?no=2025030409570779009,"[the L]화우 자산관리센터 전문가들이 말해주는 '상속·증여의 기술' 지난해 말 종합부동산세(종부세) 고지서를 받은 60대 박씨,종부세가 생각보다 많이... 국내외 기업의 법인세, 부가가치세 등 각종 조세 사건 이외에도 지주회사 전환, 분할, 사업양도 등 지배구조개편, 가업승계, 자산유동화, 해외투자 등과...",
종부세 개편,"""실거주 1주택 종부세 없애고 상속세 개편 재개해야""",https://www.sedaily.com/NewsView/2GOTS9UX0L,과감하게종부세를 없애야 한다”고 짚었다. 구 회장이 “국민 생활에 영향이 큰 재산세제 혁신이 가장 절실하다”고 강조했다. 그런 맥락에서 “상속·증여세의개편도 시급하다”고 말했다. 구 회장은 “지난해 국회에서 정치 세력 간의 이해가 엇갈려 상증세법은 전혀 손대지 못했다”며 “집 한 채만 있어도...,
종부세 개편,120만명이 내던 주택 종부세 이젠 40만명대…개편 동력 살아날까,http://news.mt.co.kr/mtview.php?no=2024112614280523039,올해 세법개정안을 마련할 때종부세 개편안을 반영할지를 두고 막판까지 조율이 이뤄질 정도였다. 정부는 종부세가 어느 정도 '정상화'됐다고 판단하면서도 개편 여부를 두고 고심 중이다. 2022년 정점 찍고 급감한 종부세 대상자 종부세는 부동산 투기를 막기 위해 2005년 도입된 세금이다. 도입 초기부터...,
종부세 개편,내달 종부세 납부 시작…추가 개편 이뤄질까,http://www.yonhapnewstv.co.kr/MYH20241112020400641/?input=1825m,윤석열 정부는 출범 이후종부세를개편하며 세 부담을 완화해왔는데요. 앞서 정부가종부세폐지 가능성까지 언급한 만큼 추가개편이 이뤄질지 주목됩니다. 김수강 기자입니다. [기자] 올해 서울 아파트 증여 비율이 7년 만에 최저 수준을 기록한 원인 중 하나론종부세부담 완화가 작용한 것으로 꼽힙니다....,
종부세 개편,"최상목 ""종부세 전면 개편, 종합적으로 검토할 것""",https://www.dnews.co.kr/uhtml/view.jsp?idxno=202409101058528060858,"앞서 국민의힘 추경호 원내대표는 지난 5일 국회 교섭단체 대표연설에서종부세와 관련해 “부담을 더 낮추는 방향으로개편하겠다”며 1가구 1주택 공제를 12억원에서 15억원으로개편하고, 다주택자 중과 제도를 폐지하는 방안 등을 언급했다. 이어, 상속세 부과 체계 유산취득세개편시 일괄공제 폐지에 대해...",
종부세 개편,"추경호, ‘민생 협치’ 촉구...“상속세·종부세 개편 추진”",https://www.dnews.co.kr/uhtml/view.jsp?idxno=202409051225419280143,"그는 “중산층의 과도한 세금 부담을 덜어주기 위한 세제개편을 추진할 것”이라며 “종부세는 현 정부 출범 이후 일부 개선했지만 부담을 더 낮추는 방향으로개편하겠다”고 설명했다. 1가구 1주택 공제 상한을 12억원에서 15억원으로개편하고, 다주택자 중과 제도를 폐지하는 방안도 밝혔다. 상속세 완화에...",
종부세 개편,"秋 ""상속세, 유산취득세로 개편…종부세 기준은 15억으로 상향""",https://www.hankyung.com/article/2024090507741,"내년까지 상속세 부과 체계를 유산취득세로개편하고, 1주택자의종부세기준을 12억원에서 15억원으로 상향하겠다고 했다. 추 원내대표는 이날 “중산층의 과도한 세금 부담을 덜어주겠다”며 이같이 말했다. 상속세에 관해 추 원내대표는 “최고 세율을 낮추고, 공제를 확대하고, 최대주주 할증 과세는...",
종부세 개편,[기획] 고금리 및 종부세 완화에 50~60대 주택 보유 증가,http://www.m-i.kr/news/articleView.html?idxno=1180326,고금리와 종합부동산세 완화로 50~60대의 주택 보유가 증가하고 윤석열 정부의종부세 개편과 세부담 완화 정책으로 다주택자 수가 늘어난 반면 대출규제로 2030대의 주택 매입은 위축되며 주택 시장의 양극화가 심화되고 있다. 서울 도심 아파트 전경 모습. 사진=연합뉴스 제공 매일일보 = 최한결 기자...,
종부세 개편,[최병천의 21세기 진보]종부세 개편의 4가지 방향,https://www.khan.co.kr/opinion/column/article/202408152029015,"이재명 대표가 실제로종부세 개편을 할지는 더 두고 볼 일이다. 실제로 해낸다면, ‘리더십’으로 인정받게 될 것이다. 현행 종부세가 왜 문제인지부터 짚고 넘어가자. 한국 종부세는 정책 목표가 지나치게 혼재되어 있다. ①보유세 ②부유세 ③부동산 가격 상승 억제세 ④다주택자 규제세...",
종부세 개편,"민주당, 상속세 완화 속도낸다…금투세·종부세 개편도 관심",https://www.imaeil.com/page/view/2024082217283724256,이에 금융투자소득세(금투세)와 종합부동산세(종부세)의개편가능성도 관심이 쏠린다. 22일 민주당에 따르면 국세청 차장 출신인 임광현 의원이 최근 상속세 일괄공제액과 배우자 상속공제 최저한도 금액을 높이는 상속세 및 증여세법 개정안을 대표 발의했다. 개정안은 상속세 일괄공제액을 현행 5억원에서...,
종부세 개편,[이코노미 플러스]부동산시장 불안 고려했나… 종부세 개편 막판 무산,https://www.kwnews.co.kr/page/view/2024072909145714766,최종 검토 과정에서종부세 개편이 제외된 것은 최근 서울을 중심으로 나타나고 있는 집값 상승 등 부동산시장 상황과 무관치 않아 보인다. 기획재정부가 지난 25일 세제발전심의위원회에서 확정한 ‘2024년 세법개정안’에는 종부세 개정이 제외됐다. 종부세의 개편 수위는 상속세와 함께 올해...,
종부세 개편,‘종부세 개편’ 왜 빠졌나했더니…서울 집값 상승이 발목,https://news.heraldcorp.com/view.php?ud=20240726050418,최종 검토 과정에서종부세 개편이 제외된 것은 최근 서울을 중심으로 나타나고 있는 집값 상승 등 부동산시장 상황과 무관치 않아 보인다. 기획재정부가 25일 세제발전심의위원회에서 확정한 ‘2024년 세법개정안’에는 종부세 개정이 제외됐다. 종부세의 개편 수위는 상속세와 함께 올해 세법개정안의 양대...,
종부세 개편,"정부, '자녀공제 5억씩' 상속세 25년만에 전면개편…종부세는 '보류'",https://www.pennmike.com/news/articleView.html?idxno=85049,"최 부총리는 '부동산시장을 고려한 것 아니냐'는 질문에 ""종부세는 근본적인개편이 필요하고, 지방세에 미치는 영향 또는 재산세와의 관계 등의 고민이 필요하기에 이번엔 담지 않았다""고 설명했다. ◆ 가상자산 소득과세 '유예' 내년부터 시행되는 '가상자산 투자소득 과세'는 2년 유예하는 쪽으로...",
종부세 개편,종부세 개편은 제외…세수 펑크 전망 속 '부자 감세' 논란 예고,https://news.sbs.co.kr/news/endPage.do?news_id=N1007737524&plink=ORI&cooper=NAVER,"<기자> 지난주 배포된 세법개정안 사전 안내자료에는 상속세와 함께종부세 개편도 포함돼 있었습니다. 그런데, 최종 발표에서는 빠졌습니다. [최상목/경제부총리 : 종부세 부담을 낮추기 위한 많은 노력이 있었습니다. 전반적으로 근본적인 개편이 필요하다는 지적이 더 컸다고 생각하고 있습니다.]...",
종부세 개편,“서울 집값 상승 더 부추길라”… 종부세 개편 왜 빠졌나 [2024 세법 개정안],http://www.segye.com/newsView/20240725517277?OutUrl=naver,세법 개정 논의 과정에서 상속세와 함께 가장 큰 쟁점이었던종부세 개편안이 개정안에 결국 들어가지 않은 가장 큰 이유로 최근 서울을 중심으로 급변동 중인 집값이 꼽힌다. 기준금리 인하 기대감 등만으로도 시장 참여자가 급증해 집값을 전고점 수준까지 밀어올린 상황에 ‘부동산 감세’ 시그널까지...,
종부세 개편,꿈틀대는 서울 집값에 결국…막판 무산된 종부세 개편 [2024 세법개정안],https://www.hankyung.com/article/202407246645i,최근 서울을 중심으로 집값이 빠르게 상승하고 있는 상황에서종부세 개편이 집값 상승을 부채질할 수 있다는 우려에 따라 당초 계획을 접었다는 분석이 나온다. 기획재정부는 25일 서울 명동 은행회관에서 세제발전심의위원회를 열고종부세 개편방안이 제외된 ‘2024년 세법 개정안’을 확정했다. 최상목...,
종부세 개편,"최상목 ""상속세 자녀공제 올리면 일괄공제 상승 효과…종부세 근본 개편""[일문일답]",https://www.newsis.com/view/NISX20240725_0002824624,""" -종부세 개편이 담기지 않은 이유는. ""(최상목 부총리)윤석열 정부 들어서서 종부세에 대해서는 여러 가지 노력으로 종부세 부담을 낮추기 위한 많은 노력이 있었지만, 아직도 개선해야 될 사항이 지적되고 있다. 전반적으로 근본적인 개편을 하려다 보면 지방재정에 미치는 영향이라든지, 그다음에 재산세와의...",
종부세 개편,[2024 세법개정안] 대대적 개편 없었다…종부세 폐지·유산취득세 도입 무산,https://www.ajunews.com/view/20240725150023608,대통령실·기재부 공감대에도종부세 개편미완 아주경제=김성서 기자 biblekim@ajunews.com 서울 강남구에서 바라본 도심 전경. [사진=유대길 기자] 정부가 개편을 예고했던 종합부동산세가 올해 세법개정안에 담기지 않았다. 기획재정부는 종부세의 근본적인 개편을 위해 이번 개정안에서 제외됐다는 입장이지만...,
종부세 개편,정부 종부세 개편 움직임에 경실련 반대 성명,http://www.kookje.co.kr/news2011/asp/newsbody.asp?code=0300&key=20240723.99099007132,이들은종부세 개편이 지역균형발전에 역행한다며 즉각 중단을 촉구했다. 부산경제정의실천시민연합(경실련)을 비롯한 전국 경실련은 23일 오전 ‘정부와 정치권은 종부세 폐지 시도를 즉각 중단하라’는 취지의 공동성명을 발표했다. 이들은 이달 말 발표 예정인 내년 세제 개편안에서 종부세 과세 기준...,
종부세 개편,중도 러브콜? 대권플랜? 이재명 종부세 전면 개편 카드 꺼내든 속내는,http://www.ilyoseoul.co.kr/news/articleView.html?idxno=490751,"그는종부세 개편에 대해선 ""이미 2022년에 부과 기준금액을 12억 원으로 올린 바 있다""며 ""여기서 더 나아가 폐지하자는 얘기가 나오는 것은 곤란하다""고 했고, 금투세의 경우도 ""2023년부터 시행하기로 여야가 합의했던 사안으로, 대부분의 개미 투자자에게는 금투세가 적용되지 않는다""고 주장했다. 같은 날...",
종부세 개편,세수 5년간 18조 감소… ‘종부세 개편’ 빠져,https://www.donga.com/news/Economy/article/all/20240726/126123998/2,하지만 22일 내놓은 최종 세법 개정안에는종부세 개편방안이 빠져 있었다. 이를 두고 정부 안팎에서는 최근 서울 집값이 들썩이는 가운데 종부세까지 완화하면 부동산 가격 상승을 더욱 부채질할 수 있다는 우려가 작용한 것 아니냐는 해석이 나온다. 정정훈 기재부 세제실장은 “종부세를 어떻게 끌고 갈...,
종부세 개편,여야 협치…금투세·종부세 등 세제 개편에서 시작하라,https://www.newspim.com/news/view/20240827000836,이 맥락에서 종합부동산세 개정이나 금융투자소득세 등 세제개편에 대한 논의를 여야 협치(協治)의 출발선으로 삼는 것을 고려해 볼 만하다. 이 대표는... 민주당의 오랜 금기였던종부세에 대해서 1주택자에 한해 완화나 면제 등을 언급했으며 금투세에 대해서는 2차 유예(2022년 말 1차 2년 유예) 또는 보완...,
종부세 개편,결국 빠진 종부세 개편... 가상자산 소득과세는 2년 더 유예,https://www.hankookilbo.com/News/Read/A2024072513280003304?did=NA,올해 세법개정안의 핵심 중 하나로 꼽혔던 종합부동산세(종부세)개편이 결국 빠졌다. 당정이 직전까지 개편에 머리를 맞댔지만 시장 과열을 부추길 수 있다는 신중론에 힘이 실린 것이다. 가상자산 소득과세는 2년 더 유예한다. 기획재정부는 25일 이 같은 내용이 담긴 ‘2024년 세법개정안’을 확정했다....,
종부세 개편,“종부세·금투세·상속세 개편 서둘러야”···국힘 경제통의 일성 [금배지 원정대],https://www.mk.co.kr/article/11071852,송 위원장은종부세 개편방향으로 다주택자 중과세 폐지와 1주택자 기본 공제액 상향을 최우선 과제로 제시했다. 그는 “현행 다주택자에 대한 중과세 체계가 적절치 않다고 본다”며 “종합부동산세는 다주택자에 대한 중과세를 손봐서 일반세율과 동일하게 고쳐야 한다”고 강조했다. 송 위원장은...,
종부세 개편,"이재명 '세금정책 우클릭'에…민주, 종부세 개편 논의 본격화",https://www.sedaily.com/NewsView/2DBSVH6H26,수도권의 한 3선 의원도 “종부세는 우리 정당 가치와 직결돼 있는데 더 후퇴하는 것은 어렵지 않나”라고 말했다. 하지만 8·18 전당대회에서 이 후보의 연임이 확정되면 지도부를 중심으로종부세등 세제개편논의에 속도를 낼 것으로 보인다.,
종부세 개편,오르는 부동산에…與 금리인하도 종부세 개편도 ‘멈칫’,http://www.edaily.co.kr/news/newspath.asp?newsid=03093046638959440,"금리 인하로 유동성이 커지고종부세 개편으로 기대심리가 높아지면 부동산 급등을 더욱 부추길 수 있는 만큼 여당에서도 이에 대한 언급을 자제하는 분위기다. 추경호 국민의힘 원내대표가 29일 서울 여의도 국회에서 열린 ‘추경호 원내대표-경제6단체장, 노조법 개정 관련 간담회’에서 발언을 하고 있다....",
종부세 개편,"도마 위 ‘종부세’, 개편 수위 ‘촉각’… 중과세 완화 유력",https://www.kgnews.co.kr/news/article.html?no=801545,이번 개정안의 최대 관심사 중 하나는종부세 개편방안이다. 여야를 막론하고 종부세에 개편이 필요하다는 점에는 어느 정도 공감대가 형성된 상태다. 박상우 국토교통부 장관은 최근 국회에 출석해 “(종부세는) 징벌적인 과세 측면이 강하기 때문에 폐지해야 한다”며 “종부세를 통해 확보하고자 했던 세수...,
종부세 개편,“이 세금 내기 너무너무 싫은데” 줄여준다 말만 많고 허송세월 종부세 [부동산360],https://news.heraldcorp.com/view.php?ud=20241029050567,"재산세와 별도로 부과되는 종부세는 ‘이중과세’라는 비판이 있었던 만큼종부세 개편방안이 담길 것이란 전망이 우세했다. 하지만 정작 정부가 발표한 세법 개정안에종부세 개편안은 빠졌고, 일각에선종부세 개편이 집값 상승을 부채질할 수 있다는 판단에 정부가 이 같은 대책을 제외한 것으로 보고...",
종부세 개편,"국힘 '종부세 개편 논의' 제안에... 민주 ""세수결손 대책부터""",http://www.joseilbo.com/news/news_read.php?uid=521335&class=32&grp=,"앞서 국민의힘 추경호 원내대표는 이날 원내대책회의에서 민주당을 향해종부세와 금투세 등 세제개편논의에 즉각 착수하자는 제안을 내놨다. 추 원내대표는 ""국민의힘은 민생 법안을 처리하기 위한 것이라면 당장 오늘이라도 의사일정에 합의하고 본회의도 개최할 수 있다""며 ""모든 초점은 정쟁이 아니고...",
종부세 개편,"불붙은 집값, 수술대 오른 종부세…이달 말 세제개편 ‘촉각’",https://www.dailian.co.kr/news/view/1383870/?sc=Naver,그중 그동안 ‘징벌적 과세’로 지목돼 온종부세 개편수위를 놓고 시장의 관심이 쏠린다. 종부세는 고가의 부동산 보유자에 대해 별도의 세금을 부과해 조세부담 형평성을 제고하고 부동산 가격을 안정시키기 위한 목적으로 마련됐다. 지난 2005년 도입된 이후 정권이 바뀔 때마다 개정을 거듭했지만...,
종부세 개편,"與 ""종부세 개편, 즉시 논의하자… 첫째도 둘째도 민생""",http://www.shinailbo.co.kr/news/articleView.html?idxno=1903408,"이어 그는 ""이재명 전 민주당 대표가 제안한종부세 개편과 금투세 유예 등 세제 개편 논의에 즉시 착수할 것을 제안한다""며 ""21대 마지막 본회의에서 이 전 대표가 그렇게 서둘렀던 연금 개혁도 여·야·정 실무협의체를 시작해야 한다""고 피력했다. 그러면서 그는 ""민주당의 당리당략을 위한 법안은 민생과 국민을...",
종부세 개편,"與정점식 “이재명, 종부세 개편 진정성 있다면 당론 추진해야”",http://www.edaily.co.kr/news/newspath.asp?newsid=02132006638955176,정점식 국민의힘 정책위의장이 이재명 전 더불어민주당 대표를 겨냥 “종부세 개편추진에 진정성이 있다면 당론으로 추진하겠다고 밝혀달라”고 16일 압박했다. 정점식 국민의힘 정책위의장(사진 = 뉴시스) 정 의장은 이날 오전 서울 여의도 국회에서 열린 원내대책회의에서 이같이 말했다. 앞서 이재명 전...,
종부세 개편,`금투세·종부세 개편` 李 제안에 술렁이는 민주당…당내 이견↑,http://www.edaily.co.kr/news/newspath.asp?newsid=03404646638954848,당내에서종부세 개편·폐지 의견이 나올 때마다 진화에 나섰던 진성준 민주당 정책위위원장은 이번에도 앞장서 반대 목소리를 냈다. 민주당 한쪽에서는 당의 근간이 흔들릴 수 있다고 우려하고 있다. 이들 세제가 노무현·문재인 정부의 유산인 이유가 크다. 전당대회를 앞둔 이 전 대표도 최근 당내 여론을...,
종부세 개편,[사설] 상속세·종부세 등 세제의 합리적 개편 시급하다,https://www.skyedaily.com/news/news_view.html?ID=240869,정부가 추진하려는 감세정책은 그간 꾸준히 문제가 제기돼 온 상속세·종부세등에 대해 시대적 상황을 반영해 합리적으로개편하려는 미래 지향적인 조세정책이다. 예컨대 상속세의 국제적 동향을 보면 상속세가 아예 없는 나라가 경제협력개발기구(OECD) 회원국 38개국 중 호주·캐나다·노르웨이 등...,
종부세 개편,'자녀공제 1인당 5억' 25년만에 상속세 전면 개편…종부세는 '보류',https://www.jeonmae.co.kr/news/articleView.html?idxno=1059568,"최 부총리는 '부동산시장을 고려한 것 아니냐'는 질문에 ""종부세는 근본적인개편이 필요하고, 지방세에 미치는 영향 또는 재산세와의 관계 등의 고민이 필요하기에 이번엔 담지 않았다""고 설명했다. 내년부터 시행되는 '가상자산 투자소득 과세'는 2년 유예하는 쪽으로 법개정에 나설 예정이다....",
종부세 개편,세법개정안 개편 수위 '집중'…상속세·종부세 초점,http://www.shinailbo.co.kr/news/articleView.html?idxno=1902361,상속세·종부세의 구체적인개편수위는 대통령실·여당과의 조율 속에서 확정될 예정이다. 이 밖에도 혼인 특별세액공제도 구체화해 세법개정안에 담길 예정이다. 공제 한도는 남편·아내에 각각 100만원씩 해주는 방안이 거론된다. 공제를 받을 수 있는 연령대 등도 확정할 예정이다. 연령이나 초혼 여부 등에...,
종부세 개편,이재명 검토 의견에 20년 묵은 종부세 개편 논의 급물살 타나,https://www.newsis.com/view/NISX20240711_0002806680,앞서 기획재정부가 지난 2022년 다주택자의종부세중과세율 전면 폐지를 추진한 만큼 올 7월 세제개편안에는 다주택자에 대한 중과세율을 낮춰종부세에 대한 실질 부담을 대폭 줄일 것으로 예상된다. 과세 형평 논란에…1주택자종부세폐지는 실현 가능성↓종부세가 실시되기 전부터 고가의 주택에서...,
종부세 개편,이재명 ‘종부세 개편’이 부른 노선 싸움… 친노-친문 “당 정체성 훼손”,https://www.donga.com/news/Politics/article/all/20240712/125910953/2,● 李종부세 개편론 두고 친노·친문 “정체성 훼손” 이 후보는 최근 당 대표 출마선언 과정에서 “‘먹사니즘’이 유일한 이데올로기여야 한다”며 민생 문제에 초점을 맞춘 행보를 이어가고 있다. 이 후보가종부세 개편안을 들고나온 것도 민생 의제를 통한 중도·외연 확장 전략으로 풀이된다. 이 후보 측...,
종부세 개편,종부세 개편 누구를 위한 변화인가?,https://www.ccdailynews.com/news/articleView.html?idxno=2284773,이번 종부세 완화를 시작으로 양도소득세와 취득세(거래세) 중과 완화까지 이어질 수 있는 만큼종부세 개편은 대규모 부동산 세제 개편의 시작점이 될 것으로 보인다. 특히 부동산 관련 세제가 완화되면 거래 활성화를 통한 부동산 시장 활성화 효과까지 기대되므로 당분간 부동산 시장의 최대 화두가 될...,
종부세 개편,[사설] 중산층에 과도한 부담 상속세·종부세 합리적으로 개편하라,https://www.sedaily.com/NewsView/2DBT9QWX9T,이참에 여야는 과도한 세금으로 어려움을 겪는 중산층과 기업인들까지 부담 완화를 체감할 수 있도록 글로벌 기준에 맞춰 세제 합리화를 추진해야 한다. 무엇보다 입법 권력을 쥔 거대 야당이 소모적인 정쟁을 접고 상속세와종부세 개편의 물꼬를 트는 데 협력해야 한다.,
종부세 개편,‘종부세 개편’ 대척점에 선 이재명과 김두관,https://www.kyeonggi.com/article/20240712580180,"하지만 당내 비수도권 의원들을 중심으로종부세 개편을 반대하는 목소리가 확산하고 있다. 진성준 정책위의장은 이날 최근 ‘불로소득 적극 환수’를 언급하면서 “여러 이유로 당내에서 종부세에 대한 이견이 나오는데, 당이 심각한 토론과 논의를 통해 분명한 입장을 정할 필요가 있다”고 말했다. 진...",
종부세 개편,"[사설] 종부세 금투세 여야 합의 가능성, 세제 전반 개편으로",https://www.chosun.com/opinion/editorial/2024/07/12/ELXYLOWDPVDTJDYKSKFNBXDSKM/?utm_source=naver&utm_medium=referral&utm_campaign=naver-news,그러다 지난 5월에 박찬대 원내대표가 ‘실거주 1세대 1주택 종부세 폐지 필요성’을 언급한 것을 시작으로 민주당 내에서도 일부 의원들이종부세 개편필요성을 제기했다. 문재인 정부의 부동산 정책 실패로 집값이 급등하면서 종부세가 당초 취지와는 달리 극소수의 집 부자가 아니라 서울의 중산층...,
종부세 개편,종부세 개편 임박… 집값 상승 '불쏘시개' 우려,http://www.m-i.kr/news/articleView.html?idxno=1141331,'2024년 세법개정안' 발표를 앞둔 가운데 종합부동산세(종부세)개편방향에 관심이 집중되고 있다. 서울 잠실 일대 아파트단지 모습. 사진=권한일 기자 매일일보 = 권한일 기자 | 올해 세제 개편안에 종합부동산세(종부세) 완화 방안이 담길 것으로 예상되는 가운데 최근 오름세를 보이는 부동산 시장 불안을...,
청약 제도,아이 있으면 청약 당첨 쉬워진다…청약 시장 변화 예고,http://www.inews24.com/view/1828096,"전문가들은 신생아가 있는 가구에 유리하도록청약 제도가 바뀌고 있는 만큼 청약에 나서는 30대 이하 연령대가 더 늘어날 수 있을 것으로 보고 있다. 높은 분양가는 여전해도 당첨 확률이 높아진 탓이다. 송승현 도시와경제 대표는 ""이번 제도 개선은 청년층 주택 매입 과정에서 저출산 문제를 해결에...",
청약 제도,“아이 낳은 가정에 집 먼저 줍니다”…이달 말부터 청약 규칙 변경,http://www.segye.com/newsView/20250326518749?OutUrl=naver,"26일 정부가 발표한 이번 제도는 출산율 반전을 위한 주거지원 대책의 일환으로,청약 제도의 핵심적인 변화를 담고 있다. 지난해 6월 정부가 발표한 ‘저출생 추세 반전을 위한 대책’의 후속 조치다. 우선 공공분양 관련 기존엔 전체 물량의 20%가 ‘신생아 특별공급’이었는데 일반공급(전체의 30%) 중 50%도...",
청약 제도,[THE FINANCE] `인서울` 로또청약 막차 잡아볼까,https://www.dt.co.kr/contents.html?article_no=2025032702101863079001&ref=naver,"투기방지 다가오는 5월 무순위청약제도전면개편 무주택 실수요자 공급… 투기 방지 부양가족 실거주 확인 등 절차 강화 경쟁률 최대 60%가량 낮아질 전망 지방 미분양 우려 '사회적 합의' 필요 완판 앞둔 중랑 '더샵 퍼스트월드 서울' 노원 '서울원 아이파크' 등 노려볼 만 '줍줍', '로또 청약'으로 불리던...",
청약 제도,무순위 청약 문턱 높아진다… '용인 에버랜드역 칸타빌' 마지막 기회,http://www.ikld.kr/news/articleView.html?idxno=310430,"청약 통장이 없어도 만 19세 이상이면 신청 가능한 무순위 청약으로 공급됐으며, 최근 강화가 예고된 무순위청약 제도개편 전 마지막 기회 중 하나로 꼽히고 있다. 용인이 수도권 분양 시장에서 두각을 나타내는 배경에는 반도체 클러스터 조성이라는 확실한 성장 모멘텀이 있다. SK하이닉스는 처인구...",
청약 제도,신생아 가구 청약 기회 대폭 확대…이달 31일부터 시행,https://www.rcast.co.kr/news/articleView.html?idxno=27393,이번 개정안은 지난해 6월 정부가 발표한 '저출생 추세 반전을 위한 주거지원 대책'의 일환이며 당시 제시됐던청약제도개선안이 시행되는 것이다. 2세 미만 자녀 둔 가구 일반공급 확대 2세 미만 자녀(태아 포함)를 둔 신생아 가구에 대한 우선 배정 물량이 대폭 확대된다. 공공분양(뉴:홈)의 경우 기존의 특별...,
청약 제도,"무순위 청약 규제 앞두고… 반도체로 활기 띠는 용인, '에버랜드역 칸타빌' 주목",https://www.econovill.com/news/articleView.html?idxno=689406,"청약 통장이 없어도 만 19세 이상이면 신청 가능한 무순위 청약으로 공급됐으며, 최근 강화가 예고된 무순위청약 제도개편 전 마지막 기회 중 하나로 꼽히고 있다. 용인이 수도권 분양 시장에서 두각을 나타내는 배경에는 반도체 클러스터 조성이라는 확실한 성장 모멘텀이 있다. SK하이닉스는 처인구 원삼면...",
청약 제도,무순위 청약 개편 전에…‘용인 에버랜드역 칸타빌’ 막바지 줍줍 기회,https://www.etoday.co.kr/news/view/2454452,"국토교통부는 무순위청약 제도를 실수요자 중심으로 개편할 계획이라고 밝혔다. 현재는 청약 통장이 없어도 신청할 수 있고, 주택 보유 여부와 관계없이 누구나 지원 가능해 일부 인기 단지에서는 경쟁이 치열했다. 하지만 개편 이후에는 유주택자의 신청이 불가능해지고, 거주 요건이 강화되면서 무순위...",
청약 제도,"""줍줍 막차 타자""…수원 '3억 로또' 2가구에 16만명 몰려",https://www.newsis.com/view/NISX20250305_0003086419,"정부가 '로또 청약' '줍줍' 논란이 있는 무순위청약 제도개편을 추진하는 가운데 2~3억원대 시세차익이 기대되는 경기 수원시 무순위 청약 2가구에 16만명이 몰렸다. 5일 한국부동산원 청약홈에 따르면, 경기 수원시 '북수원자이 렉스비아' 무순위 청약 2가구에 대해 지난 4일 진행된 무순위 청약에...",
청약 제도,달라진 IPO 시장…공모주 청약 기대감 커져,https://www.kfenews.co.kr/news/articleView.html?idxno=632491,"상장 당일 공모가를 웃도는 경우가 많아지면서 공모주청약참여로 수익을 기대할 수 있는 환경이 조성됐다는 점은 긍정적이지만, 전문가들은 신중한 종목 선별을 당부했다. 아울러, 오는 7월부터 주관사의 역할과 책임을 강화하는 IPO제도개선안이 시행된다는 점도 변수가 될 수 있다고 조언했다. 조대형...",
청약 제도,"[청경체] 청소년 청약통장, 똑똑하게 준비하려면?",http://news.ebs.co.kr/ebsnews/allView/60578598/N,청약 제도에서 당첨을 통해서 살 수 있는 아파트 우리가 크게 두 종류로 나눌 수가 있는데요. 공공 아파트와 민영 아파트입니다. 공공 아파트를 분양하는 공공 분양에서는 1회당 인정되는 최대 금액이 25만 원입니다. 최대 인정 금액을 하나의 박스라고 가정을 한다면 이 박스에는 1만 원짜리의 지폐를 최대...,
청약 제도,"‘깜깜이’ 우리사주 실권주 배정, 공모주 청약 혼선 야기",https://www.hankyung.com/article/202503132459r,금융당국은제도개편을 통해 일반청약물량이 20%에서 25%로 늘렸다. 추가로 우리사주조합에서 실권주가 발생하면 모집주식 수의 5%에 해당하는 물량까지 일반청약물량으로 배정할 수 있도록 해 최대 30%까지 가능해졌다. 기존에는 우리사주 실권주는 기관투자가에 배정했다. 당시 ‘따상’ ‘따따상’ 등으로...,
청약 제도,'줍줍' 청약 개편 앞두고…파주운정 1가구 모집에 1만6000명 몰려,https://www.newsis.com/view/NISX20250306_0003088126,"정부가 '로또 청약' '줍줍' 논란이 있는 무순위청약 제도개편을 추진하는 가운데 1~2억원대 시세차익이 기대되는 운정신도시 무순위 청약에 1만6000여명이 몰렸다. 6일 한국부동산원 청약홈에 따르면, 지난 4일 경기 파주시 목동동 '파주운정 경남아너스빌 디원'(A18블록) 무순위 청약 1가구 모집에 총...",
청약 제도,'로또청약' '줍줍' 이제는 옛말 될까…'무순위 청약'[주간 부동산 키워드],https://www.newsis.com/view/NISX20250307_0003090480,무순위청약 제도개편 전 '줍줍 막차'를 타려는 움직임도 나타나고 있다. 경기 수원시 정자동 '북수원자이 렉스비아' 전용 59·84㎡ 2가구에 대해 지난 4일 진행된 무순위 청약에 총 16만4369명이 신청했다. 경기 파주시 목동동 '파주운정 경남아너스빌 디원'(A18블록) 무순위 청약 전용 84㎡ 1가구 모집에는 총...,
청약 제도,"[이슈분석] ""청약통장 쓸 곳이 없네""...'역대급' 수도권 공급 가뭄",https://www.pinpointnews.co.kr/news/articleView.html?idxno=331385,"26일 한국부동산원청약홈에 따르면, 올해 들어 서울에서 분양한 아파트 단지는 단 1곳에 그쳤다. 해당 단지는 지난달 초 분양한 서울 서초구 방배동... 재초환은 재건축으로 인해 발생한 조합원의 이익에서 공사비와 자연스러운 집값 상승분을 뺀 나머지 금액을 부담금으로 환수하는제도다. 지난 2006년...",
청약 제도,"청약통장 해지 늘었지만 여전히 매력적...""젊은층 특공 노려야""",https://www.newspim.com/news/view/20250321000666,전문가들은제도가 바뀌면서 혜택이 늘어난 데다 부동산 시장 변동을 대비해청약통장 해지는 신중할 필요가 있다고 입을 모은다. 가입기간에 따라청약가점이 부여되는 만큼 당장 여력이 부족하다면 납입을 중단하더라도 가능한 한 유지하는게 유리하다는 조언이 나온다. 고분양가가 지속되면서...,
청약 제도,제도 개선 전 마지막 줍줍 눈길… 개선책 효과 볼까,https://www.daejonilbo.com/news/articleView.html?idxno=2188940,"정부는제도손질을 통해청약경쟁 과열 현상을 막고 실수요자 혜택이 늘어날 것으로 보고 있지만, 일부에선 증가세에 놓인 지역 악성 미분양이 더욱 증가할 수 있다는 우려도 나온다. 11일 지역 부동산 업계에 따르면 갑천2 트리풀시티 엘리프 민간참여형 공공분양주택은 12일 특별공급과 무순위청약을...",
청약 제도,무순위 청약 열기 뜨겁다...“줍줍 막차 타자” 수만 명씩 인산인해 [김경민의 부동산NOW],https://www.mk.co.kr/article/11270000,"정부 규제도영향을 미쳤다. 정부는 무순위청약신청 자격을 무주택자로 제한하고, 지자체장이 거주 요건을 설정할 수 있도록 하는제도개편안을 내놓았다. 개정된 주택공급규칙은 이르면 올해 상반기 내 시행될 예정이다. 이에 따라 무주택자들은제도개편 전 막차를 타기 위해 대거청약에 나선...",
청약 제도,"미래에셋증권, ""개인투자용 국채, 8개월 만에 초과 청약…5년물 흥행 주도""",http://www.metroseoul.co.kr/article/20250318500587,"미래에셋증권은 5년물 도입과 더불어 다양한제도개선이 흥행 요인으로 작용했다고 분석했다. 이번 달부터 연간 구매 한도가 기존 1억원에서 2억원으로 확대됐으며,청약기간이 3영업일에서 5영업일로 연장됐다. 또한 모바일트레이딩시스템(MTS) 내 정기 자동청약서비스인 '개인투자용국채...",
청약 제도,[함영진의 부동산화수분] 청약 대기자가 APT분양서 주목할 투자 포인트,https://weekly.hankooki.com/news/articleView.html?idxno=7106758,이 밖에도청약 제도와 관련한 제도 변화가 여럿 있었다. 지난해 사전 청약이 중단되면서 사전 청약 당첨자가 본 청약을 못하는 사례가 있었는데 정부가 이를 구제하기로 했다. 본 청약을 앞둔 사전 청약 당첨자가 시공사의 갑작스러운 사업 취소로 청약 기회를 잃게 되는 난감한 경우가 전국 7개 단지...,
청약 제도,'광명 유승한내들 라포레' 19일 임의공급 2차 청약 진행,https://view.asiae.co.kr/article/2025031709580015768,"한 업계관계자는 ""특히 최근 정부는 '로또 청약' '줍줍' 논란이 있는 무순위청약 제도개편을 추진하면서 앞으로는 무주택자의 청약만 가능하게 변경하겠다고 밝혀, 이를 피하려는 수요의 쏠림도 예상된다""고 말했다. 한편 광명 유승한내들 라포레는 광명 구름산지구 도시개발사업(총 5,029세대) 6개 블록 중...",
청약 제도,지방 미분양에 청약통장도 '손절'…1년 새 54만명 이탈,http://www.yonhapnewstv.co.kr/MYH20250310232027821,"<박지민 / 월용청약연구소 대표> ""지방 소도시에서 지방 거점 도시 또는 광역시 이사를 원하시는 분들은청약제도에서 인근 지역의 범위가 있는데, 그 지역 내에서 상급지 청약이 가능하므로 특별공급이나 1순위 기회를 충분히 살려서…"" 부동산 시장이 변화하는 만큼 무작정 청약통장을 포기하기보다 자신의...",
청약 제도,아파트 사업 취소 속출… 사전청약 무용론 커져,https://m.skyedaily.com/news_view.html?ID=265455,사전청약을 받아도 실제 분양까지 이어지지 않으면서 사전청약 제도자체의 실효성에 대한 의문이 커지고 있다. 사업이 취소된 단지들은 다양한 방식으로 대체되고 있다. LH는 화성 동탄2 C28블록&8231;영종하늘도시 A41블록&8231;파주운정3지구 3·4블록 등 4개 단지의 토지를 재매각해 민간 사업자를 다시...,
청약 제도,"[머니테크] ""깨야하나, 갖고있을까"" 분양가 급등에 청약통장 매력 '뚝'...전문가들 ""그래도 깨지 마세요""",https://www.ajunews.com/view/20250320084745959,"고준석 교수는 “청약제도는 정부가 마음만 먹으면 언제든지 시장 상황에 맞게 규칙을 바꿔 변화를 줄 수 있다""며 ""정책 변화 가능성을 염두에 두고 급한 게 아니라면 청약통장을 보유하면서 시장을 지켜보는 것이 좋다""고 말했다. 전문가들은 또 급전이 필요한 때에도 해지보다는 청약통장 담보 대출을...",
청약 제도,부동산 '매매'의 기술?…시장 흐름과 제도 이해하고 투자와 자산관리까지 가능해야[김현아의 시티라이프],https://economist.co.kr/article/view/ecn202503120018,관련 법률과제도를 알고 투자와 자산관리를 할 수 있는 종합적인 역량을 의미한다. 청년과 신혼부부들에게 주거정책과 금융 지원제도가 존재하지만... 이제 막 사회생활을 시작한 이들은 결혼식 대신 그 비용을 종자돈 삼아 정부의 신혼희망타운 주택에청약할 계획이라고 한다. 워낙 집값이 비싸지고...,
청약 제도,청약홈 청약 열풍… 수원 무순위 청약 2~3억 차익 기대,https://www.topstarnews.net/news/articleView.html?idxno=15614509,"정부가 무순위청약 제도개편을 추진하는 가운데, 시세차익이 기대되는 경기 수원시 무순위 청약에 16만 명이 넘는 신청자가 몰렸다. 지난 5일 한국부동산원 청약홈에 따르면, 경기 수원시 장안구 정자동에 위치한 '북수원자이 렉스비아' 무순위 청약 2가구에 총 16만 4369명이 신청했다. 북수원자이...",
청약 제도,다음 달부터 개인국채 5년물 발행…자동청약 서비스도,https://biz.sbs.co.kr/article_hub/20000220404?division=NAVER,"몇가지제도도 개선됩니다. 1인당 연간 구매한도 1억원에서 2억원으로 늘어납니다.청약기간도 3일에서 5일로 연장되고,청약마감 시간도 기존 오후 3시 30분에서 오후 4시로 연장됩니다. 이와 함께 정기 예·적금처럼 매달 일정액을 자동으로 투자할 수 있는 '정기 자동청약서비스'도 다음 달 10일...",
청약 제도,[IPO챗] 서울보증보험 내주 코스피 입성…티엑스알로보틱스 등 일반청약,https://www.yna.co.kr/view/AKR20250307157200008?input=1195m,"주당 최소 배당금제도도 도입했으며 올해 반기 결산 시 밸류업 공시를 통해 구체적인 금액을 공표할 계획이다. 일반청약을 받는 기업은 3곳이다. 티엑스알로보틱스는 공모가를 1만3천500원으로 확정하고 10∼11일 일반청약을 받는다. 이 기업은 유진그룹의 로봇·물류자동화 기업으로, 물류...",
청약 제도,무순위 청약 개편 임박···'연신내 양우내안애 퍼스티지'로 개편 전 기회 노려,https://www.enetnews.co.kr/news/articleView.html?idxno=35900,"2025년 5월부터 시행될 무순위청약 제도개편을 앞두고 실수요자와 투자자들의 관심이 마지막으로 열리는 알짜배기 단지들로 집중되고 있다. 국토교통부는 무주택자만 무순위 청약에 참여할 수 있도록 자격을 제한하고, 지역 거주 요건을 강화하는 등 실수요자 중심으로 제도를 재편할 예정이다. 최근 몇...",
청약 제도,"'IPO 재수생' 서울보증보험, 오버행·실적 우려 딛고 청약 흥행할까",https://news.tf.co.kr/read/economy/2184224.htm,청약을 신청해 주식을 배정받은 주주에게 오는 4월 배당을 지급한다. 앞으로 3년 동안 총 주주환원규모 연 2000억원 수준을 보장하며 최소 배당금제도도 도입한다. 상장 후에는 분기 배당도 실시한다. 그러나 시장에서는 서울보증보험의 실적 하향세에 주주환원책이 실시될 여력이 있냐는 시각이 나온다....,
청약 제도,양극화의 그늘…사전청약 사업 취소 8번째,https://www.rcast.co.kr/news/articleView.html?idxno=27243,"부동산인포 권일 리서치팀장은 ""사전청약이라는제도가 부동산 경기가 괜찮을 때라면 모르지만 경기가 위축되면서 계륵처럼 돼 버렸다""라면서 ""정부는 민간 사전청약실시 현장들을 모니터 하면서 본청약, 준공까지 지연 없이 진행되도록 관심을 갖는 것이 불안감을 해소하는 데 도움이 될 것""이라고 말했다.",
청약 제도,"하나은행, KPGA 선수들 신탁 기반 연금제도 도입 위한 MOU 체결 外",https://www.rcast.co.kr/news/articleView.html?idxno=27238,"하나은행, KPGA 선수들 신탁 기반 연금제도도입 위한 MOU 체결 하나은행(은행장 이호성)은 지난 10일 하나은행 본점에서 한국프로골프협회(KPGA, 회장... NH농협은행, 주택청약종합저축 내 집 마련 챌린지 START 이벤트 진행 NH농협은행(은행장 강태영)은 오는 4월 30일까지 주택청약종합저축 '내 집 마련 챌린지...",
청약 제도,"[금융 단신] NH농협은행, 주택청약종합저축 이벤트 外",http://www.dailypop.kr/news/articleView.html?idxno=85602,"하나은행, KPGA와 손잡고 프로골퍼 연금제도도입…투어 상금 3% 적립 하나은행이 하나은행 본점에서 한국프로골프협회와 신탁 기반의 연금제도도입을... NH농협은행, 주택청약종합저축 '내 집 마련 챌린지 START' 이벤트 실시 NH농협은행이 오는 4월 30일까지 주택청약종합저축 '내 집 마련 챌린지 START...",
청약 제도,"간편 청약 솔루션, ‘처음청약’ 베타서비스 론칭",https://www.sentv.co.kr/article/view/sentv202503050006,"처음청약은청약제도가 주택청약 기회를 균등하게 부여하고 무주택자의 내 집 마련을 지원하는 목적을 가지고 있지만, 복잡한 용어와 특별공급 및 일반공급의 상이한 기준 등으로 인해 신청 과정이 어려운 점에 주목했다. 이번 처음청약 베타 서비스는 이러한 문제를 해결하기 위해 ‘청약 프로필’, ‘찜’...",
청약 제도,‘대체거래소(ATS) 제도 정비’ 자본시장법 국회 통과,http://www.fnnews.com/news/202502271823224540,자본시장법상제도가 정비됐다”고 밝혔다. 금융위에 따르면 ATS에 대해서는 현행법상 ‘최선집행의무’를 적용하지 않도록 법을 개정했다. 최선집행의무는 복수시장체제에서 증권사가 어떠한 기준에 의하여 투자자의청약·주문을 처리해야하는지에 대한 불분명한 문제를 해소하기 위해 마련됐다....,
청약 제도,“무순위 청약 개편前 마지막 기회”… 수원 아파트 2채에 16만명 몰렸다,https://www.donga.com/news/Economy/article/all/20250305/131151092/2,"5월 정부의 무순위청약 제도개편을 앞두고 있어 주택 소유나 거주지 요건이 없는 무순위 청약은 마지막이라는 심리가 청약 수요를 키운 것으로 보인다. 5일 한국부동산원에 따르면 전날 경기 수원시 ‘북수원 자이 렉스비아’ 2채에 대한 무순위 청약을 진행했다. 전용면적 59㎡에는 7만8096명, 전용면적...",
청약 제도,"[단독] ""무주택 청년 세대원도 주택청약 소득공제"" 민주당 추진",http://news.mt.co.kr/mtview.php?no=2025030509160849589,"부모와 함께 사는 '세대원' 청년들도 주택청약종합저축 통장에 대해 소득공제를 받을 수 있도록 하는 방안을 더불어민주당이 추진한다.... 임 의원은 ""그동안 부모님과 함께 살며 미래를 준비하는 청년 세대들이 새로운 지원제도의 혜택을 받기는커녕 있는 혜택도 제대로 받지 못하는 상황에 놓여있었다""며...",
청약 제도,공정위 ‘뒷북 과징금’… “공공택지 계열사 전매는 부당지원 아냐”,https://www.seoul.co.kr/news/society/2025/03/28/20250328002004?wlog_tag3=naver,정부는 2023년 공공택지 전매 금지를 푼 데 이어 지난해에는 사전청약 제도를 폐지했다. 국토교통부는 공공택지 입찰에 참여할 수 있는 모기업과 계열사 수를 1개사로 제한하는 ‘1사 1필지’ 제도를 올해를 끝으로 더이상 시행하지 않을 것으로 알려졌다. 건설경기가 위축돼 제도 운용 필요성이 사라졌다는...,
청약 제도,기관 수요예측 '미지근'…서울보증보험 청약도 힘 빠지나,http://www.nongaek.com/news/articleView.html?idxno=90413,"배당금제도를 도입했으며, 올해 반기 결산 시 밸류업 공시를 통해 구체적인 금액을 공표할 계획""이라고 말했다. 이번 IPO 때청약을 해서 들어오는 투자자들은 4월 초순 정도로 예상되는 배당 기준일 이후 미리 확정해 놓은 2000억원 규모의 배당(공모가 기준 배당수익률 10% 내외)을 바로 받을 수 있다는...",
청약 제도,"대한민국 내 화교, 중국인, 조선족, 그리고 무사증 제도의 정책적 영향과 사회적 갈등",https://www.sisamagazine.co.kr/news/articleView.html?idxno=511935,"외국인들은 한국인과 달리 주택청약과 전세자금 대출 등의 혜택은 받을 수 없으나, 일부 투자이민제도를 통해 부동산을 소유할 수 있으며, 이를 통해 영주권을 획득하는 사례도 증가하고 있다. 또한, 한국인은 외국인과 부동산 거래를 할 때보다 더 까다로운 절차를 거쳐야 하는 반면, 외국인의 경우에는 비교적...",
청약 제도,"[더벨][IB 풍향계]씨케이솔루션 청약 사고, NH증권 체크 부재 '아쉬움'",https://www.thebell.co.kr/free/content/ArticleView.asp?key=202503101442400680101382,NH증권의 해명에도 개인 투자자들의 비판은 거세지고 있는 상황이다. 이미 다수가 NH증권의 책임론을 언급하며 금감원에 민원을 제기했다. 대부분 NH증권이청약자들에게 적절한 보상과 동시에 이와 같은 일이 재발하지 않도록제도개선 등 적합한 후속 조치를 할 것을 요구하고 있다.,
청약 제도,당첨 가점 낮아도 당첨 가능한 ‘힐스테이트 더샵 상생공원 1단지’ 주목,https://biz.heraldcorp.com/article/10452497?ref=naver,"특히 지난해 3월 대대적으로 개편된청약제도가 포항에서는 처음으로 적용돼 청약열기는 더욱 뜨거울 것으로 예상된다. 개편된 주요 내용으로는 부부간 중복청약이 가능해졌으며, 다자녀 특공 기준이 3명 이상에서 2명 이상으로 완화됐다. 또, 출산가구는 특별공급 기회와 함께 완화된 소득∙자산요건을...",
청약 제도,"LH ""4월 이후 토지 1721필지·주택 2.1만호 공급""",https://www.newsis.com/view/NISX20250324_0003109769,"설명회는 공동주택용지 공급계획 소개를 시작으로 주요 지구별 토지·주택 공급계획 설명, 부동산시장 동향·전망에 대한 외부 전문가 강연, 주택청약제도안내 등이 진행된다. LH는 설명회 당일 오후 1시부터 개별 맞춤형 상담을 지원하기 위한 유형별·지역별 상담 부스도 운영한다. 토지는 전국...",
청약 제도,"[더벨]한텍 IPO 청약, 공모주 운용사 '장기 락업' 던졌다",https://www.thebell.co.kr/free/content/ArticleView.asp?key=202503082010271920102913,'한텍' 공모주청약에 자산운용사들이 높은 비율로 3~6개월 의무보유 확약(락업)을 제시해 눈길을 끈다. 코스피 최대어인 LG CNS보다도 확약 물량... 정부가 마련한 'IPO제도개선 방안'에 따라 오는 7월부터는 기관투자자 배정 물량의 40% 이상을 확약 기관투자자에게 우선 배정한다. IPO하이일드펀드와...,
청약 제도,"김상훈 의원, 기관 단타 막는 ‘코너스톤 제도’ 법안 발의",https://biz.heraldcorp.com/article/10429726?ref=naver,"김상훈 의원은 “법 개정을 통해 그간 공모가 산정을 왜곡하고, 상장 후 주가 하락의 원인이 됐던 기관투자자의 허수성청약을 예방할 수 있을 것”이라며 “궁극적으로 우리 IPO시장이 ‘단기차익 목적 투자’에서 ‘기업가치 기반 투자’위주로 합리화될 수 있도록 관련제도개선에 지속적으로 힘쓰겠다”...",
청약 제도,[부동산 경제] 2025년 바뀌는 부동산제도,http://www.queen.co.kr/news/articleView.html?idxno=429189,"당장 1월부터 중도상환수수료와 신생아 특례 대출 소득요건, 주택청약종합저축 세제지원과 1주택 보유자에 대한 세제혜택이 변경되었다. 대출 기간 중... 임대인제도는 2026년까지 연장되고 소상공인의 임대료를 인하해 주는 건물주에게 최대 70% 세액공제를 해주는 착한 임대인제도도 계속 시행이 된다....",
청약 제도,아직도 85㎡가 국민주택?…30여 년째 아파트 평형 그대로 [기고],https://realty.chosun.com/site/data/html_dir/2025/03/27/2025032702770.html,"공공택지에서의 분양 우선권, 세제 혜택,청약 제도등 여러 정책적 혜택이 이 기준을 중심으로 설계한다. 그러나 이 85㎡라는 숫자가 지금도 ‘국민’을 위한, 시대에 부합하는 기준일까? 결론부터 말하자면, 그렇지 않다. 오히려 이 규제가 지속될수록 국민의 주거 선택권은 제한되고, 다양화된 수요에...",
청약 제도,"`무순위 줍줍` 제도변경 임박, `대방건설 의왕월암 디에트르` 25일부터 무순위 청약 접수",https://www.dt.co.kr/contents.html?article_no=2025022502109923783006&ref=naver,"올해 5월 무순위청약 제도개편 앞두고, 무순위 줍줍 막바지 기회에 관심 급증 이른바 '무순위 줍줍'으로 불리는 무순위청약 제도개편이 이르면 5월부터 이뤄질 것으로 예상된다. 제도 개편 시 무순위 청약 신청 자격을 무주택자로 한정하고 거주지 요건이 탄력적으로 부과되는 등 조건이 강화될 방침이다....",
청약 제도,"[경제전망대] 무순위 청약제도(줍줍), 개선방안의 과제",https://www.kyeongin.com/article/1729955,아파트 청약통장 유무와 상관없어 묻지마 청약·로또청약 현상 과열 불필요한 업무·사회비용 증가 야기 시장상황 따른 냉·온탕 처방 한계 분양가상한제 부작용 등 해법 필요 서진형 한국부동산경영학회 회장·광운대 교수 최근 정부는 로또 청약 또는 줍줍 등으로 조롱을 받는 무순위청약제도를 아파트...,
청약 제도,본청약 밀리고 포기하고…제도 폐지에도 사전청약 딜레마 지속,https://www.kukinews.com/article/view/kuk202502200172,LH는 사전청약 제도특성상 착공 과정에 따라 지연이 발생하고 있다고 밝혔다. 또 본청약 지연에 따른 인상분을 지원해 피해를 최소화하겠다는 입장이다. LH 관계자는 “사업 계획만 가지고 선 청약을 진행한 특성상 땅을 팠더니 문화재가 나오거나 이주 지연 등의 변수가 많아 본청약 지연이...,
청약 제도,"변경된 무순위 청약제도, 분양시장에 미칠 파장은?",http://www.m-i.kr/news/articleView.html?idxno=1208036,"전문가들은 무순위청약제도도입 취지에 맞게 제도를 개선해야한다는 점에서는 공감하고 있다. 그러나 청약자격제한이 미분양 문제를 발생시킬 수 있어 구체적으로 청약 단계별 세분화가 필요하다는 의견도 있다. 권대중 서강대 일반대학원 부동산학과 교수는 ""본래의 무순위 청약 취지에 따라 무주택자가...",
대출 규제,토허제·대출규제 '무풍지대'…꼬마빌딩 대신 초고가 아파트 산다,https://www.sedaily.com/NewsView/2GQF6PWYAI,이에 따라 토지거래허가구역 재지정과대출 규제에도 초고가 아파트는 무풍지대라는 평가도 나온다. 28일 국토교통부 실거래가 공개시스템에 따르면 지난해 매매 금액 50억 원 이상 서울 아파트 거래는 총 414건으로 전년(170건) 대비 2.4배가량 증가했다. 같은 기간 100억 원 이상 거래도 6건에서 23건으로 4배...,
대출 규제,"김병환, ‘가계대출 규제 오락가락’ 지적에 “정책 추진 중 불가피한 현상…비판 감내”",https://biz.chosun.com/stock/finance/2025/03/26/5RU7SMZVBFHM7KDCXZNAW2BY6U/?utm_source=naver&utm_medium=original&utm_campaign=biz,김병환 금융위원장이 ‘금융 당국의 최근 가계대출 규제가 일관성 없다’는 지적에 대해 “정책 목표 달성을 위해 불가피한 측면이 있다”며 “비판을 감내하고 있다”고 26일 밝혔다. 김 위원장은 이날 오전 정부서울청사에서 열린 기자간담회에 나와 이같이 말했다. 김 위원장은 “금융 당국의 가계대출...,
대출 규제,가계 대출 빗장 열었다 닫았다… 땜질식 규제에 소비자 혼란,https://www.chosun.com/economy/stock-finance/2025/03/24/JLZW2XPQU5BSDEAWQZMJYM4TTE/?utm_source=naver&utm_medium=referral&utm_campaign=naver-news,"대출금리를 낮추라는 금융 당국 압박에 연초 금리를 내리고대출 규제를 풀었던 은행들은 다시 대출을 조이고 있다. 은행들은 재개했던 전세 대출을 한 달 만에 다시 중단하겠다고 나서는가 하면, 수도권 주택 보유자에게도 대출을 내줬던 은행도 한 달 만에 다시 대출 문을 걸어 잠갔다. 땜질식 규제에...",
대출 규제,제각각 누더기 대출규제에 은행·소비자 '대혼란',http://news.bizwatch.co.kr/article/finance/2025/03/24/0042,"그러나 토허제 재지정에 따른 당국이 '자율관리'(대출관리 강화) 주문에 문턱을 다시 높이고 있다.▷관련기사 : 이랬다 저랬다대출규제, 은행권 혼란…대출금리 오를라(3월21일) ""대출금리를 낮출 때가 됐다""며 은행권을 압박하던 금융당국이 태세전환에 나서면서 은행권은 물론 대출 실수요자들도 혼란을...",
대출 규제,"""대출관리 강화"" 당국 주문에…은행권, 즉각 대출제한 강화 검토",https://www.hankyung.com/article/202503194766i,"박상우 국토부 장관은 이날 브리핑을 열고 ""주택시장 과열을 방지하기 위해 주택담보대출을 포함한 가계대출총량 관리를 더욱 강화하겠다""며 ""금융권 자율규제를 바탕으로 다주택자, 갭투자와 관련한 가계대출을 금융권이 보다 엄격히 관리할 수 있도록 하겠다 ""고 말했다. 정부는 특히 최근 주택 가격이...",
대출 규제,"'땜질식' 규제에 은행 가계대출 조건 복잡…""풀었다 조였다""",https://www.yna.co.kr/view/AKR20250322045500002?input=1195m,어느 동네냐 집 몇채냐 따라 은행 대출 가능 여부·한도 등 천차만별 연초 대출 문턱 낮추고 석달만에 다시 높여…한 달 만에 바꾸기도 신호경 한지훈 민선희 기자 = 가계대출 규제가 땜질식으로 되풀이되면서 은행별 주택담보대출과 전세자금대출 조건이 매우 복잡해졌다. 은행들은 올해 들어 대출...,
대출 규제,토허제 확대·대출 규제 강화에 혼란… 대출 막힐까 계약 포기도,http://www.segye.com/newsView/20250323509424?OutUrl=naver,연합뉴스 일선 중개업소에는 지난달 ‘잠삼대청’(잠실·삼성·대치·청담동) 토지거래허가구역 해제에 따른 기대감에 집을 샀다가 돌연 나온대출규제강화책에 대출이 막힐까 봐 걱정하는 계약자들의 문의 전화가 주말까지 빗발친 것으로 전해졌다. 중개업소는 또 허가구역 지정 전에 집을 팔려는...,
대출 규제,시중은행 대출 규제 강화,https://www.newspim.com/news/view/20250324000980,지난달 은행 가계대출잔액이 1143조 7000억원으로 집계돼 역대 최대 규모를 경신한 가운데 금융당국은 오는 25일 주요 시중은행을 소집해 토지거래허가구역 재지정 이후 가계대출동향을 점검하고 추가 대책이 필요한지 논의할 예정이다. 사진은 24일 서울의 한 시중 은행에 게시된...,
대출 규제,"저축은행, 사잇돌·햇살론 인센티브…비대면대출 영업규제 낮춘다",http://news.mt.co.kr/mtview.php?no=2025032009172672518,영업구역 밖에서 취급한 비대면 개인신용대출의 50%를 총여신에서 제외하는 방식이다. 의무여신비율규제의 분모(총여신)가 줄어들면서규제가 대폭 완화되는 셈이다. 최근 저축은행의 비대면 취급 비중 증가로 영업구역 밖 차주의대출수요가 확대되는 점을 감안했다. 중소형 저축은행의 미흡한 신용평가...,
대출 규제,"IPO 앞둔 케이뱅크, 총량 규제 가계대출보다 기업대출에 집중한다",https://zdnet.co.kr/view/?no=20250318105139,"이어 그는 ""IPO위해서 개인과 기업금융이 고르게 성장하는 모습을 보여주고 싶지만 개인대비 기업서 차지하는 비중이 작아서 더 노력할 것""이라며 ""총량규제가 강하게 들어와서 개인 부문대출을 강하게 늘릴 수 있는 상황이 아니라 기업대출을 보고 있고, 올해 기업대출공급액 목표는 2조원 이상""이라고...",
대출 규제,"이랬다 저랬다 대출규제, 은행권 혼란…대출금리 오를라",http://news.bizwatch.co.kr/article/finance/2025/03/20/0040,정부가 토지거래허가구역(토허제) 해제와 재지정이라는 오락가락 정책에 더해 추가적인 가계대출 규제가능성을 내비치면서 은행권이 난색을 표하고 있다. 지난달 금융당국은 한국은행 기준금리 인하를 은행권 대출금리에 반영하도록 압박하며 가계대출 수요를 자극했다. 이번엔 강남 집값 상승을 이유로 대출...,
대출 규제,[열린송현] 유연한 주택 대출 규제 필요하다,https://www.sedaily.com/NewsView/2GQDB56C6Z,"지방 미분양주택에 대한 한국토지주택공사(LH)의 직접매입 등 지원책이 발표됐지만, 기대했던 수요자대출규제완화는 지방에 한정해 실효성이 크지 않다는 평가를 받고 있다. 현재 주택시장의 상황을 보면 좀 더 적극적인 정책이 필요하다. 안정적으로 유지됐던 미분양물량은 2021년 1만 7710가구에서 2024년 말...",
대출 규제,"""집 있으면 '토허제' 지역서 대출 제한""…우리은행, 추가 규제",https://biz.sbs.co.kr/article_hub/20000224062?division=NAVER,"서울시는 오는 24일부터 강남 3구와 용산구를 토지거래허가구역으로 지정하기로 했습니다. 이는 지난달 강남권 일부 지역을 토지거래허가구역에서 해제하겠다고 발표한 후 집값이 요동치자 나온 대책으로, 은행권도 당국의 조치에 발맞춰대출추가규제를 내놓고 있습니다.",
대출 규제,"위기의 저축은행…금융당국, M&A 규제 풀고 중금리 대출에 인센티브",https://www.hankookilbo.com/News/Read/A2025032010030003314?did=NA,"금융당국이 저축은행업권에 대한 인수합병(M&A)규제를 한시적으로 풀고, 중금리대출을 활성화하기 위한 인센티브를 주기로 했다. 부동산 프로젝트 파이낸싱(PF) 부실 여파로 저축은행업권의 건전성이 크게 악화하면서 기능 수행에 어려움을 겪고 있기 때문이다. 김병환 금융위원장은 20일...",
대출 규제,"토허제 풀리자 대출 수요↑...은행권, 대출 규제 카드 '만지작'",http://www.fnnews.com/news/202503181409364672,"묘'를 강조한 만큼 다른 은행들도 가계부채 관리를 위해 여러 카드를 고심 중이다. 가계대출증가세가 재차 가팔라지면 은행별로 추가 핀셋규제가 나올 전망이다. 한 시중은행 관계자는 ""아직 증가폭이 크진 않지만, 당국에서 선제적인 대응을 요구한 만큼 추가 조치들에 대해 고민하고 있다""고 전했다.",
대출 규제,부동산 규제에 은행도 움찔…대출 중단 확산,https://news.mtn.co.kr/news-detail/2025032016413288476,신한은행과 KB국민은행은 이미 강화된대출 규제를 적용하고 있는 만큼 서울과 수도권 지역 가계대출 추이를 살피며 추가 대응을 검토한다는 입장입니다. 더구나 오는 7월부터는 가장 강력한 3단계 스트레스 DSR(총부채원리금상환비율) 규제까지 시행될 예정이어서 실수요자들도 대출한도가 줄어들 가능성이...,
대출 규제,오락가락 가계대출 조건·규제… 소비자 혼란 가중,https://www.dt.co.kr/contents.html?article_no=2025032002109963033015&ref=naver,"하지만 은행마다대출규제가 달라 상담을 받는 고객들은 늘어난 것으로 나타났다. 금융권 관계자는 ""상담을 받으러 오는 고객들이 증가했다. 특히 서초구는 하루에 2, 3번씩 방문하는 고객들이 있는 만큼 상담이 늘었다. 하지만 대출 접수 건수로 이어지지 않는 경우가 다수였다""고 말했다. 강남, 서초구 대비...",
대출 규제,규제완화·금리인하에 '영끌' 꿈틀…5대은행 신규 주담대 34%↑,https://www.yna.co.kr/view/AKR20250308053400002?input=1195m,"A 은행 서울 여의도 한 지점 관계자는 ""올해 들어, 특히 2월부터 실제 대출 받는 사람이 증가했고, 주택구입자금 대출을 문의하는 사람도 크게 늘었다""며 ""주로 금리 인하 폭,대출 규제완화로 원리금이 얼마나 줄어들 수 있는지 등을 문의한다""고 전했다. B 은행 서울 성동구 한 지점 관계자도 ""토지거래허가제...",
대출 규제,규제 풀자 폭증한 주담대…시험대 오른 가계대출 관리,http://www.edaily.co.kr/news/newspath.asp?newsid=04103286642102664,기존 1억원이던 수도권 생활안정자금 대출 한도를 2억원으로 확대하는 등 일부대출 규제를 완화했다. 수협·신협중앙회 역시 올해 1월부터 다주택자 대상 일부 대출 제한을 해제했다. 수협중앙회는 다주택자의 수도권 신규 주담대 취급 제한을 완화했고 신협중앙회는 다주택자 생활안정자금 한도를 기존 1억...,
대출 규제,"SC제일은행, 다주택자 주담대 제한…대출 규제 강화",https://www.etoday.co.kr/news/view/2454012,"이투데이=정상원 기자 | 토지거래허가구역 해제 여파로 서울 집값이 들썩이자 은행권이 다시대출 규제에 나섰다. 19일 금융권에 따르면 SC제일은행은 26일부터 다주택자(2주택 이상)에 대한 생활안정자금 목적의 주택담보대출을 중단한다. 다주택자 대상 대환대출, 추가 주담대도 중단한다. 역전세용...",
대출 규제,"은행권, 가계대출 조인다…금융당국, 자율 규제 강화 당부",https://www.polinews.co.kr/news/articleView.html?idxno=686362,"금융당국이 은행권에 자율적으로 가계대출 관리 강화를 당부하자 은행들이 가계대출 규제방안을 내놓고 있다. 21일 금융권에 따르면, 국내 시중은행들이 다주택자에 대한 주택담보대출 제한 방안을 내놓고 있다. 최근 강남 3구를 비롯한 서울 및 수도권 지역의 집값 과열 양상이 보이자 금융당국이 은행권에...",
대출 규제,"전세대출 규제 풀었던 농협은행, 2개월 만에 '서울지역' 핀셋 규제",http://news.mt.co.kr/mtview.php?no=2025031714501276888,농협은행의 행보는 새해 들어대출 규제를 완화하던 은행권의 움직임과 대조된다. 주요 은행은 지난해 하반기 주택담보대출과 신용대출 취급 문턱을 높였으나 새해 이후에는 각종 규제를 풀고 대출금리를 낮췄다. 농협은행도 지난해 12월30일 이후 3차례에 걸쳐대출 규제를 완화했다. 지난해 12월30일에는...,
대출 규제,토허제·대출 규제 ‘이중 압박’… 부동산 시장 ‘패닉’,https://www.viva100.com/article/20250323500414,"정부와 서울시가 아파트값 상승 확산세를 막기 위해 24일부터 토지거래허가구역을 강남3구와 용산구 아파트로 확대하고, 1주택 이상 보유자와 조건부 전세대출 등의대출 규제를 다시 강화하기로 하면서 시장이 대혼란을 겪고 있다.대출 규제가 강화되면서 시장 전반에 불확실성이 커졌고, 계약을 취소하거나...",
대출 규제,“집값 상승세 못 막는다”…토허제 재지정·대출규제 완화에도 경인지역 ‘들썩’,https://www.etoday.co.kr/news/view/2455322,"규제시행으로대출규모가 줄어들기 전에 미리대출받으려는 수요가 한꺼번에 몰릴 수 있기 때문이다. 정부의 강남 3구와 용산구 토허제 지정으로 투자 수요가규제지역 대신 서울 성동구와 마포구, 강동구 지역에 이어 경인지역 핵심지로 옮겨가는 ‘풍선효과’ 발생 가능성도 커졌다. 실제로...",
대출 규제,가계대출 정책도 뒤집은 정부 은행에 다시 대출 규제해달라,http://www.smedaily.co.kr/news/articleView.html?idxno=320824,"이어 ""시장 과열 상태를 안정적으로 관리하기 위해 한시적으로대출 규제조치를 시행해달라""고 협조를 구하면서 ""당분간 가계대출 가산금리 인하 요청은 없을 것""이라고 덧붙였다. 이런 발언은 앞서 김병환 금융위원장이나 이복현 금융감독원장의 은행권 가계대출 금리 인하 압박과 상충된 것이다. 지난달...",
대출 규제,'국민평형' 서울 84㎡ 아파트값도 오름세…대출 규제 강화 전 매입 수요↑,https://economist.co.kr/article/view/ecn202503170011,"더욱이 오는 7월 DSR 3단계 시행을 앞두고대출 규제가 강화되기 전 유리한 조건에서 주택을 매입하려는 수요가 선제적으로 시장에 유입되는 모습이다. 김은선 직방 빅데이터랩장은 다만 ""서울 외곽 지역에서도 하락 매물이 소진되며 일부 가격 상승이 나타나고 있지만, 아직 적극적인 추격 매수세가...",
대출 규제,서울 주택 구입 깐깐해진다...신규대출 규제 강화,https://www.ytn.co.kr/_ln/0102_202503202249346539,"주택담보대출을 내주지 않기로 했습니다. 하나은행은 최근 서울의 주택가격과 거래량이 급증한 가운데, 갭 투자를 막고 실수요자를 보호하기 위한 조치라고 설명했습니다. SC제일은행도 오는 26일부터 2주택 이상 보유자의 생활안정자금대출과 타 은행 대환대출등을 제한하기로 했습니다. SC제일은행은...",
대출 규제,[집중진단] 제각각 대출규제 은행·소비자 '대혼란'…정부 방안은?,https://biz.sbs.co.kr/article_hub/20000224996?division=NAVER,부당대출사건이 고객들을 실망시키고 있습니다. 은행들이 이자 장사로 돈을 쉽게 번다는 비판 속에 은행원들은 짬짜미로 고객 돈을 부당하게... 그간 집값이 오르지도 않았는데규제됐기 때문인데요. 어떻게 해야 할까요? (자세한 내용은 동영상을 시청하시기 바랍니다.),
대출 규제,"정부, 디딤돌 대출도 규제...수도권 우대금리 폐지",https://www.ntoday.co.kr/news/articleView.html?idxno=114151,"[사진=뉴시스] 정부의 부동산 시장 안정화 방안의 일환으로대출 규제방침을 발표한 가운데, 디딤돌 대출까지 압박에 나섰다. 21일 업계에 따르면 주택도시보증공사(이하 HUG)는 오는 24일부터 수도권의 신규 분양 주택을 담보로 디딤돌 대출을 신청하는 경우 0.1%P의 우대금리 혜택을 폐지하는 방침을 4대...",
대출 규제,"정부, 서울 주택시장 과열 대응…토허제 재가동·대출규제 강화",https://www.ebn.co.kr/news/articleView.html?idxno=1655588,"강남·서초·송파·용산구 전역을 토지거래허가구역으로 재지정하는 한편,대출 규제강화, 부동산 거래질서 확립 등을 병행해 시장 안정에 나설 방침이다. 국토교통부는 19일 서울특별시와 기획재정부, 금융위원회, 한국은행, 금융감독원 등 관계 부처와 정부서울청사에서 회의를 열고 이같은 방안을 내놨다....",
대출 규제,전문가 10명 중 6명 “올해 집값 하락”…관건은 ‘대출규제’ 파급력,https://www.khan.co.kr/article/202503161538001,보고서는 올해 주택시장의 핵심 변수로 ‘금리인하’와 ‘대출규제’를 꼽았다. 다만 기준금리 추가인하보다는대출규제강화가 단기적으로 더 큰 영향을 줄 것으로 내다봤다. 오는 7월로 예정된 스트레스 DSR 3단계 시행이 매수 수요가 위축되는 직접적인 요인으로 작용할 수 있다는 것이다. 보고서는 “이...,
대출 규제,"정치권선 대출규제 풀라는데 당국 ""글쎄""",http://www.m-i.kr/news/articleView.html?idxno=1219911,여당인 국민의힘이 지방 미분양 문제를 해결하기 위해대출 규제완화를 요청했지만 금융당국은 반대 의지를 보이고 있다. 사진=연합뉴스 매일일보 = 이재형 기자 | 여당인 국민의힘이 지방 미분양 문제를 해결하기 위해대출 규제완화를 요청했지만 금융당국은 반대 의지를 보이고 있어 진통이 예상된다....,
대출 규제,금융당국 “강남 3구 등 대출 ‘핀셋 관리’”…추가 규제 가능성도,https://www.joongang.co.kr/article/25320965,하지만 현재 집값 상승이 서울 일부 지역에서 나타나고 있고 지방 부동산은 침체 징후가 뚜렷하기 때문에 금융당국 차원에서대출 규제가 더 강화되긴 힘들어 보인다. 한편 이날 국제금융협회(IIF)의 ‘세계 부채 보고서’ 따르면 지난해 4분기 기준 한국 국내총생산(GDP) 대비 가계부채 비율은 91.7%로 조사...,
대출 규제,"EU, 재무장을 '바이 유러피안' 기회로…규제 줄이고 236조 대출",https://www.yna.co.kr/view/AKR20250309051100098?input=1195m,"특히 8천억 유로 가운데 EU 예산이 직접 활용될 1천500억 유로(약 236조원)의 무기 공동자금대출금과 관련해 '유럽산 한정' 방침을 분명히 했다.... 폰데어라이엔 집행위원장은 ""이달 중 방위산업 부문을 포함해 산업계규제를 간소화하기 위한 '옴니버스 패키지'를 추가로 발표할 계획""이라고 말했다. 앞서...",
대출 규제,"금리인하에 총량규제 겹쳐…""대출 막차 타자"" 수요 몰려",https://www.sedaily.com/NewsView/2GQ7U5VIAH,구체적으로 △토지거래허가구역 해제 △신학기 이사 수요 △주담대 금리 인하 △대출총량규제및 총부채원리금상환비율(DSR) 확대 적용에 따른 선수요 등이다. 실제로 토허제 완화가 영향을 줬을 것이라는 데는 금융위원회와 한국은행의 판단이 같다. 금융위는 12일 토허제규제완화가 가계대출에 영향을...,
대출 규제,"""4월이 고비""…금융당국, 가계대출 추가 규제 방법은",https://news.einfomax.co.kr/news/articleView.html?idxno=4347419,"금융당국은 이를 통해서도 대출 증가세를 잡지 못한다고 판단될 경우 이르면 5월 중 추가적인대출 규제를 내놓을 방침이다. 권대영 금융위 사무처장은 ""3월 주담대는 2월 대출의 절반 수준이라 일단 안정적인 모습""이라면서도 ""1단계 조치를 하고도 잘 안되면 추가적인 강력한 대출 억제 정책을 시행할...",
대출 규제,"정부, 강남3구發 서울 부동산 급등에 긴급 대책… 토지거래허가구역 확대·대출 규제 강화",https://www.donga.com/news/Economy/article/all/20250319/131236624/1,"정부 “기준금리 인하에도대출 규제강화” 정부는 최근 기준금리가 2.75%까지 인하되면서 대출 부담이 줄어들고 유동성이 증가한 것이 부동산 시장 상승세를 부추긴 원인 중 하나로 지목했다. 이에 정부는 주택담보대출(주담대) 및 전세대출에 대한 점검을 강화하고, 금융권의 자율 관리 방안을 추진할...",
대출 규제,수도권 대출규제 재점화에 지방 부동산은 '예의주시',https://www.cctoday.co.kr/news/articleView.html?idxno=2209529,"토지거래허가제 해제·재지정 금융권대출 규제강화 수도권 다주택자대출규제, 금리 규제 등 예고 나서 비수도권 규제 완화 초점에 반사이익 기대감 보여 [충청투데이 ] '지방 주택 다주택자 중과세 폐지', '기금대출 금리 차등화' 등 지방 부동산 시장의 경기부양을 위한 규제완화가 본격화되면서 지역에서는...",
대출 규제,규제 풀며 금리 낮추고 대출 줄여라?…은행만 압박하는 당국,https://www.sisajournal.com/news/articleView.html?idxno=326587,2단계 스트레스 DSR은 기존보다 더 강화된 한도로 적용되는대출 규제다. 당시 정부는 부동산 프로젝트파이낸싱(PF) 연착륙을 위해 규제 시행을 미룬다는 입장이었다. 하지만 이 결정으로 대출 막차 수요가 몰리면서 그 해 7월과 8월 가계부채는 15조원 가까이 늘었다. 결국 하반기 들어 가계부채가 눈덩이처럼...,
대출 규제,"대출 규제 속에서도 강화되는 상급지의 가치, 강남·여의도 신고가 랠리 속 브라이튼 여의도 주목",http://www.fnnews.com/news/202503240958554578,정부의 잇따른대출규제와 대내외 불안정한 시장 환경 속 ‘똘똘한 한 채’가 주목받자 수요자들의 선택이 높은 안정성을 갖춘 지역에 쏠리고 있는 것. 실제 통계에서도 확인할 수 있다. KB부동산 통계를 보면 2월 서울 아파트 5분위 배율은 5.6으로 통계 작성 이후 최대치를 기록했다. 이는 고가 아파트 1채...,
대출 규제,"""정부 대출 규제, 젊은세대 불평등 인식 더 악화시켜""",https://view.asiae.co.kr/article/2025031418364851013,가계대출 증가를 막기 위한 정부의대출 규제가 젊은층의 상대적 박탈감을 키워 불평등에 대한 인식을 악화시키고 있다는 주장이 나왔다. 이윤수 서강대 경제학부 교수는 14일 오후 서강대 게페르트남덕우경제관에서 열린 '한국의 양극화 극복의 모색' 세미나 주제 발표를 통해 이 같은 견해를 밝혔다. 이 교수는...,
대출 규제,토허제 확대ㆍ대출규제 3ㆍ19대책 후폭풍… 주택시장 대혼란,https://www.dnews.co.kr/uhtml/view.jsp?idxno=202503231618201610214,갑작스런 시중은행대출규제에 발동동… 계약포기도 정책대출도 강화 움직임에 비강남 실수요자도 불안 2∼4억 낮춘 급매물 나오자 막차타기 수요 잇단 거래 [대한경제=이종호ㆍ임성엽 기자] 주택시장이 3ㆍ19 대책 후폭풍에 시달리고 있다. 24일부터 △강남3구와 용산구 아파트 토지거래허가구역(토허제) 확대...,
대출 규제,[부동산 트렌드] 분양가 상승·공급 부족에 대출규제까지,http://www.sisacast.kr/news/articleView.html?idxno=70643,"여기에대출규제3단계가 예고돼 있는 것도 부담이다. 인건비 등 공사비가 오르면서 아파트 분양가는 지속해서 오르고 있다. 한국건설연구원에 따르면 공사비지수는 2020년 이후 꾸준히 상승해 지난해 11월 기준 130.26으로, 2020년 기준치(100) 대비 30% 이상 올랐다. ■ 분양가 상승 속 공급 감소 전망...",
대출 규제,금리 내리고 대출규제 조이고 … '엇박자' 정책 속 불붙은 집값,https://biz.newdaily.co.kr/site/data/html/2025/03/18/2025031800144.html,"대치동 인근 P공인중개사무소 관계자도 ""솔직히 예상하지 못한 상황이다""며 ""정부가대출규제에 나서면서 반대로 금리는 내리고 토허제를 해제할 거라고는 생각하지 못했다""고 말했다. 이어 ""시장에는 하반기 전 타이밍을 잡자는 움직임이 커서 오히려 상반기 집값 상승이 더 두드러질 것으로 보인다""고...",
대출 규제,"[천지일보 사설] 제2금융권 연체율 급등, DSR 규제는 신중해야 한다",https://www.newscj.com/news/articleView.html?idxno=3250559,정부는대출 규제를 확대하기보다는 시장경제의 원리에 맡기고 금융시장의 자율조정 기능을 존중해야 한다. DSR 규제는 이미 대출시장에 큰 영향을 미치고 있다. 제1금융권뿐만 아니라 제2금융권까지 규제가 확대되면 신용등급이 낮거나 담보가 부족한 차주들은 합법적인 금융시장 접근이 더욱 어려워질...,
대출 규제,DSR 규제 강화… 1억원 미만 대출 때도 소득 따진다,https://www.kmib.co.kr/article/view.asp?arcid=1740646232&code=11151300&cp=nv,"기존엔 1억원 미만, 중도금·이주비에 해당하는대출등은 DSR규제에 포함되지 않아 차주의 소득 대비 과도한 규모의대출이 나갔다는 게 당국 판단이다. 금융위 관계자는 “모든대출을 포함해 DSR을 산출해보니 터무니없이 큰 수치가 나왔다”며 “아무리규제대상이 아니라도 은행 차원에서 제대로 소득...",
대출 규제,금리 내리고 규제 풀리자 가계대출 다시 늘었다…2월 한 달간 4.3조↑,https://biz.heraldcorp.com/article/10439681?ref=naver,금융권이 연초 새로운 경영목표 아래 가계대출취급을 본격적으로 재개한 가운데 금리 인하와규제완화에 신학기 이사수요 등이 겹친 영향으로 풀이된다. 12일 금융위원회에 따르면 올해 2월 전 금융권 가계대출은 4조3000억원 늘어난 것으로 잠정 집계됐다. 지난 1월 가계대출이 9000억원 줄며 감소세로...,
대출 규제,"與, ""지방 건설사 줄도산…DSR 대출 규제 과감히 완화해야”",http://www.kookje.co.kr/news2011/asp/newsbody.asp?code=0100&key=20250311.99099002836,국민의힘 김상훈 정책위의장은 11일 “비수도권 미분양 사태 해결 등을 위해서라도 DSR(총부채원리금상환비율)대출 규제를 과감히 완화할 때가 됐다”고 말했다. 김 의장은 이날 국회에서 열린 원내대책회의에서 “국토교통부와 금융위 등 관계부처에서는 건설산업의 심각한 상황을 비춰봤을 때 몸사리기에...,
대출 규제,‘숨은 진주 찾기’ 저평가 지역 재조명...대출 규제·분양가 상승에 실수요 이동,https://www.viva100.com/article/20250319501034,"분양가 상승과대출 규제로 인해 매수 심리가 위축되자, 기존 인기 지역의 생활권을 누릴 수 있으면서 합리적인 가격과 미래가치를 갖춘 지역에 수요가 몰리는 모습이다. 19일 업계에 따르면, 전문가들은 일부 저평가된 지역의 중장기적 가치 상승 가능성이 높다고 분석하고 있다. 같은 생활권 내에서도...",
대출 규제,서민금융 키우라더니… 대출 총량 규제에 발묶인 저축은행,http://www.fnnews.com/news/202503101806203425,대출총량규제에 중금리대출이 포함되면서 서민금융 확대에 차질을 빚을 수 있다는 우려가 나온다. 10일 저축은행중앙회에 따르면 지난해 저축은행업계가 취급한 민간중금리대출총액은 9조4920억원으로 집계됐다. 2023년에 취급했던 규모(6조1598억원)와 비교하면 54.10%가 증가한 수치다. 민간중금리대출은...,
주택 공급,도심 주택 공급 시급한데…국회 문턱 못 넘는 재건축 대책,https://news.tvchosun.com/site/data/html_dir/2025/03/29/2025032990143.html,"공사비 상승으로 사업성이 떨어지면서주택 공급에 필요한 재건축 재개발 사업이 좀처럼 속도를 내지 못하고 있습니다. 정부의 대책도 국회 문턱을 넘지 못하고 있어, 공급 절벽이 우려된다는 지적이 나옵니다. 고희동 기자입니다. [리포트] 지난해 정부는주택 공급이 부족하단 지적이 잇따르자, 재건축 재개발...",
주택 공급,'전북형 반할주택' 청년·신혼부부에 파격 공급 본격 나선다,https://www.newsis.com/view/NISX20250327_0003115846,"청년과 신혼부부의 주거 불안 해소와 저출생 문제 대응을 위한 전북특별자치도의 파격 지원정책인 '전북형 반할주택'공급이 본격화한다. 27일 전북자치도에 따르면 '반할주택'은 임대료가 반값인 데다, 각종 혜택이 좋아서 ‘반할 수밖에 없는 주택’이라는 의미를 담고 있다. 특히 기존의 다자녀 중심 주거...",
주택 공급,"보훈부 ""산불 피해 국가유공자에 재해위로금·주택 우선공급""",https://www.yna.co.kr/view/AKR20250328025700504?input=1195m,"국가보훈부는 경북·경남 대형 산불로 피해를 본 국가유공자 등을 위해 재해위로금과주택우선공급등의 지원에 나선다고 28일 밝혔다. 보훈부는 산불로 인명 또는주택피해를 본 국가유공자와 선순위 유족에게 최대 500만 원, 기타 재산 피해의 경우 최대 50만 원의 재해위로금을 지원한다. 재해위로금 지급...",
주택 공급,영등포 양남시장 주상복합 탈바꿈…공공임대주택·상가 공급,https://www.etoday.co.kr/news/view/2456852,"김창규 서울시 균형발전본부장은 ""긴급 정비가 필요한 노후시장 정비를 신속히 추진하는 동시에 민간과 공공이 지역 경제 활성화를 함께 이끄는 모델을 실현했다""며 ""앞으로도 공공지원임대주택·상가공급등 공적 역할 수행을 통해 지역 주민의 삶의 질 향상에 힘쓰겠다""고 말했다. 서울시는 서대문구...",
주택 공급,"경북도 ""산불 피해, 5개 시·군 27만여명에 1인당 30만원 지원…신규 마을 조성·주택 공급",https://www.kwnews.co.kr/page/view/2025032810124579312,"장기적으로 피해지에 신규로 마을을 만들고,주택을공급한다는 방침이다. 이와함께 산불 피해 의성, 안동, 영덕, 영양, 청송 5개 시·군 27만여명에는 1인당 30만원을 지급하기로 했다. 긴급재난지원금을 우선 지원하고 중앙정부 차원에서도 대책을 마련할 것을 요청하기로 했다. 도는 이번 대형 산불과 같은...",
주택 공급,"LH, 천안직산 공공지원 민간임대주택 공급촉진지구 사업추진 발판 마련",https://www.gukjenews.com/news/articleView.html?idxno=3235988,"한국토지주택공사 대전충남지역본부는 천안시 서북구 업성동, 직산읍 일원에 위치한 천안직산 공공지원민간임대주택 공급촉진지구가 28일 국토교통부의 지구계획승인 고시를 완료하며 본격적인 사업추진 발판을 마련 했다고 밝혔다. 한국토지주택공사 대전충남지역본부는 천안시 서북구 업성동, 직산읍...",
주택 공급,"""신혼·출산가구 주택공급 확대한다""…분양주택 청약요건도 완화",https://economist.co.kr/article/view/ecn202503260027,정부가 신혼가구 등의주택공급을 확대하기 위한 행정규칙 개정안이 이달 하순부터 시행한다. 국토교통부는 신혼·출산가구에 대한주택공급을 확대하고 주거지원을 강화하는 내용의 '주택공급에 관한 규칙' 및 '공공주택 특별법 시행규칙'과 행정규칙 개정안을 오는 31일부터 시행한다고 26일 밝혔다. 이번...,
주택 공급,"LH, 올해 토지 1721필지·분양주택 2만 745호 공급",https://www.busan.com/view/busan/view.php?code=2025032409331428291,"한국토지주택공사(LH)는 오는 28일 경기도 성남에 있는 LH 경기남부지역본부 1층 대강당에서 ‘2025년 토지·주택 공급계획 설명회‘를 개최한다고 24일 밝혔다. 이 설명회는 올해 LH의 연간 토지·주택 공급물량과 공급 시기 등을 한눈에 파악할 수 있는 자리로, 매년 기업 고객과 개인 실수요자들의...",
주택 공급,"LG엔솔, 델타와 美 주택용 ESS 공략…1조 규모 LFP 공급",https://www.etnews.com/20250326000083,LG에너지솔루션은 25일(현지시간) 델타일렉트로닉스와 전략적 파트너십을 체결하고 2030년까지 5년간 총 4기가와트시(GWh) 규모주택용 ESS 배터리를공급한다고 밝혔다. 이는 약 40만가구(4인 기준) 이상이 하루 동안 사용할 수 있는 전력량이다. 구체적인 계약 금액은 공개하지 않았지만 ESS용 배터리...,
주택 공급,"LG엔솔, 델타 일렉트로닉스와 美 주택용 ESS 공급",http://www.segye.com/newsView/20250326517131?OutUrl=naver,이번에공급하기로 한주택용 ESS 배터리는 모두 미국 현지에서 생산할 예정이다. 델타 일렉트로닉스와 협약을 체결하는 데에는 현지 생산 역량에 대한 호평이 주효했다. LG에너지솔루션은 미국 미시간주 홀랜드 공장에 ESS 생산라인을 갖추고 올해 하반기부터 ESS용 리튬인산철(LFP) 배터리를 생산한다....,
주택 공급,"전남개발공사, 오룡지구 도시지원시설용지·주택용지 최초 공급",https://news.mtn.co.kr/news-detail/2025032823113035178,"전남개발공사 신창석 처장은 “이번에공급되는 도시지원시설용지, 블록형단독주택용지, 연립주택용지는 지구내 부족한 도시기능을 지원하고 차별화된주택을공급하여 오룡지구가 명실상부한 주거명품 신도시로 거듭날 것으로 기대된다”고 말했다.용지입찰은 4월9일부터 2일간 온비드 입찰시스템을...",
주택 공급,신혼·출산가구 주택공급 확대…청약요건 완화,https://www.nongmin.com/article/20250327500255,신혼·출산 가구에 대한주택공급확대와 주거지원이 강화된다. 국토교통부는 이 같은 내용을 담은 ‘주택공급에 관한 규칙’ 및 ‘공공주택 특별법 시행규칙’과 행정규칙 개정안을 31일부터 시행한다고 27일 밝혔다. ◆신혼·출산 가구에 대한주택공급확대=개정안은 앞으로 2세 미만 신생아 가구는...,
주택 공급,"LG엔솔, 美 주택용 ESS 시장 공략…5년간 4GWh 배터리 공급",https://zdnet.co.kr/view/?no=20250326083927,"이번 협력을 통해 LG에너지솔루션은 2025년부터 2030년까지 5년간 총 4GWh 규모의주택용 ESS 배터리를공급할 예정이다. 이는 약 40만 가구(4인 기준) 이상이 하루 동안 사용할 수 있는 전력량이다. 향후주택용뿐만 아니라 전력망, 상업용 ESS 시장에서도 협력을 모색하기로 했다. LG에너지솔루션 김형식...",
주택 공급,"공공분양주택 일반공급 물량 50%, 신생아가구에 '우선권'",https://www.yna.co.kr/view/AKR20250326046500003?input=1195m,"국토교통부는 신혼·출산가구에 대한주택 공급을 확대하는 내용의주택 공급에 관한 규칙, '공공주택 특별법 시행규칙 및 행정규칙 개정안'을 이달 31일부터 시행한다고 26일 밝혔다. 이는 지난해 6월 정부가 발표한 '저출생 추세 반전을 위한 대책'의 후속 조치다. 정부는 우선 신혼가구와 출산가구에 더 많은...",
주택 공급,[도정소식] '전북형 반할주택' 공급 본격화 등,http://www.seoulfn.com/news/articleView.html?idxno=552490,"전북특별자치도가 청년과 신혼부부의 주거 불안을 해소하고 저출생 문제에 대응하기 위해 파격적인 주거 지원정책 '전북형 반할주택'의공급을 본격화한다. 27일 도에 따르면 '반할주택'은 임대료가 반값인 데다, 각종 혜택이 좋아서 '반할 수밖에 없는주택'이라는 의미를 담고 있다. 특히 기존의 다자녀 중심...",
주택 공급,"“토허제 실패 수습” 오세훈, 주택 공급 아닌 수요 살필 것",https://magazine.hankyung.com/business/article/202503274000b,"신 대변인은 “그동안 서울시의 주택사업 담당 인력들은주택 공급에 초점을 맞춰왔으며, 시장 반응 등 수요 측면을 면밀히 살피는 데는 부족한 면이 있었다”고 인정했다. 이에 따라 새롭게 개편될 전담 조직에는 세제·금융시장 등 거시경제적 변수를 포함해 부동산 시장을 종합적으로 분석하고 예측할 수 있는...",
주택 공급,"보훈부 ""산불 피해 국가유공자 재해위로금·주택 우선 공급""",https://www.gukjenews.com/news/articleView.html?idxno=3236521,"국제뉴스/DB 국가보훈부는 경북·경남 지역 대형 산불로 피해를 본 국가유공자 등을 위해 재해 위로금과주택우선공급등의 지원에 나선다고 28일 밝혔다. 보훈부는 산불로 생명이나 재산 피해를 본 국가유공자와 선순위 유족에게 최대 500만 원, 기타 재산 피해의 경우 최대 50만 원의 재해위로금을 지원한다....",
주택 공급,"전남개발공사, 남악 오룡지구 도시지원시설·주택용지 9필지 공급",https://www.betanews.net/article/view/beta202503280097,"블록형 단독주택용지는 아파트와 단독주택의 장점을 결합한 주거 형태로공급된다. 대금 납부는 3년 무이자 할부 조건이며, 입찰은 4월 9~10일 온비드에서 진행되고, 개찰은 4월 11일 예정이다. 오룡지구는 수변공원과 보행 중심의 도시 설계로 국토부장관상을 수상한 바 있다.",
주택 공급,"LH, '유스타트'로 자립준비청년 8000명에 임대주택 공급",https://www.hankyung.com/article/2025032692006,한국토지주택공사(LH)가 자립준비청년을 지원하는 '유스타트 프로그램'을 통해 8000여명에게 임대주택을공급했다고 26일 밝혔다. 유스타트 프로그램은 아동보호시설을 떠나 사회로 독립하는 자립준비청년이 안정적으로 사회에 정착하여 스스로 생활을 영위해 나갈 수 있도록 돕는 생활 지원 연계 종합...,
주택 공급,"LH, 28일 토지·주택 공급계획 설명회…올해 2만가구 분양",https://www.yna.co.kr/view/AKR20250324029300003?input=1195m,공동주택용지는 27필지 공급 추진 한국토지주택공사(LH)는 오는 28일 경기 성남시의 LH 경기남부지역본부에서 '2025년 토지·주택 공급계획 설명회'를 연다고 24일 밝혔다. 설명회에서는 다음 달부터 공급될 예정인 토지 총 1천721필지(375만㎡)와 분양주택 2만745호에 관해 소개한다. 토지는...,
주택 공급,"LG엔솔, 美 델타와 '40만가구' 주택용 ESS 배터리 공급",https://it.chosun.com/news/articleView.html?idxno=2023092137002,"이번 협력을 통해 LG에너지솔루션은 2025년부터 2030년까지 5년간 총 4GWh 규모의주택용 ESS 배터리를공급할 예정이다. 이는 약 40만가구(4인 기준) 이상이 하루 동안 사용할 수 있는 전력량이다. 향후주택용 뿐만 아니라 전력망, 상업용 ESS 시장에서도 협력을 모색하기로 했다. 델타 일렉트로닉스는...",
주택 공급,‘천원주택’ 공급해 신혼부부 안정적 정착 지원,https://www.donga.com/news/Economy/article/all/20250326/131281263/2,최근 전세사기 여파로 비아파트 공급이 위축된 가운데 정부가주택 공급안정화를 위해 비아파트 공급 확대 방침을 내세우며 공공 매입임대주택 공급을 가속화하고 있다. 인천도시공사(iH)는 정부 정책에 발맞춰 서민 주거 안정을 위한 맞춤형 임대주택 공급확대에 힘쓰고 있다. 특히 하루 임대료가 1000원...,
주택 공급,서울 강서구·마포구에 모아주택 2167가구 공급,https://view.asiae.co.kr/article/2025032509075238498,"이번 모아타운 지정으로 4개 모아주택사업 추진 시 기존 1150가구에서 486가구 늘어난 총 1636가구의주택 공급이 가능할 것으로 예상된다. 이번 모아타운 관리계획 수립(안)에는 사업가능구역의 용도지역 상향, 정비기반시설 확충, 모아주택 사업추진계획 및 디자인 가이드라인 등을 바탕으로 노후 저층...",
주택 공급,"출산 가구, 더 넓은 주택 더 많이 공급받는다",http://news.mt.co.kr/mtview.php?no=2025032612265642096,국토교통부는 26일 신혼·출산가구에 대한주택공급을 확대하고 주거지원을 강화하는 내용의 '주택공급에 관한 규칙' 및 '공공주택 특별법 시행규칙'과 행정규칙 개정안을 오는 31일부터 시행한다고 밝혔다. 이번 개정안은 지난해 6월 발표한 '저출생 추세 반전을 위한 대책' 이행을 위한 후속 조치다. 우선...,
주택 공급,"""내집 마련 기회 놓칠라"" LH, 연간 땅·주택공급 설명회에 뜨거운 ′열기′",https://www.newspim.com/news/view/20250328000645,"이한준 LH 사장은 ""민간의주택공급위축과 고물가 장기화로 인한 주거비 상승, 주거불안 우려를 해소할 수 있도록 충분하고 신속한주택공급에 총력을 다하고 있다""며 ""무주택 서민의 주거 안정을 위해 차질 없는주택 공급을 이어갈 것""이라고 말했다.",
주택 공급,최대 70% 저렴…청년·신혼·신생아 임대주택 4075가구 공급[집슐랭],https://www.sedaily.com/NewsView/2GQDS968GF,"시세보다 최대 70% 저렴한 청년 및 신혼·신생아 매입임대주택4000여 가구가공급된다. 국토교통부는 오는 27일부터 전국 16개 시·도에서 청년과 신혼·신생아 가구를 위한 매입임대주택입주자를 모집한다고 25일 밝혔다. 모집 규모는 청년 1776가구, 신혼·신생아 2299가구 등 총 4075가구다. 신청자 자격...",
주택 공급,"""공공기여·상가 부담 완화""…주택공급 탄력",https://www.hankyung.com/article/2025031950491,서울시가주택 공급을 활성화하기 위해 부동산 관련 규제 철폐 작업에 속도를 내고 있다. 공공기여나 상가 의무 확보 등의 부담을 덜어주고 용적률 혜택을 주는 방식으로 재정비촉진지구 사업성을 높여주기로 했다. 이를 위해 관련 규정을 18년 만에 전면 개편한다. 발코니 규제를 완화해 청년과 신혼부부가...,
주택 공급,"CA주, 건설 업체 세제 혜택 통한 주택 공급 부족 개선안 추진!",https://www.radiokorea.com/news/article.php?uid=469187,"특히, 저소득층은 물론 중산층 가정을 위한주택을 더 많이공급할 수 있는 구조를 갖고 있기 때문에 CA주의 고질적인 주거 시설공급부족 문제를 개선 시킬 수 있는 실질적인 방안이 될 것 이라며 통과의 중요성을 짚었습니다. 높은 주거 시설 가격으로 인해 CA주에서 본인 또는 가족이 소유한주택에...",
주택 공급,공공주택 공급 확대 여파…LH 부채 지난해 7.2조원 늘었다,https://www.cstimes.com/news/articleView.html?idxno=639006,"정부의 공공주택 공급확대 정책 등의 영향으로 부채가 늘어난 가운데, 올해 또한 다양한 공공주택 공급을 앞두고 있어 부채는 더 늘어날 것으로 예상된다. 27일 공공기관 경영정보 공개시스템(알리오)에 따르면 LH의 지난해 말 기준 총부채는 160조1000억원으로, 작년 152조9000억원보다 7조2000억원...",
주택 공급,장위12구역 도심 공공주택 복합지구 지정...1386가구 공급,http://www.fnnews.com/news/202503181421412598,도심 공공주택 복합사업은 선호도 높은 도심 내주택공급을 확대하기 위해 민간 정비가 어려운 노후 도심을 대상으로 공공이 주도해 용적률 등 혜택을 부여하고 신속하게 주택을 공급하는 사업이다. 이번 지정된 장위12구역은 지난 2024년 10월 10일 도심 공공주택 복합사업 예정지구로 지정된 바 있다. 이후...,
주택 공급,정비사업 수주 시장도 '양극화'… 주택 공급에 악영향,https://www.rcast.co.kr/news/articleView.html?idxno=27408,"이와 같은 수주 양극화는 원활한주택 공급을 저해하는 요인으로 지적돼 악순환이 이어지고 있다. 서울, 지방 가릴 것 없이 선별 수주로 유찰 반복 수주 양극화는 서울과 비서울, 수도권과 비수도권(지방) 등 지역적의 특수성에 따라 발생하기도 하지만 같은 서울에서도 선별 수주가 심하게 나타나고 있다. 올...",
주택 공급,[WIKI 현장] 인천영종·남양주왕숙·고양창릉…LH가 밝힌 4월 이후 주택 공급계획,http://www.wikileaks-kr.org/news/articleView.html?idxno=165959,공동주택용지 공급계획 LH(한국토지주택공사)는 28일 성남 분당에 위치한 LH 경기남부지역본부에서 '2025년 토지주택 공급계획 설명회'를 통해 연간 토지주택 공급물량과 공급 시기 등을 소개했다. 정부의 부동산 공급 계획에 맞춰 LH도 지역별 토지주택 공급을 추진한다는 계획이다. 이같은 설명회는...,
주택 공급,청년·신혼·신생아 가구에 '매입임대주택' 4075호 공급,http://www.shinailbo.co.kr/news/articleView.html?idxno=2025845,정부가 소득 여건 등을 충족한 무주택청년과 신혼·신생아 가구에 매입임대주택4075호를공급한다. 국토교통부는 오는 27일부터 청년과 신혼·신생아 가구를 위한 매입임대주택입주자를 모집한다고 25일 밝혔다. 매입임대는 LH(한국토지주택공사)와 SH(서울주택도시공사) 등이 도심 내 신축 또는 기존...,
주택 공급,"광명시 ""신혼부부·청년 감소 막자""…행복주택 126호 공급",https://www.newsis.com/view/NISX20250320_0003106140,"박승원 시장은 ""이번 공공매입 임대주택 공급으로 젊은 세대의 주거 부담을 경감하고 보다 안정적인 생활 기반을 마련하는 데 도움이 되길 바란다""며 ""앞으로도 다양한 주거 지원 정책을 마련해 시민 주거복지를 확대해 나가겠다""고 말했다.",
주택 공급,강동 상일동 학교부지에 '신혼부부 장기전세주택' 공급 추진,https://www.news1.kr/local/seoul/5730272,"서울시 관계자는 ""중학교 부지에 공공주택을 건설하려면 국토교통부로부터 변경 승인을 받아야 하고, 교육청의 협조도 필요하다""며 ""현재주택 공급계획을 추진하는 단계""라고 말했다. 한편 미리내집은 출산 또는 결혼을 준비하는 신혼부부·예비부부에게 안정적인 주거를 제공하는 서울시 저출생 극복...",
주택 공급,탄핵정국에 묻힌 '광주 주택공급 조례'… 6월 상정할 듯,https://www.newsis.com/view/NISX20250325_0003111938,광주시와 시의회가 중심상업지역주택 공급을 확대하는 조례안을 놓고 찬반 입장을 보이고 있는 가운데 6월에나 조례 공포 또는 폐기 여부가 결정될 전망이다. 25일 광주시의회에 따르면 의회는 오는 31일부터 4월14일까지 개최하는 제331회 임시회에 광주시가 재의 요구한 도시계획 조례 개정안을 상정하지...,
주택 공급,"LH, 자립준비청년 10명 중 7명에게 임대주택 공급…""유스타트 프로그램 성과 높아""",https://www.ebn.co.kr/news/articleView.html?idxno=1656623,"앞서 LH는 지난 2019년부터 연평균 약 1300명 이상, 지난해 말 기준 누적 8031명의 자립준비청년에게 임대주택을공급했다. 아동보호시설을 떠나 사회로 독립하는 자립준비청년의 수가 연 평균 약 1700명 정도인 것을 감안하면, 자립준비청년 10명 중 7명이 LH 임대주택에 입주한 셈이다. 유병용 LH...",
주택 공급,"포천시, 공급신고 없이 장기일반민간임대주택 임차인 모집 ‘불가’",https://view.asiae.co.kr/article/2025032515351461978,"시민들의 신중한 판단이 요구된다”며 “계약 전 반드시 포천시청주택과를 통해공급신고 여부를 확인해달라”고 강조했다. 한편, 장기일반민간임대주택의공급신고 여부 또는 기타 문의 사항은 포천시청주택과를 통해 확인할 수 있다.",
주택 공급,"LH, 올해 토지주택 공급 목표는 작년대비 30% 줄인 134만㎡",http://www.engdaily.com/news/articleView.html?idxno=19257,"이번 설명회는 LH의 연간 토지․주택 공급물량과 공급 시기 등을 알리기 위해 마련됐다. LH는 올해 공급되는 토지 규모는 43필지, 134만3,000㎡ 수준이 될 것이라고 밝혔다. 이는 작년 194만㎡ 토지가 공급된 것에 비해 약 30.8%가 급감한 수준으로 경제 및 정치 등 대내외 여건 악화 여파로 분석되고 있다....",
주택 공급,"HUG, 든든전세주택 입주자 모집…서울·인천·경기 500호 공급",https://www.news1.kr/local/busan-gyeongnam/5723875,든든전세주택은 HUG가 전세보증금을 대신 갚아준주택을 직접 매입해 공공임대주택으로공급하는 사업이다. 무주택가구 구성원이라면 나이·소득·자산에 관계없이 누구나 신청할 수 있다. HUG가 집주인이어서 전세금을 안전하게 돌려받을 수 있어 안심할 수 있고 최장 8년간 주변 시세 90% 수준의...,
주택 공급,"금호건설, 부산 '에코델타시티 아테라' 견본주택 열고 1025가구 공급 나서",https://www.hankyung.com/article/202503219216i,"전용 84㎡는 청약통장에 6개월 이상 가입했고, 월 납입금이 6회 이상인 부산·울산·경남의 무주택세대구성원이 1순위 청약을 할 수 있다. 전용 59㎡의 경우 구성원 전원 월평균 소득 100% 이하 등 조건을 추가로 충족해야 1순위 청약에 접수할 수 있다. 오는 31일 특별공급을 시작으로 내달 1,2일에 각각 1·2순위...",
주택 공급,지난해 민간분양 착공 23만가구뿐…주택 공급 감소 심화,https://www.hankyung.com/article/2025031665207,"주택 공급은 인허가와 착공, 분양, 입주 등의 순으로 진행된다. 착공 물량이 줄어들면 3~4년 뒤 입주 물량이 부족해진다는 의미다. 전체주택 공급시장에서 민간 분양이 다수를 차지하기에 민간 분양 물량 감소는 주택 시장에도 영향을 끼친다. 민간 아파트의 경우 올해 연간 기준으로 분양...",
주택 공급,"영덕군, 2027년까지 공공매입임대주택 30가구 공급",https://www.yna.co.kr/view/AKR20250321132900053?input=1195m,경북 영덕군은 2027년까지 경북개발공사와 함께 공공매입임대주택30가구를공급한다고 22일 밝혔다. 공공매입임대주택은 지방자치단체 등 공공주택사업자가 직접 건설하지 않고 민간 건물을 취득해 청년·신혼부부 등 취약계층에 저렴하게공급하는 집이다. 군은 경북개발공사와 이미 46가구를공급하기로...,
주택 공급,청년·신혼부부 위한 매입임대주택 4075호 공급…27일부터 모집,http://www.dailypop.kr/news/articleView.html?idxno=85923,"이번공급분 중 LH가 모집하는 청년(1,676호) 및 신혼·신생아(1,399호) 매입임대주택은 3월 27일부터 LH청약플러스 홈페이지를 통해 확인할 수 있으며, 서울주택도시공사 등 다른 기관이공급하는 1,000호는 해당 기관 홈페이지에서 확인 가능하다. 국토교통부는 이번공급을 통해 주거 불안에 놓인 청년과...",
주택 공급,전주 ‘청년만원주택’ 내놨지만···23가구 공급 그쳐 ‘좁은 문’,https://www.khan.co.kr/article/202503231317001,각 지자체들이 청년들을 위한 저렴한 임대주택 공급에 나선 가운데 전북 전주시도 월 임대료가 1만원인 ‘청춘별채’를 도입했다. 최근에는 인천광역시 등 수도권에서도 이같은 ‘초저렴’ 청년주택이 등장하면서 지방 청년인구의 유출이 심화될 수 있다는 우려도 일부 제기된다. 23일 전주시에 따르면...,
주택 공급,"부실 PF 30.9% 정리·재구조화 … ""4만9천호 주택공급 촉진 기대""",https://biz.newdaily.co.kr/site/data/html/2025/03/19/2025031900131.html,"당국은 ""4만7000호의주택공급촉진 효과가 기대된다""면서 ""잔여 사업장 정리가 진행되면 추가로 약 9만2000호의주택공급혹진에 기여할 것""이라고 전망했다. 금융권 PF대출 연체율 또한 3% 중반대를 유지하는 등 안정적으로 관리되고 있다. ◇PF대출 연체율 3.42% … ""1년간 3% 중반대로 안정 관리...",
주택 공급,"안동시, 청년·신혼부부 공공임대주택 100호 공급",http://www.segye.com/newsView/20250313504898?OutUrl=naver,시는 지난해 6월 시의회에서 신혼주택 공급및 지원 조례가 제정되자 같은해 8월에 공급을 신청했고 올해 100호의 공공임대주택 물량을 확보했다. 올해 도는 5개 시군에 250호의 공공임대주택을 공급한다. 이 중 40%에 달하는 100호의 공공임대주택을 시가 확보함에 따라 청년과 신혼부부에게 먼저 물량을...,
주택 공급,"집값 급등에…서울시, 현장점검반 투입하고 주택 공급도 늘린다",https://www.hankyung.com/article/202503144052i,"집값 안정을 위해주택 공급도 확대할 계획이다. 서울시는 14일 최근 매일 거래 및 가격 동향을 모니터링하는 한편 지난주부터 강남 3구와 마용성 등 주요 지역에 현장점검반 투입해 단속 중이라고 밝혔다. 서울시는 ""불법행위 적발 시 수사 의뢰 및 국세청 통보 등 무관용 원칙으로 강력 대응할 것...",
주택 공급,부산 첫 통합공공임대주택 1134채 공급,https://www.donga.com/news/Society/article/all/20250320/131249141/2,입주 신청은 부산도시공사 홈페이지를 통해 온라인으로 진행된다. 다만 인터넷 이용이 어려운 노인 등의 신청자는 직접 도시공사를 방문해 신청할 수 있다. 신창호 도시공사 사장은 “앞으로 실수요자를 위한 다양한주택 공급을 확대하겠다”고 말했다.,
주택 공급,"영천시, 경북개발공사와 '매입임대주택 42호 공급' MOU",https://www.newsis.com/view/NISX20250317_0003101322,"영천시는 경북개발공사와 업무협약을 맺고 지역 밀착형 매입임대주택을공급한다고 17일 밝혔다. 이날 협약식에는 최기문 시장과 이재혁 경북개발공사 사장, 이춘우 경북도의원, 김종욱 영천시의회 부의장, 관계자 등이 참석했다. 양 기관은 청년과 신혼부부에게 양질의 임대주택을공급해 주거 안정을 도울...",
재건축 완화,도심 주택 공급 시급한데…국회 문턱 못 넘는 재건축 대책,https://news.tvchosun.com/site/data/html_dir/2025/03/29/2025032990143.html,"재건축조합 관계자 ""(조합원들은) 이제 곧 신속하게 되겠거니 이제 그렇게 생각을 하죠. 그런데 실제로는 진행되는 게 더디니까 답답해들 하시죠."" 국회에서 공전하고 있는 부동산 대책은 이뿐만이 아닙니다. 3년 전 정부가 내놓은 취득세 중과완화법안은 야당 반대로 지난 국회에서 폐기됐고, 아직 재발의 되지...",
재건축 완화,"부산 남구, 준공업·준주거 건축물 높이 완화 추진",https://www.yna.co.kr/view/AKR20250328099500051?input=1195m,"올해 안에 주민 의견 청취와 구 건축위원회 심의를 거쳐 용역을 마치고, 내년 초완화하는 것을 목표로 한다. 남구는 재개발·재건축, 도로 개설 등 각종 개발사업으로 변화하는 도시환경에 맞춰 새로운 높이 기준이 필요하다는 입장이다. 남구 관계자는 ""용역을 통해 합리적 범위에서 관리 계획을 수립하고 도시...",
재건축 완화,강북 재건축 대어 '미미삼' 재건축 '시동' [현장],http://www.inews24.com/view/1828378,50%로완화돼 미미삼 아파트도 요건을 충족했다. 정비계획 입안 제안 요청 후 정비계획안이 확정되면 정비계획 및 정비구역 지정 절차를 밟는다. 이와 맞물려 재준위는 정비구역 지정 전에재건축추진위원회 설립 준비도 병행할 계획이다. 오는 6월 시행하는 '재건축패스트트랙법'에 따라 정비구역 지정...,
재건축 완화,공급 절벽 눈앞인데 ‘재건축법’은 공전만 [취재수첩],https://www.mk.co.kr/article/11269824,"이를 위해 정부가 발의한 ‘재건축법’은 정비사업 절차 간소화, 용적률 제한완화등을 통해재건축사업성을 높여 신축 공급을 촉진하는 내용을 담았다. 줄도산 위기인 건설 업계에도 숨통을 틔워줄 수 있다. 그러나 야당이 “서울·수도권 지역에만 특혜로 작용할 수 있다”며 반대 입장을 고수해...",
재건축 완화,조합 설립 앞둔 '한강뷰' 여의도 삼부아파트…시동 거는 재건축,https://www.news1.kr/realestate/general/5735532,"3㎡) 정도 이득을 보는 것에 불과하다""며 ""향후 한강 조망권으로 인한 가치 차이를 고려한다면 함께 통합방식의재건축을 진행하는 것이 주민들의 이익을 극대화하는 길""이라고 주장했다.완화된 기준에 탄력받은 조합 설립…""이익을 위해 노력"" 5월부터 개정된 도시 및 주거환경정비법이 적용돼 조합설립을...",
재건축 완화,"망우1구역·중곡아파트, 공공재건축 통해 사업성 ↑",https://www.hankyung.com/article/202503286139i,"공재건축은 열악한 사업여건, 주민 갈등 등으로 사업 진행이 어려운재건축구역에 공공이 참여하여 용적률완화등의 혜택을 통해 사업성 개선, 인허가 절차 지원을 통해 속도감 있는 사업추진, 투명성이 강화되는 정비사업이다. 망우1구역과 중곡아파트도 노후도가 높으나 사업성이 낮아 사업추진이 정체된...",
재건축 완화,한강변 정비사업 암초 '공공기여 10%룰' 이달부터 완화,http://www.fnnews.com/news/202503261834114520,서울시가 신속통합기획을 포함한재건축·재개발 정비사업에서 그동안 한강변에 일률적으로 10%를 적용하던 기부채납 등 의무 공공기여 비율을 구역에 따라완화한다. 도시규제지역 종상향시 공공기여 비율도완화하는 등 사업성 향상을 통해 공공임대주택을 포함한 주택공급 확대에 나선다는 계획이다. 26일...,
재건축 완화,'얼죽신' 이어 '얼죽재' 왔다는데…재건축 아파트 전망은 ?,http://www.m-i.kr/news/articleView.html?idxno=1221891,"정부의재건축규제완화기대감이 시장에 반영되며, 준공 30년 초과 아파트의 가격이 상승하는 등 수요자 움직임에 변화가 감지되고 있다. 정부가 아파트 공급부족을 해결하기 위해재건축아파트 안전진단완화등의 제도 카드를 내밀자 향후재건축추진이 용이하게 될 것이란 기대감이 확산되고 있다....",
재건축 완화,"현대·롯데 컨소시엄, 1.7조 망미주공 재건축 시공권 확보",https://www.nocutnews.co.kr/news/6313319?utm_source=naver&utm_medium=article&utm_campaign=20250325100831,핵심요약 부산 두 번째 규모 대형 정비사업 본궤도 진입 두 차례 유찰 끝에 조건완화로 시공사 확정 '센텀스카이' 단지명 제안…2032년 입주 목표 광안4구역도 HDC현산 단독 수주로 사업 속도 부산 연제구 연산5구역(망미주공아파트)재건축사업이 현대건설과 롯데건설 컨소시엄의 시공사 선정으로 본격...,
재건축 완화,"금호두산, 1900가구 재건축 본격 추진…종상향 통해 사업성 극대화",https://biz.heraldcorp.com/article/10448688?ref=naver,"그러나 최근 정부와 서울시의 정비사업 규제완화기조에 따라재건축으로 선회했다. 준비위는 이날 설명회에서재건축추진 관련 단지 현황과 사업 추진 계획, 질의응답(Q&A) 등을 진행했다. 준비위는 서울시의 정비사업 분야 규제철폐안 관련 실행계획을 담은 ‘2030 서울특별시 도시·주거환경정비기본계획...",
재건축 완화,"""공공기여·상가 부담 완화""…주택공급 탄력",https://www.hankyung.com/article/2025031950491,이 부담이 줄어들면재건축·재개발 사업성이 크게 향상될 가능성이 크다. 서울시가 ‘규제 철폐 1호’로 제시한 상업·준주거지역의 비주거 비율완화도 즉시 시행한다. 연면적의 20% 이상인 상업지역 상가 등 비주거 비율은 10% 이상으로완화된다. 준주거지역은 용적률의 10% 이상을 비주거 비율로 채우도록 한...,
재건축 완화,"소규모 건축, 용적률 300%까지 완화…""오류동 첫선""",https://www.hankyung.com/article/2025031795271,또 소규모재건축가능 사업지 2620곳의 용적률이 최대 50%완화되면 사업지별 비례율(개발이익률·재건축후 자산가치를 종전 자산가치로 나눈 비율)이 평균 30% 높아지고 전용면적 59㎡ 주택 9가구가 늘어나는 효과가 있을 것으로 추산했다. 자율주택정비사업은 개소별 10가구(전용 30㎡)가 증가할...,
재건축 완화,"공공기여 부담 한도 70% 이내로 완화…국토부, 지자체에 가이드라인 배포",https://biz.heraldcorp.com/article/10449160?ref=naver,"이 가이드라인은 지구단위계획구역 또는 공간혁신구역 지정으로 건축물 용도, 건축제한(건폐율, 용적률) 등이완화되는 경우에 한해서만 적용된다. 재개발·재건축사업 등 지구단위계획을 별도로 수립하지 않고, 다른 절차에 따라 함께 처리되는 의제 사업은 국토계획법상 공공기여를 적용하지 않기 때문에...",
재건축 완화,"""강남 마지막 금싸라기""…일원역 인근 저층 단지 재건축 속도",https://www.hankyung.com/article/2025031950551,재건축으로 아파트 층수를 높일 수 있다는 뜻이다. 고도 제한은 기존 75m(13층 이하)에서 층수 제한 없는 75m로완화했다. 이들 단지는 15~25층으로 탈바꿈할 것으로 전망된다. 1993년 준공된 가람·상록수아파트는 용적률이 109%로 낮은 편이어서재건축사업성이 좋은 것으로 평가받는다. 상록수아파트 뒤편에...,
재건축 완화,5월부터 조합설립 동의요건 완화… 지역 정비사업 활기 띨까,https://www.cctoday.co.kr/news/articleView.html?idxno=2209837,규정완화가 실시된다.여기에 '재건축·재개발 촉진 특례법' 제정 등 통한 추가 규제완화등도 기대되는 만큼 지역에서도 정부의 규제완화가 지역 정비사업의 활기로 이어질지 주목된다.12일 국토교통부(이하 국토부)와 한국부동산원은 코레일 대전본사에서 '주민과 소통하는 정비사업 정책설명회'를 진행했다....,
재건축 완화,[문제적 규제④] 재건축 시계 빨라지는데…제자리 걷는 리모델링,http://www.shinailbo.co.kr/news/articleView.html?idxno=2027496,"<편집자 주> 최근 몇 년 규제 개선이 대거 이뤄진재건축과 달리 리모델링 분야는 제자리걸음을 하고 있다. 사업성 향상을 위한 수직 증축 도입 후 여러... ◇ ""안전 도외시 아냐…합리적 제도 필요"" 리모델링 규제완화를 위한 움직임은 지난 21대 국회에서도 있었다. 그러나 발의된 법안들은 모두 본회의 문턱을...",
재건축 완화,남산 하얀집 '탑맨션' 재건축 나선다,http://www.smedaily.co.kr/news/articleView.html?idxno=321027,"남산 경관지역에 주거전용 1종 지역으로 그동안재건축대신 리모델링이 논의됐으나, 최근 높이 제한, 용적율, 종상향 등의재건축규제완화에 따라 소규모 주택정비법에 의한재건축을 빠르게 추진하고 있다. 탑맨션은 이 지역에 몰려있는 재벌가들의 고급주택들보다 더 높은 위치에 있고, 탁 트인 한강 전망과...",
재건축 완화,"중랑구, 망우1구역 공공재건축 정비계획변경안 고시",https://www.newsis.com/view/NISX20250321_0003107795,서울 중랑구(구청장 류경기)는 망우1구역 공공재건축정비계획변경안이 지난 20일 최종 확정·고시됐다고 21일 밝혔다. 망우1구역 공공재건축은 지난해... 사업성 보정계수 2.0을 적용받아 기존 정비계획 대비 사업성이 개선되면서 조합원 재정적 부담이완화됐다고 구는 설명했다. 공영주차장·공공청사·공공...,
재건축 완화,대치 미도 최고 50층 3914세대로… 재건축 정비계획 결정,https://www.kmib.co.kr/article/view.asp?arcid=1742107612&code=11131400&cp=nv,서울시는 14일 제2차 도시계획위원회 신속통합기획 정비사업 등 수권분과위원회에서 ‘대치미도아파트재건축사업 정비계획 결정 및 정비구역... 시는 이밖에 입간판 제작에 비철금속보다 저렴한 금속을 사용할 수 있도록 규제를완화해 소상공인의 부담을 덜어준다. 또 특수 차량을 도입해 침대형 휠체어...,
재건축 완화,분당 양지마을 재건축 ‘방관’ 논란…제 역할 안하는 ‘성남시’,https://www.kyeonggi.com/article/20250324580354,"1기 신도시재건축선도지구로 지정된 분당 양지마을이 내홍을 겪는 가운데(경기일보 21일자 8면, 22일자 10면) 성남시가재건축동의서 검토 과정에서... 이상’으로완화됐다. 이 과정에서 시는 기준 변경 사실을 주민에게 별도로 고지하지 않았다. 기존 기준으로 받은 동의서를 그대로 유효한 것으로...",
재건축 완화,‘옛 뉴타운’ 재건축·재개발때 이 규제 사라진다,https://www.mk.co.kr/article/11267738,"서울시, 재정비촉진계획 수립기준 18년만에 개편 공공기여 의무 기준 폐지 비주거비율도완화나서 서울시가 옛 뉴타운(재정비촉진사업) 재개발·재건축에서 공공기여 의무 기준을 폐지하는 등 사업성을 대폭 높인다. 19일 시는 재정비촉진사업 사업성 개선을 위해 재정비촉진지구 내 공공기여 의무 기준을...",
재건축 완화,"광명시, 재개발·재건축 아파트 인동간격 기준 완화",https://www.news1.kr/local/gyeonggi/5719509,경기 광명시가 재개발·재건축등 주택정비사업의 아파트 인동간격(隣棟間隔) 기준을완화했다고 14일 밝혔다. 시에 따르면 '광명시 건축조례'를 개정하고 건축물이나 구조물 사이의 거리(간격)를 규정하는 인동간격 기준을완화했다. 구체적으로완화된 기준을 적용받는 건축물은 채광창 등이 있는...,
재건축 완화,서울시의 소규모 재건축 용적률 한시적 완화… 실효성은 의문,https://www.newscj.com/news/articleView.html?idxno=3246603,"이번완화대상은 대규모 재개발·재건축이 아닌 ▲부지 1만㎡ 미만의 소규모재건축▲부지 5천㎡ 미만의 소규모 재개발 ▲36세대 미만의 자율주택정비사업 등이다. 그러나 이러한 사업들은 본래 높은 분담금과 낮은 비례율 문제로 인해 활성화되지 못했던 곳이 많다. 특히, 기존의 노후 주택을 개량하거나...",
재건축 완화,"광명시, 재개발·재건축 126가구 매입해 신혼부부·청년 등에 임대",https://view.asiae.co.kr/article/2025032010080542647,"이번 공급 물량은재건축·재개발 과정에서 조합이 용적률완화인센티브를 조건으로 제공한 주택을 표준건축비 기준 가격에 매입해 이를 임대주택으로 공급하는 것이다. 매입자금은 시가 광명도시공사에 출자한 150억원이 재원이다. 박승원 광명시장은 ""젊은 세대의 주거 부담을 낮추고 안정적인...",
재건축 완화,"[인터뷰] 김성철 부산재개발협회장 ""부산 건설경기 심각, 규제완화 요청""",http://www.hg-times.com/news/articleView.html?idxno=270676,"그중 공사비를 줄이고 사업성을 높일 수 있는 방법 중 하나가 규제완화다. 용적률과 재개발ㆍ재건축관련 공공기여 비율 등이 대표적이다. 본지와의 인터뷰에서 김성철 부산재개발협회장은 ""최근 부산 건설경기가 심각한 상황인데도 부산시는 오히려 규제들을 추가해 많은 현장들이 어려움을 겪고 있다""며 ""이에...",
재건축 완화,"금호두산, 1900가구 초대형 재건축 본격 추진",https://www.dnews.co.kr/uhtml/view.jsp?idxno=202503230933538240166,리모델링 접고재건축으로…주민설명회 첫 개최 3호선 금호역 초역세권 등 “종상향 조건 충족” 서울 성동구 금호동 금호두산 아파트가재건축... 최근 정부와 서울시의 정비사업 규제완화기조에 따라 금호두산은 정책 수혜단지로 부상했다. 준비위는 서울시의 정비사업 분야 규제철폐안 관련...,
재건축 완화,"[헬로 이슈토크] 11단지 재건축 확정, 목동 재건축 속도 내나?",http://news.lghellovision.net/news/articleView.html?idxno=500730,"탄력받는 목동재건축시장…규제완화효과? 이재국/ 엄격했던 '안전진단' 기준완화로 부담 줄어 정비구역 지정 전 조합설립추진위 구성 가능 신속통합 기획 통해 기존 약 2년 걸리던 심의를 6개월로 단축 2-1. 상반기내 14개 단지 정비 계획 공람 마무리 가능할까? 이재국/ ""정비구역 지정 이후에도 넘어야할 산...",
재건축 완화,군포 4.2 보궐선거 후보 3인 모두 재건축∙재개발 전면에 내세워,http://www.mediagunpo.co.kr/19508,"노후계획도시 정비 및 지원에 관한 특별법은 개별 주택단지들을 통합 정비하기 위해 특별정비구역을 지정하고재건축안전진단 면제 또는완화, 용적률 제한완화같은 인센티브를 제공하는 대신 그로 인한 초과 이익을 여러 형태의 공공기여로 환수하는 것이 골자다. 그밖에 성복임 후보는...",
재건축 완화,"재건축 조합직접설립, 상가분할·동의율 완화 '있으나마나'",http://www.arunews.com/news/articleView.html?idxno=48017,"하지만 대부분의재건축단지들이 정비구역 지정 전에 이미 상가 쪼개기에 나선다는 점을 감안하면 사실상완화조치를 적용 받을 수 없는 것이 현실이다. 결국 목동6단지의 경우 추진준비위와 상가 소유주간의 갈등이 해소됐지만, 다른 단지에서는 상가 동의 문제로 인해 조합설립이 불가능한 상황이 발생할 수...",
재건축 완화,"광명시, 재개발·재건축 아파트 간격 기준 완화 (B tv 한빛뉴스)",http://ch1.skbroadband.com/content/view?parent_no=24&content_no=59&p_no=179308,"광명시가 재개발·재건축등 주택정비사업에서 아파트 건축물 사이에 띄워야 하는 거리인 '인동간격' 기준을완화했다고 밝혔습니다. 이에따라 채광창 등이 있는 벽면으로부터 직각 방향으로 건축물 높이의 0.8배를 띄워야 했던 기준에서, 앞으로는 0.5배로완화된 기준을 적용받습니다. 광명시는 아파트 간격...",
재건축 완화,“여보 집값 오른대” 내집마련 상반기가 적기…재건축보다 신축이 유망 [부동산360],https://biz.heraldcorp.com/article/10442385?ref=naver,꾸준히 선호도가 높았던재건축보다는 신축 아파트가 유망하다는 의견도 제시됐다. 최근 계속된 공사비 갈등과 높은 추가 분담금 등으로재건축... 이 외에도 ▷주택 공급 부족 ▷국내외 경기 개선 ▷정부의 규제완화정책 ▷분양가 상승 등이 가격을 끌어올릴 것으로 봤다. 반대로 주택 매매가격이 하락할...,
재건축 완화,'쪼개기'에 발목 잡힌 재건축…상가 동의율 낮추면 빨라질까,https://news.tf.co.kr/read/economy/2189127.htm,또 동별(복리시설 포함) 소유자의 2분의 1 이상 동의를 받던 것을 복리시설(상가)에 대해서는 소유자의 3분의 1 이상으로완화된다. 현행법상 상가 전체를 하나의 동으로 본다. 이에 따라 업계에서는 조합설립 기간이 대폭 줄어들 것으로 기대하고 있다. 그동안재건축사업에서 주택 입주권을 획득하거나 상가...,
재건축 완화,오류동 소규모 재건축 현장 찾은 오세훈,https://www.news1.kr/photos/7183603,오세훈 서울시장이 17일 서울 구로구 오류동 소규모재건축현장을 둘러보고 있다. 서울시는 올해 5월부터 소규모 건축물의 용적률을 한시적으로완화하는 '규제철폐안 33호'를 적용할 방침이다. 첫 번째 적용 대상지는 서울 구로구 오류동 소규모재건축현장(화랑주택)이다. 이를 통해 서울시는 향후...,
재건축 완화,"오세훈, '소규모건축 용적률 한시완화' 첫 적용 오류동 재건축 현장 방문",http://www.lawissue.co.kr/view.php?ud=202503171631084438b3279dfb36_12,"오세훈 서울시장이 17일 소규모 건축물 용적률을 한시적으로완화하는 규제철폐안이 처음 적용되는 구로구 오류동 화랑주택재건축현장을 방문했다. 앞서 서울시는 지난 달 25일 제2·3종 일반주거지역의 소규모 건축물 용적률을 2종 200→250%, 3종 250→300%로 3년 동안완화하는 규제철폐안 33호를 발표한 바...",
재건축 완화,"민주 ""유산취득세는 부자 감세…집수리 하려는데 재건축 발표한 꼴""",https://www.newsis.com/view/NISX20250312_0003096520,"그는 ""지금 현장에서는 상속세 때문에 살던 집을 팔아야 하는 중산층들이 있다""며 ""정부는 중산층 세 부담완화를 위한 민주당의 배우자공제 10억원... 비유하자면 여당은 집수리를 하려고 하는 데 정부가 불쑥재건축계획을 발표한 꼴""이라고 주장했다. 안 의원은 ""정부여당 간에 서로 양립할 수 없는 대안을 두고...",
재건축 완화,"준주거지역, 아파트로 100% 지어도 OK…재건축 사업성 높인다[집슐랭]",https://www.sedaily.com/NewsView/2GQ8A0SPVI,"서울시는 비주거 기준완화로재건축·재개발 사업성이 높아질 것으로 전망하고 있다. 서울시는 13일 도시·건축공동위원회 결과 준주거·상업지역 비주거 기준 폐지, 용적률 체계 개편 등 제도 변화 반영을 위한 '도시관리계획 결정변경안'을 수정 가결했다고 밝혔다. 이는 오세훈 서울시장이 지난 1월 건설...",
재건축 완화,곳곳에서 갭투기… 강남서 토지거래허가제 완화하자 벌어진 일,https://www.thescoop.co.kr/news/articleView.html?idxno=305260,"서울시가 토지거래허가제를완화한 후 강남 3구를 중심으로 갭투기로 의심할 만한 거래가 가파르게 늘었다는 얘기다. ■ 토지거래허가 영향 분석 = 당초 서울에선 ▲대치ㆍ삼성ㆍ청담ㆍ잠실 등 국제교류복합지구 일대, ▲압구정ㆍ여의도ㆍ목동ㆍ성수 등 주요재건축단지...",
재건축 완화,"대우효령아파트, 예비안전진단 통과… 재건축 대열 합류",http://www.arunews.com/news/articleView.html?idxno=48018,"이 위원장은 ""올해부터 여러재건축 완화방안이 시행되는 만큼 최적의 진행방향을 검토해 추진해 나갈 것""이라며 ""가능하면 추진위원회 구성을 먼저 마친 뒤 정비계획 수립, 구역 지정 등 입안제안과 재건축진단을 동시에 준비하는 투트랙 전략도 검토 중이다""고 밝혔다 대우효령은 지하철2호선 방배역...",
재건축 완화,“재건축과 역차별”…재개발사업 무산ㆍ장기 지연 일쑤,https://www.dnews.co.kr/uhtml/view.jsp?idxno=202503181403248110552,"이후 2017년 법이 개정되면서 동의율이 모두 75% 이상으로 낮춰졌다가 지난 1월 법이 다시 개정되면서재건축만 70%로완화됐다. 재개발 사업이재건축보다 주택 공급을 원활하게 하는 가구 멸실 효과가 적고 사회 기반시설 개선이라는 공익적 효과가 더 큰데도, 재개발 조합 설립 동의 요건을그대로 둔 것은...",
재건축 완화,"중랑구, 망우1구역 공공재건축 정비계획변경(안) 고시",http://www.breaknews.com/1102825,"중랑구(구청장 류경기)가 추진하는 망우1구역 공공재건축정비계획변경(안)이 지난 20일 최종 확정·고시됐다.... 또한, 사업성 보정계수 2.0을 적용받아 기존 정비계획 대비 사업성이 크게 개선되면서 조합원의 재정적 부담이완화...",
재건축 완화,[주택공급 시스템 이대로 괜찮나]<1>재건축 선도지구ㆍ3기 신도시 등 속도내야,https://www.dnews.co.kr/uhtml/view.jsp?idxno=202503251045394260488,"업계 “규제완화ㆍ금융지원 등 시장 정상화방안 시급” “부동산시장 위축기에는 공공부문에서 더 적극적으로 나서야 원활한 주택공급과 함께... 정부의 공급확대 방안은 1기 신도시재건축선도지구 지정, 서울 서리풀 등 그리벨트 해제, 도심 내 공급확대를 위한재건축ㆍ재개발사업 규제개선, 3기 신도시 등...",
재건축 완화,"광명시, 건축조례 개정… 재개발·재건축 인동간격 기준 완화",https://sports.donga.com/region/article/all/20250315/131211882/1,"●광명시, 주택정비사업 인동간격완화… 0.8배→0.5배 광명시(시장 박승원)가 ‘광명시 건축조례’를 개정해 재개발·재건축등 주택정비사업에서 아파트 건축물 사이의 인동간격 기준을완화했다고 15일 밝혔다. ●인동간격 기준완화인동간격(隣棟間隔)은 건축물 사이의 거리를 의미한다. 광명시 건축조례...",
재건축 완화,준서울 광명 하안주공 재건축 '탄력',https://www.mk.co.kr/article/11268044,대부분 단지가 15층 높이의 중고층이라 기존 용적률로는 사업성이 떨어져재건축이 어렵다고 판단한 것으로 해석된다. 용적률과 높이 규제가완화되면 하안주공 아파트들은 기존보다 약 6000가구 늘어난 약 2만8000가구 규모 주거 단지로 변신하게 된다. 최고 높이 기준은 130ｍ로 제시됐다. 보통 아파트...,
재건축 완화,'오락가락' 부동산 정책…35일 만에 규제완화 없던 일로,http://www.metroseoul.co.kr/article/20250319500379,"말을 뒤집은 것은 물론 이전보다 지정 구역은 광범위하게 확대됐으며, 개발호재나재건축등 특정사유 없이 모든 아파트를 대상으로 했다. 전문가들은 비규제 지역으로의 풍선효과를 유발하고, 실수요자의 서울 내집마련을 더 어렵게 만드는 부작용을 초래할 것으로 우려했다. ◆ 광범위한 토허제 지정…추가도...",
재건축 완화,홍준표 “종부세 폐지하고 재산세 현실화해야…재건축부담금도 폐지하자”,https://biz.heraldcorp.com/article/10444583?ref=naver,"또 “부동산 거래도 좀 활발하게 할 수 있게 양도소득세를완화하고,재건축부담금은 다 폐지해야 한다”고 하기도 했다. 그는 “내 집에서 평생 사는데 30~40년이 되면 낡아진다. 내 집을 헐어서 좋은 집을 짓겠다는데재건축부담금을 내라”냐며 “(오래된 집에서) 여태 고생한 것도 억울한테 초과이익을 왜...",
재건축 완화,목동 신시가지 재건축 ‘속도’…공사비·인허가 등 ‘걸림돌’,https://www.ekn.kr/web/view.php?key=20250318024147499,"그러나 윤석열 정부가 노후계획도시법을 제정하고, 서울시가 도시정비법을완화하면서 목동재건축사업에 속도가 붙었다. 여기에 '똘똘한 한 채' 선호가 겹치며 목동 신시가지 일대 아파트 가격는 호가가 치솟고 신고가가 잇따르고 있다. 입지가 뛰어나다 알려진 7단지의 경우 121㎡(36평) 매물이 기존...",
재건축 완화,‘얼죽신’ 가고 ‘얼죽재(얼어 죽어도 재건축)’ 온다[집슐랭],https://www.sedaily.com/NewsView/2GQ8Q5FHGV,윤지해 부동산R114 수석연구원은 “재건축사업 규제가완화하면서 입지가 우수하고 사업성이 담보되는 구축 단지 위주로 수요가 집중될 수밖에 없을 것”이라며 “신축 공급이 한정적이어서 당분간 구축 아파트 가격은 신축 단지 가격과 연동되며 상승세가 이어질 것”이라고 전망했다.,
재건축 완화,"서울시, '도시정비 기본계획' 손본다…재개발·재건축 규제철폐 지원",https://www.newsis.com/view/NISX20250312_0003095316,재개발 ▲재건축▲주거환경개선사업의 기본방향을 제시하는 정비사업 부문 최상위 법정계획이다. 이번 변경안은 앞서 시가 지난 1~2월 속도감 있는 정비사업 추진을 위해 발표한 규제철폐안들을 담기 위한 것이다. 구체적으로 ▲도시규제지역에 대한 정비사업 공공기여 비율 추가완화(3호) ▲정비사업...,
재건축 완화,"여의도 재건축도 ‘잰걸음’, 분쟁 끝내고 속도 내는 주요 단지들",https://biz.chosun.com/real_estate/real_estate_general/2025/03/16/P3RJT5YCIJAGBLLIBX6QRIT63M/?utm_source=naver&utm_medium=original&utm_campaign=biz,일부 단지들은 규제완화에 맞춰 상업시설 최소화하고 주택 비중 높이는 방안을 검토 중이다. 실제로 여의도 광장아파트 1·2동재건축조합은재건축시 주택 비중을 최대 100%까지 높이는 방안을 검토 중인 것으로 알려졌다.재건축기대감이 커지면서 여의도 부동산 시장에 수요가 몰려 매물 감소현상이...,
재건축 완화,"보폭 넓히는 與잠룡… MB 만난 안철수, 재건축 찾은 오세훈, 조계사 방문 한동훈",https://www.seoul.co.kr/news/politics/2025/03/18/20250318009004?wlog_tag3=naver,오류동 화랑주택은 서울시가 지난달 제2·3종 일반주거지역의 소형 건축물 용적률을 3년 동안완화하는 내용의 규제 철폐안을 처음으로 적용한 현장이다. 오 시장은 “소규모 재개발 주택 사업이 활성화되면 적은 비용으로재건축·재개발을 해 불황을 이겨 낼 수 있다”고 강조했다. 김 장관은 건설업계 노사...,
